{"timestamp":"2026-04-30T21:30:02.098Z","level":"LOG","message":"◇ injected env (0) from .env // tip: ⌁ auth for agents [www.vestauth.com]"}
{"timestamp":"2026-04-30T21:30:02.620Z","level":"LOG","message":"🚀 Lokum Engine Running on port 3000"}
{"timestamp":"2026-04-30T21:48:33.670Z","level":"LOG","message":"Requested payment amount from app: €1"}
{"timestamp":"2026-04-30T21:49:20.226Z","level":"LOG","message":"Ticket emailed in en to ycankoc2004@gmail.com with subject: 🎟️ Your Ticket for LOKUM TEST"}
{"timestamp":"2026-04-30T23:33:49.621Z","level":"LOG","message":"◇ injected env (0) from .env // tip: ⌘ suppress logs { quiet: true }"}
{"timestamp":"2026-04-30T23:33:50.016Z","level":"LOG","message":"🚀 Lokum Engine Running on port 3000"}
{"timestamp":"2026-04-30T23:36:01.432Z","level":"LOG","message":"◇ injected env (0) from .env // tip: ⌘ override existing { override: true }"}
{"timestamp":"2026-04-30T23:36:01.919Z","level":"LOG","message":"🚀 Lokum Engine Running on port 3000"}
{"timestamp":"2026-05-01T01:37:08.328Z","level":"LOG","message":"◇ injected env (0) from .env // tip: ⌘ override existing { override: true }"}
{"timestamp":"2026-05-01T01:37:08.716Z","level":"LOG","message":"🚀 Lokum Engine Running on port 3000"}
{"timestamp":"2026-05-01T02:42:03.434Z","level":"LOG","message":"◇ injected env (0) from .env // tip: ◈ secrets for agents [www.dotenvx.com]"}
{"timestamp":"2026-05-01T02:42:03.922Z","level":"LOG","message":"🚀 Lokum Engine Running on port 3000"}
{"timestamp":"2026-05-01T03:11:22.016Z","level":"LOG","message":"◇ injected env (0) from .env // tip: ◈ secrets for agents [www.dotenvx.com]"}
{"timestamp":"2026-05-01T03:11:22.487Z","level":"LOG","message":"🚀 Lokum Engine Running on port 3000"}
{"timestamp":"2026-05-01T05:42:11.957Z","level":"LOG","message":"◇ injected env (0) from .env // tip: ⌘ custom filepath { path: '/custom/path/.env' }"}
{"timestamp":"2026-05-01T05:42:12.407Z","level":"LOG","message":"🚀 Lokum Engine Running on port 3000"}
{"timestamp":"2026-05-01T07:02:57.073Z","level":"LOG","message":"◇ injected env (0) from .env // tip: ⌘ override existing { override: true }"}
{"timestamp":"2026-05-01T07:02:57.487Z","level":"LOG","message":"🚀 Lokum Engine Running on port 3000"}
{"timestamp":"2026-05-01T10:12:07.858Z","level":"LOG","message":"◇ injected env (0) from .env // tip: ⌁ auth for agents [www.vestauth.com]"}
{"timestamp":"2026-05-01T10:12:08.326Z","level":"LOG","message":"🚀 Lokum Engine Running on port 3000"}
{"timestamp":"2026-05-01T11:00:03.258Z","level":"LOG","message":"Requested payment amount from app: €1"}
{"timestamp":"2026-05-01T11:04:06.844Z","level":"LOG","message":"Requested payment amount from app: €1"}
{"timestamp":"2026-05-01T11:28:04.091Z","level":"LOG","message":"◇ injected env (0) from .env // tip: ⌘ custom filepath { path: '/custom/path/.env' }"}
{"timestamp":"2026-05-01T11:28:04.730Z","level":"LOG","message":"🚀 Lokum Engine Running on port 3000"}
{"timestamp":"2026-05-01T11:31:38.021Z","level":"LOG","message":"Requested payment amount from app: €1"}
{"timestamp":"2026-05-01T11:36:27.588Z","level":"LOG","message":"Requested payment amount from app: €1"}
{"timestamp":"2026-05-01T11:37:08.489Z","level":"LOG","message":"Ticket emailed in en to ycankoc2004@gmail.com with subject: 🎟️ Your Ticket for LOKUM TEST"}
{"timestamp":"2026-05-01T11:38:06.374Z","level":"LOG","message":"◇ injected env (0) from .env // tip: ◈ secrets for agents [www.dotenvx.com]"}
{"timestamp":"2026-05-01T11:38:06.860Z","level":"LOG","message":"🚀 Lokum Engine Running on port 3000"}
{"timestamp":"2026-05-01T11:38:29.598Z","level":"LOG","message":"Requested payment amount from app: €1"}
{"timestamp":"2026-05-01T11:39:11.497Z","level":"LOG","message":"Ticket emailed in en to yasin.mazibas@hotmail.com with subject: 🎟️ Your Ticket for LOKUM TEST"}
{"timestamp":"2026-05-01T12:02:26.746Z","level":"LOG","message":"Ticket emailed in en to yunuscankoc25@gmail.com with subject: 🎟️ Your Ticket for LOKUM TEST"}
{"timestamp":"2026-05-01T12:04:51.295Z","level":"LOG","message":"Ticket emailed in en to ycankoc2004@gmail.com with subject: 🎟️ Your Ticket for LOKUM TEST"}
{"timestamp":"2026-05-01T12:32:57.870Z","level":"LOG","message":"◇ injected env (0) from .env // tip: ⌘ override existing { override: true }"}
{"timestamp":"2026-05-01T12:32:58.311Z","level":"LOG","message":"🚀 Lokum Engine Running on port 3000"}
{"timestamp":"2026-05-01T12:33:01.281Z","level":"LOG","message":"Ticket emailed in en to ycankoc2004@gmail.com with subject: 🎟️ Your Ticket for LOKUM TEST"}
{"timestamp":"2026-05-01T14:33:28.297Z","level":"LOG","message":"◇ injected env (0) from .env // tip: ◈ encrypted .env [www.dotenvx.com]"}
{"timestamp":"2026-05-01T14:33:28.815Z","level":"LOG","message":"🚀 Lokum Engine Running on port 3000"}
{"timestamp":"2026-05-01T16:47:09.809Z","level":"LOG","message":"◇ injected env (0) from .env // tip: ⌘ enable debugging { debug: true }"}
{"timestamp":"2026-05-01T16:47:09.809Z","level":"LOG","message":"◇ injected env (0) from .env // tip: ◈ secrets for agents [www.dotenvx.com]"}
{"timestamp":"2026-05-01T16:47:10.198Z","level":"LOG","message":"🚀 Lokum Engine Running on port 3000"}
{"timestamp":"2026-05-01T16:47:10.206Z","level":"LOG","message":"🚀 Lokum Engine Running on port 3000"}
{"timestamp":"2026-05-01T17:37:50.482Z","level":"LOG","message":"◇ injected env (0) from .env // tip: ◈ encrypted .env [www.dotenvx.com]"}
{"timestamp":"2026-05-01T17:37:50.873Z","level":"LOG","message":"🚀 Lokum Engine Running on port 3000"}
{"timestamp":"2026-05-01T18:36:26.583Z","level":"LOG","message":"◇ injected env (0) from .env // tip: ⌘ enable debugging { debug: true }"}
{"timestamp":"2026-05-01T18:36:27.099Z","level":"LOG","message":"🚀 Lokum Engine Running on port 3000"}
{"timestamp":"2026-05-01T18:50:03.161Z","level":"LOG","message":"◇ injected env (0) from .env // tip: ◈ secrets for agents [www.dotenvx.com]"}
{"timestamp":"2026-05-01T18:50:03.745Z","level":"LOG","message":"🚀 Lokum Engine Running on port 3000"}
{"timestamp":"2026-05-01T19:11:53.417Z","level":"LOG","message":"Requested payment amount from app: €10"}
{"timestamp":"2026-05-01T20:09:14.078Z","level":"LOG","message":"◇ injected env (0) from .env // tip: ◈ secrets for agents [www.dotenvx.com]"}
{"timestamp":"2026-05-01T20:09:14.485Z","level":"LOG","message":"🚀 Lokum Engine Running on port 3000"}
{"timestamp":"2026-05-01T21:06:24.093Z","level":"LOG","message":"◇ injected env (0) from .env // tip: ⌘ custom filepath { path: '/custom/path/.env' }"}
{"timestamp":"2026-05-01T21:06:24.525Z","level":"LOG","message":"🚀 Lokum Engine Running on port 3000"}
{"timestamp":"2026-05-01T22:16:20.404Z","level":"LOG","message":"◇ injected env (0) from .env // tip: ⌘ override existing { override: true }"}
{"timestamp":"2026-05-01T22:16:20.823Z","level":"LOG","message":"🚀 Lokum Engine Running on port 3000"}
{"timestamp":"2026-05-01T22:55:06.874Z","level":"LOG","message":"◇ injected env (0) from .env // tip: ⌘ override existing { override: true }"}
{"timestamp":"2026-05-01T22:55:07.265Z","level":"LOG","message":"🚀 Lokum Engine Running on port 3000"}
{"timestamp":"2026-05-01T23:58:42.667Z","level":"LOG","message":"◇ injected env (0) from .env // tip: ⌘ multiple files { path: ['.env.local', '.env'] }"}
{"timestamp":"2026-05-01T23:58:43.125Z","level":"LOG","message":"🚀 Lokum Engine Running on port 3000"}
{"timestamp":"2026-05-02T01:05:25.649Z","level":"LOG","message":"◇ injected env (0) from .env // tip: ⌁ auth for agents [www.vestauth.com]"}
{"timestamp":"2026-05-02T01:05:26.049Z","level":"LOG","message":"🚀 Lokum Engine Running on port 3000"}
{"timestamp":"2026-05-02T03:00:40.075Z","level":"LOG","message":"◇ injected env (0) from .env // tip: ⌘ suppress logs { quiet: true }"}
{"timestamp":"2026-05-02T03:00:40.495Z","level":"LOG","message":"🚀 Lokum Engine Running on port 3000"}
{"timestamp":"2026-05-02T05:16:10.443Z","level":"LOG","message":"◇ injected env (0) from .env // tip: ◈ secrets for agents [www.dotenvx.com]"}
{"timestamp":"2026-05-02T05:16:10.947Z","level":"LOG","message":"🚀 Lokum Engine Running on port 3000"}
{"timestamp":"2026-05-02T07:43:40.324Z","level":"LOG","message":"◇ injected env (0) from .env // tip: ⌘ custom filepath { path: '/custom/path/.env' }"}
{"timestamp":"2026-05-02T07:43:40.840Z","level":"LOG","message":"🚀 Lokum Engine Running on port 3000"}
{"timestamp":"2026-05-02T08:33:05.201Z","level":"LOG","message":"◇ injected env (0) from .env // tip: ⌘ custom filepath { path: '/custom/path/.env' }"}
{"timestamp":"2026-05-02T08:33:05.632Z","level":"LOG","message":"🚀 Lokum Engine Running on port 3000"}
{"timestamp":"2026-05-02T10:52:43.504Z","level":"LOG","message":"◇ injected env (0) from .env // tip: ◈ encrypted .env [www.dotenvx.com]"}
{"timestamp":"2026-05-02T10:52:43.976Z","level":"LOG","message":"🚀 Lokum Engine Running on port 3000"}
{"timestamp":"2026-05-02T11:59:27.229Z","level":"LOG","message":"◇ injected env (0) from .env // tip: ⌘ enable debugging { debug: true }"}
{"timestamp":"2026-05-02T11:59:27.702Z","level":"LOG","message":"🚀 Lokum Engine Running on port 3000"}
{"timestamp":"2026-05-02T12:31:29.942Z","level":"LOG","message":"◇ injected env (0) from .env // tip: ⌘ override existing { override: true }"}
{"timestamp":"2026-05-02T12:31:30.421Z","level":"LOG","message":"🚀 Lokum Engine Running on port 3000"}
{"timestamp":"2026-05-02T14:38:10.831Z","level":"LOG","message":"◇ injected env (0) from .env // tip: ◈ secrets for agents [www.dotenvx.com]"}
{"timestamp":"2026-05-02T14:38:11.323Z","level":"LOG","message":"🚀 Lokum Engine Running on port 3000"}
{"timestamp":"2026-05-02T15:42:48.000Z","level":"LOG","message":"◇ injected env (0) from .env // tip: ⌘ override existing { override: true }"}
{"timestamp":"2026-05-02T15:42:48.459Z","level":"LOG","message":"🚀 Lokum Engine Running on port 3000"}
{"timestamp":"2026-05-02T16:43:59.305Z","level":"LOG","message":"◇ injected env (0) from .env // tip: ⌘ suppress logs { quiet: true }"}
{"timestamp":"2026-05-02T16:43:59.765Z","level":"LOG","message":"🚀 Lokum Engine Running on port 3000"}
{"timestamp":"2026-05-02T17:11:34.091Z","level":"LOG","message":"◇ injected env (0) from .env // tip: ⌘ suppress logs { quiet: true }"}
{"timestamp":"2026-05-02T17:11:34.494Z","level":"LOG","message":"🚀 Lokum Engine Running on port 3000"}
{"timestamp":"2026-05-02T17:47:57.837Z","level":"LOG","message":"◇ injected env (0) from .env // tip: ◈ encrypted .env [www.dotenvx.com]"}
{"timestamp":"2026-05-02T17:47:58.267Z","level":"LOG","message":"🚀 Lokum Engine Running on port 3000"}
{"timestamp":"2026-05-02T18:14:20.003Z","level":"LOG","message":"◇ injected env (0) from .env // tip: ◈ encrypted .env [www.dotenvx.com]"}
{"timestamp":"2026-05-02T18:14:20.441Z","level":"LOG","message":"🚀 Lokum Engine Running on port 3000"}
{"timestamp":"2026-05-02T18:54:48.553Z","level":"LOG","message":"◇ injected env (0) from .env // tip: ⌘ override existing { override: true }"}
{"timestamp":"2026-05-02T18:54:48.998Z","level":"LOG","message":"🚀 Lokum Engine Running on port 3000"}
{"timestamp":"2026-05-02T19:56:12.852Z","level":"LOG","message":"◇ injected env (0) from .env // tip: ⌘ enable debugging { debug: true }"}
{"timestamp":"2026-05-02T19:56:13.325Z","level":"LOG","message":"🚀 Lokum Engine Running on port 3000"}
{"timestamp":"2026-05-02T20:20:14.015Z","level":"LOG","message":"◇ injected env (0) from .env // tip: ⌘ suppress logs { quiet: true }"}
{"timestamp":"2026-05-02T20:20:14.426Z","level":"LOG","message":"🚀 Lokum Engine Running on port 3000"}
{"timestamp":"2026-05-02T21:21:51.075Z","level":"LOG","message":"◇ injected env (0) from .env // tip: ⌘ suppress logs { quiet: true }"}
{"timestamp":"2026-05-02T21:21:51.546Z","level":"LOG","message":"🚀 Lokum Engine Running on port 3000"}
{"timestamp":"2026-05-02T22:53:11.175Z","level":"LOG","message":"◇ injected env (0) from .env // tip: ⌘ multiple files { path: ['.env.local', '.env'] }"}
{"timestamp":"2026-05-02T22:53:11.591Z","level":"LOG","message":"🚀 Lokum Engine Running on port 3000"}
{"timestamp":"2026-05-03T04:31:07.552Z","level":"LOG","message":"◇ injected env (0) from .env // tip: ⌘ enable debugging { debug: true }"}
{"timestamp":"2026-05-03T04:31:08.090Z","level":"LOG","message":"🚀 Lokum Engine Running on port 3000"}
{"timestamp":"2026-05-03T06:25:09.722Z","level":"LOG","message":"◇ injected env (0) from .env // tip: ◈ secrets for agents [www.dotenvx.com]"}
{"timestamp":"2026-05-03T06:25:10.184Z","level":"LOG","message":"🚀 Lokum Engine Running on port 3000"}
{"timestamp":"2026-05-03T08:03:20.241Z","level":"LOG","message":"◇ injected env (0) from .env // tip: ⌘ custom filepath { path: '/custom/path/.env' }"}
{"timestamp":"2026-05-03T08:03:20.693Z","level":"LOG","message":"🚀 Lokum Engine Running on port 3000"}
{"timestamp":"2026-05-03T08:11:53.053Z","level":"LOG","message":"◇ injected env (0) from .env // tip: ⌘ custom filepath { path: '/custom/path/.env' }"}
{"timestamp":"2026-05-03T08:11:53.490Z","level":"LOG","message":"🚀 Lokum Engine Running on port 3000"}
{"timestamp":"2026-05-03T09:56:58.159Z","level":"LOG","message":"◇ injected env (0) from .env // tip: ⌘ override existing { override: true }"}
{"timestamp":"2026-05-03T09:56:58.641Z","level":"LOG","message":"🚀 Lokum Engine Running on port 3000"}
{"timestamp":"2026-05-03T10:21:23.750Z","level":"LOG","message":"◇ injected env (0) from .env // tip: ⌘ custom filepath { path: '/custom/path/.env' }"}
{"timestamp":"2026-05-03T10:21:24.182Z","level":"LOG","message":"🚀 Lokum Engine Running on port 3000"}
{"timestamp":"2026-05-03T11:07:07.985Z","level":"LOG","message":"◇ injected env (0) from .env // tip: ◈ encrypted .env [www.dotenvx.com]"}
{"timestamp":"2026-05-03T11:07:08.412Z","level":"LOG","message":"🚀 Lokum Engine Running on port 3000"}
{"timestamp":"2026-05-03T11:30:39.527Z","level":"LOG","message":"◇ injected env (0) from .env // tip: ⌘ custom filepath { path: '/custom/path/.env' }"}
{"timestamp":"2026-05-03T11:30:40.001Z","level":"LOG","message":"🚀 Lokum Engine Running on port 3000"}
{"timestamp":"2026-05-03T12:28:43.350Z","level":"LOG","message":"◇ injected env (0) from .env // tip: ⌘ custom filepath { path: '/custom/path/.env' }"}
{"timestamp":"2026-05-03T12:28:43.826Z","level":"LOG","message":"🚀 Lokum Engine Running on port 3000"}
{"timestamp":"2026-05-03T12:50:27.253Z","level":"LOG","message":"◇ injected env (0) from .env // tip: ⌘ custom filepath { path: '/custom/path/.env' }"}
{"timestamp":"2026-05-03T12:50:27.684Z","level":"LOG","message":"🚀 Lokum Engine Running on port 3000"}
{"timestamp":"2026-05-03T12:56:12.907Z","level":"LOG","message":"Requested payment amount from app: €1"}
{"timestamp":"2026-05-03T12:56:38.106Z","level":"LOG","message":"Requested payment amount from app: €1"}
{"timestamp":"2026-05-03T12:58:18.203Z","level":"LOG","message":"Requested payment amount from app: €1"}
{"timestamp":"2026-05-03T13:14:29.280Z","level":"LOG","message":"Requested payment amount from app: €1"}
{"timestamp":"2026-05-03T13:27:35.049Z","level":"LOG","message":"Requested payment amount from app: €1"}
{"timestamp":"2026-05-03T13:27:47.903Z","level":"LOG","message":"Requested payment amount from app: €1"}
{"timestamp":"2026-05-03T13:27:56.459Z","level":"LOG","message":"Requested payment amount from app: €1"}
{"timestamp":"2026-05-03T13:28:07.944Z","level":"LOG","message":"Requested payment amount from app: €1"}
{"timestamp":"2026-05-03T13:30:21.239Z","level":"LOG","message":"◇ injected env (0) from .env // tip: ⌘ enable debugging { debug: true }"}
{"timestamp":"2026-05-03T13:30:21.737Z","level":"LOG","message":"🚀 Lokum Engine Running on port 3000"}
{"timestamp":"2026-05-03T13:32:31.684Z","level":"LOG","message":"Requested payment amount from app: €1"}
{"timestamp":"2026-05-03T13:32:48.742Z","level":"LOG","message":"Requested payment amount from app: €1"}
{"timestamp":"2026-05-03T13:38:52.835Z","level":"LOG","message":"Requested payment amount from app: €1"}
{"timestamp":"2026-05-03T14:27:14.288Z","level":"LOG","message":"◇ injected env (0) from .env // tip: ⌘ suppress logs { quiet: true }"}
{"timestamp":"2026-05-03T14:27:14.751Z","level":"LOG","message":"🚀 Lokum Engine Running on port 3000"}
{"timestamp":"2026-05-03T14:59:49.818Z","level":"LOG","message":"◇ injected env (0) from .env // tip: ◈ secrets for agents [www.dotenvx.com]"}
{"timestamp":"2026-05-03T14:59:50.228Z","level":"LOG","message":"🚀 Lokum Engine Running on port 3000"}
{"timestamp":"2026-05-03T15:35:14.789Z","level":"LOG","message":"◇ injected env (0) from .env // tip: ◈ secrets for agents [www.dotenvx.com]"}
{"timestamp":"2026-05-03T15:35:15.200Z","level":"LOG","message":"🚀 Lokum Engine Running on port 3000"}
{"timestamp":"2026-05-03T16:41:20.056Z","level":"LOG","message":"◇ injected env (0) from .env // tip: ⌘ override existing { override: true }"}
{"timestamp":"2026-05-03T16:41:20.583Z","level":"LOG","message":"🚀 Lokum Engine Running on port 3000"}
{"timestamp":"2026-05-03T16:42:49.969Z","level":"LOG","message":"◇ injected env (0) from .env // tip: ⌘ suppress logs { quiet: true }"}
{"timestamp":"2026-05-03T16:42:50.344Z","level":"LOG","message":"🚀 Lokum Engine Running on port 3000"}
{"timestamp":"2026-05-03T17:33:24.256Z","level":"LOG","message":"Requested payment amount from app: €15"}
{"timestamp":"2026-05-03T17:54:41.152Z","level":"LOG","message":"◇ injected env (0) from .env // tip: ⌘ multiple files { path: ['.env.local', '.env'] }"}
{"timestamp":"2026-05-03T17:54:41.536Z","level":"LOG","message":"🚀 Lokum Engine Running on port 3000"}
{"timestamp":"2026-05-03T18:05:48.968Z","level":"LOG","message":"◇ injected env (0) from .env // tip: ⌁ auth for agents [www.vestauth.com]"}
{"timestamp":"2026-05-03T18:05:49.383Z","level":"LOG","message":"🚀 Lokum Engine Running on port 3000"}
{"timestamp":"2026-05-03T18:23:59.410Z","level":"LOG","message":"Requested payment amount from app: €1"}
{"timestamp":"2026-05-03T18:24:15.626Z","level":"LOG","message":"Requested payment amount from app: €1"}
{"timestamp":"2026-05-03T18:24:35.504Z","level":"LOG","message":"Ticket emailed in tr to yunuscankoc25@gmail.com with subject: 🎟️ Lokum Event Biletiniz"}
{"timestamp":"2026-05-03T18:24:51.740Z","level":"LOG","message":"Ticket emailed in en to yasin.mazibas@hotmail.com with subject: 🎟️ Your Ticket for Lokum Event"}
{"timestamp":"2026-05-03T18:44:06.783Z","level":"LOG","message":"Requested payment amount from app: €15"}
{"timestamp":"2026-05-03T18:44:50.553Z","level":"LOG","message":"Ticket emailed in en to fusuy.ayiz@hotmail.com with subject: 🎟️ Your Ticket for Lokum Event"}
{"timestamp":"2026-05-03T18:44:59.568Z","level":"LOG","message":"Requested payment amount from app: €15"}
{"timestamp":"2026-05-03T18:46:00.867Z","level":"LOG","message":"Ticket emailed in en to leyan.demir@hotmail.com with subject: 🎟️ Your Ticket for Lokum Event"}
{"timestamp":"2026-05-03T18:47:14.539Z","level":"LOG","message":"Requested payment amount from app: €15"}
{"timestamp":"2026-05-03T18:48:18.323Z","level":"LOG","message":"Requested payment amount from app: €15"}
{"timestamp":"2026-05-03T18:50:33.538Z","level":"LOG","message":"Requested payment amount from app: €15"}
{"timestamp":"2026-05-03T18:51:35.255Z","level":"LOG","message":"Requested payment amount from app: €15"}
{"timestamp":"2026-05-03T18:52:34.637Z","level":"LOG","message":"Ticket emailed in en to sude.ayd62@gmail.com with subject: 🎟️ Your Ticket for Lokum Event"}
{"timestamp":"2026-05-03T18:53:03.235Z","level":"LOG","message":"Requested payment amount from app: €15"}
{"timestamp":"2026-05-03T18:53:26.356Z","level":"LOG","message":"Ticket emailed in en to ozgur.ozlem@hotmail.com with subject: 🎟️ Your Ticket for Lokum Event"}
{"timestamp":"2026-05-03T18:55:47.352Z","level":"LOG","message":"◇ injected env (0) from .env // tip: ⌘ enable debugging { debug: true }"}
{"timestamp":"2026-05-03T18:55:47.742Z","level":"LOG","message":"🚀 Lokum Engine Running on port 3000"}
{"timestamp":"2026-05-03T18:56:53.200Z","level":"LOG","message":"Requested payment amount from app: €15"}
{"timestamp":"2026-05-03T18:57:01.968Z","level":"LOG","message":"Requested payment amount from app: €15"}
{"timestamp":"2026-05-03T18:57:19.396Z","level":"LOG","message":"Ticket emailed in en to zeynepynl@outlook.com with subject: 🎟️ Your Ticket for Lokum Event"}
{"timestamp":"2026-05-03T18:57:41.312Z","level":"LOG","message":"Ticket emailed in en to mikailfb@hotmail.be with subject: 🎟️ Your Ticket for Lokum Event"}
{"timestamp":"2026-05-03T19:07:40.770Z","level":"LOG","message":"◇ injected env (0) from .env // tip: ◈ encrypted .env [www.dotenvx.com]"}
{"timestamp":"2026-05-03T19:07:41.166Z","level":"LOG","message":"🚀 Lokum Engine Running on port 3000"}
{"timestamp":"2026-05-03T19:07:41.187Z","level":"LOG","message":"Requested payment amount from app: €15"}
{"timestamp":"2026-05-03T19:07:56.129Z","level":"LOG","message":"Requested payment amount from app: €15"}
{"timestamp":"2026-05-03T19:08:05.910Z","level":"LOG","message":"Ticket emailed in en to iremkose-038@outlook.com with subject: 🎟️ Your Ticket for Lokum Event"}
{"timestamp":"2026-05-03T19:08:23.482Z","level":"LOG","message":"Requested payment amount from app: €15"}
{"timestamp":"2026-05-03T19:09:07.575Z","level":"LOG","message":"Ticket emailed in en to sinem-vicil@hotmail.be with subject: 🎟️ Your Ticket for Lokum Event"}
{"timestamp":"2026-05-03T19:09:31.282Z","level":"LOG","message":"Requested payment amount from app: €15"}
{"timestamp":"2026-05-03T19:09:38.896Z","level":"LOG","message":"Requested payment amount from app: €15"}
{"timestamp":"2026-05-03T19:10:08.302Z","level":"LOG","message":"Ticket emailed in en to ferhanyildirim1@icloud.com with subject: 🎟️ Your Ticket for Lokum Event"}
{"timestamp":"2026-05-03T19:10:14.582Z","level":"LOG","message":"Ticket emailed in en to meryem.etp15@gmail.com with subject: 🎟️ Your Ticket for Lokum Event"}
{"timestamp":"2026-05-03T19:10:55.949Z","level":"LOG","message":"Requested payment amount from app: €15"}
{"timestamp":"2026-05-03T19:12:55.351Z","level":"LOG","message":"Ticket emailed in en to mertyasinsamed@gmail.com with subject: 🎟️ Your Ticket for Lokum Event"}
{"timestamp":"2026-05-03T19:14:08.078Z","level":"LOG","message":"Requested payment amount from app: €15"}
{"timestamp":"2026-05-03T19:15:16.134Z","level":"LOG","message":"Ticket emailed in en to muzaffer.cesur4@gmail.com with subject: 🎟️ Your Ticket for Lokum Event"}
{"timestamp":"2026-05-03T19:16:48.804Z","level":"LOG","message":"Requested payment amount from app: €15"}
{"timestamp":"2026-05-03T19:17:28.151Z","level":"LOG","message":"Ticket emailed in en to mina.mazherh@gmail.com with subject: 🎟️ Your Ticket for Lokum Event"}
{"timestamp":"2026-05-03T19:19:07.848Z","level":"LOG","message":"Requested payment amount from app: €15"}
{"timestamp":"2026-05-03T19:20:40.862Z","level":"LOG","message":"Requested payment amount from app: €15"}
{"timestamp":"2026-05-03T19:27:25.595Z","level":"LOG","message":"Requested payment amount from app: €15"}
{"timestamp":"2026-05-03T19:28:17.136Z","level":"LOG","message":"Requested payment amount from app: €15"}
{"timestamp":"2026-05-03T19:29:00.358Z","level":"LOG","message":"Ticket emailed in en to sudenurgurel76@gmail.com with subject: 🎟️ Your Ticket for Lokum Event"}
{"timestamp":"2026-05-03T19:32:19.299Z","level":"LOG","message":"Requested payment amount from app: €15"}
{"timestamp":"2026-05-03T19:32:39.944Z","level":"LOG","message":"Requested payment amount from app: €15"}
{"timestamp":"2026-05-03T19:32:54.447Z","level":"LOG","message":"Requested payment amount from app: €15"}
{"timestamp":"2026-05-03T19:33:30.671Z","level":"LOG","message":"Requested payment amount from app: €15"}
{"timestamp":"2026-05-03T19:34:09.088Z","level":"LOG","message":"Ticket emailed in tr to aysenur67251@gmail.com with subject: 🎟️ Lokum Event Biletiniz"}
{"timestamp":"2026-05-03T19:34:14.867Z","level":"LOG","message":"Ticket emailed in en to sudederya19@icloud.com with subject: 🎟️ Your Ticket for Lokum Event"}
{"timestamp":"2026-05-03T19:36:08.333Z","level":"LOG","message":"Requested payment amount from app: €15"}
{"timestamp":"2026-05-03T19:38:06.585Z","level":"LOG","message":"Requested payment amount from app: €15"}
{"timestamp":"2026-05-03T19:49:11.186Z","level":"LOG","message":"Requested payment amount from app: €15"}
{"timestamp":"2026-05-03T19:49:52.462Z","level":"LOG","message":"Ticket emailed in en to elanurunal07@gmail.com with subject: 🎟️ Your Ticket for Lokum Event"}
{"timestamp":"2026-05-03T19:56:16.980Z","level":"LOG","message":"◇ injected env (0) from .env // tip: ⌘ suppress logs { quiet: true }"}
{"timestamp":"2026-05-03T19:56:17.446Z","level":"LOG","message":"🚀 Lokum Engine Running on port 3000"}
{"timestamp":"2026-05-03T19:57:16.131Z","level":"LOG","message":"Requested payment amount from app: €15"}
{"timestamp":"2026-05-03T20:08:54.880Z","level":"LOG","message":"Requested payment amount from app: €15"}
{"timestamp":"2026-05-03T20:24:00.009Z","level":"LOG","message":"Requested payment amount from app: €15"}
{"timestamp":"2026-05-03T20:24:34.089Z","level":"LOG","message":"Ticket emailed in en to burak.tepe@student.odisee.be with subject: 🎟️ Your Ticket for Lokum Event"}
{"timestamp":"2026-05-03T20:24:38.782Z","level":"LOG","message":"Requested payment amount from app: €15"}
{"timestamp":"2026-05-03T20:25:12.054Z","level":"LOG","message":"Ticket emailed in en to yusufduysak20042011@hotmail.com with subject: 🎟️ Your Ticket for Lokum Event"}
{"timestamp":"2026-05-03T20:25:54.009Z","level":"LOG","message":"Requested payment amount from app: €15"}
{"timestamp":"2026-05-03T20:26:32.940Z","level":"LOG","message":"Ticket emailed in en to Cakaltarla@gmail.com with subject: 🎟️ Your Ticket for Lokum Event"}
{"timestamp":"2026-05-03T20:34:45.773Z","level":"LOG","message":"◇ injected env (0) from .env // tip: ⌘ custom filepath { path: '/custom/path/.env' }"}
{"timestamp":"2026-05-03T20:34:46.232Z","level":"LOG","message":"🚀 Lokum Engine Running on port 3000"}
{"timestamp":"2026-05-03T20:34:46.257Z","level":"LOG","message":"Requested payment amount from app: €15"}
{"timestamp":"2026-05-03T20:37:39.740Z","level":"LOG","message":"Ticket emailed in en to tevhidecamur@icloud.com with subject: 🎟️ Your Ticket for Lokum Event"}
{"timestamp":"2026-05-03T21:00:34.801Z","level":"LOG","message":"◇ injected env (0) from .env // tip: ⌘ multiple files { path: ['.env.local', '.env'] }"}
{"timestamp":"2026-05-03T21:00:35.228Z","level":"LOG","message":"🚀 Lokum Engine Running on port 3000"}
{"timestamp":"2026-05-03T21:23:12.407Z","level":"LOG","message":"Requested payment amount from app: €15"}
{"timestamp":"2026-05-03T21:23:49.807Z","level":"LOG","message":"Ticket emailed in en to aleynaakkopru@gmail.com with subject: 🎟️ Your Ticket for Lokum Event"}
{"timestamp":"2026-05-03T21:24:18.936Z","level":"LOG","message":"Requested payment amount from app: €15"}
{"timestamp":"2026-05-03T21:25:14.201Z","level":"LOG","message":"Ticket emailed in tr to anil.cicek03@gmail.com with subject: 🎟️ Lokum Event Biletiniz"}
{"timestamp":"2026-05-03T21:51:24.010Z","level":"LOG","message":"Requested payment amount from app: €15"}
{"timestamp":"2026-05-03T21:52:02.643Z","level":"LOG","message":"Ticket emailed in en to eda76.ciftci01@gmail.com with subject: 🎟️ Your Ticket for Lokum Event"}
{"timestamp":"2026-05-03T22:09:07.383Z","level":"LOG","message":"◇ injected env (0) from .env // tip: ◈ encrypted .env [www.dotenvx.com]"}
{"timestamp":"2026-05-03T22:09:07.764Z","level":"LOG","message":"🚀 Lokum Engine Running on port 3000"}
{"timestamp":"2026-05-03T22:35:41.073Z","level":"LOG","message":"◇ injected env (0) from .env // tip: ⌘ suppress logs { quiet: true }"}
{"timestamp":"2026-05-03T22:35:41.508Z","level":"LOG","message":"🚀 Lokum Engine Running on port 3000"}
{"timestamp":"2026-05-03T23:24:49.452Z","level":"LOG","message":"◇ injected env (0) from .env // tip: ⌘ custom filepath { path: '/custom/path/.env' }"}
{"timestamp":"2026-05-03T23:24:49.872Z","level":"LOG","message":"🚀 Lokum Engine Running on port 3000"}
{"timestamp":"2026-05-04T00:06:37.465Z","level":"LOG","message":"◇ injected env (0) from .env // tip: ⌘ custom filepath { path: '/custom/path/.env' }"}
{"timestamp":"2026-05-04T00:06:37.861Z","level":"LOG","message":"🚀 Lokum Engine Running on port 3000"}
{"timestamp":"2026-05-04T00:25:37.012Z","level":"LOG","message":"◇ injected env (0) from .env // tip: ⌘ enable debugging { debug: true }"}
{"timestamp":"2026-05-04T00:25:37.444Z","level":"LOG","message":"🚀 Lokum Engine Running on port 3000"}
{"timestamp":"2026-05-04T02:11:21.577Z","level":"LOG","message":"◇ injected env (0) from .env // tip: ◈ encrypted .env [www.dotenvx.com]"}
{"timestamp":"2026-05-04T02:11:21.971Z","level":"LOG","message":"🚀 Lokum Engine Running on port 3000"}
{"timestamp":"2026-05-04T04:01:30.372Z","level":"LOG","message":"◇ injected env (0) from .env // tip: ◈ secrets for agents [www.dotenvx.com]"}
{"timestamp":"2026-05-04T04:01:30.868Z","level":"LOG","message":"🚀 Lokum Engine Running on port 3000"}
{"timestamp":"2026-05-04T04:57:02.839Z","level":"LOG","message":"◇ injected env (0) from .env // tip: ⌁ auth for agents [www.vestauth.com]"}
{"timestamp":"2026-05-04T04:57:03.269Z","level":"LOG","message":"🚀 Lokum Engine Running on port 3000"}
{"timestamp":"2026-05-04T05:05:02.688Z","level":"LOG","message":"◇ injected env (0) from .env // tip: ⌘ suppress logs { quiet: true }"}
{"timestamp":"2026-05-04T05:05:03.221Z","level":"LOG","message":"🚀 Lokum Engine Running on port 3000"}
{"timestamp":"2026-05-04T06:44:19.665Z","level":"LOG","message":"◇ injected env (0) from .env // tip: ⌁ auth for agents [www.vestauth.com]"}
{"timestamp":"2026-05-04T06:44:20.069Z","level":"LOG","message":"🚀 Lokum Engine Running on port 3000"}
{"timestamp":"2026-05-04T07:08:10.552Z","level":"LOG","message":"◇ injected env (0) from .env // tip: ◈ secrets for agents [www.dotenvx.com]"}
{"timestamp":"2026-05-04T07:08:11.008Z","level":"LOG","message":"🚀 Lokum Engine Running on port 3000"}
{"timestamp":"2026-05-04T08:29:54.843Z","level":"LOG","message":"◇ injected env (0) from .env // tip: ⌘ enable debugging { debug: true }"}
{"timestamp":"2026-05-04T08:29:55.280Z","level":"LOG","message":"🚀 Lokum Engine Running on port 3000"}
{"timestamp":"2026-05-04T09:31:42.232Z","level":"LOG","message":"◇ injected env (0) from .env // tip: ⌘ custom filepath { path: '/custom/path/.env' }"}
{"timestamp":"2026-05-04T09:31:42.658Z","level":"LOG","message":"🚀 Lokum Engine Running on port 3000"}
{"timestamp":"2026-05-04T09:34:25.392Z","level":"LOG","message":"◇ injected env (0) from .env // tip: ◈ encrypted .env [www.dotenvx.com]"}
{"timestamp":"2026-05-04T09:34:25.793Z","level":"LOG","message":"🚀 Lokum Engine Running on port 3000"}
{"timestamp":"2026-05-04T10:50:46.381Z","level":"LOG","message":"◇ injected env (0) from .env // tip: ⌁ auth for agents [www.vestauth.com]"}
{"timestamp":"2026-05-04T10:50:46.855Z","level":"LOG","message":"🚀 Lokum Engine Running on port 3000"}
{"timestamp":"2026-05-04T11:57:46.208Z","level":"LOG","message":"◇ injected env (0) from .env // tip: ⌘ suppress logs { quiet: true }"}
{"timestamp":"2026-05-04T11:57:46.803Z","level":"LOG","message":"🚀 Lokum Engine Running on port 3000"}
{"timestamp":"2026-05-04T13:06:06.951Z","level":"LOG","message":"◇ injected env (0) from .env // tip: ⌘ override existing { override: true }"}
{"timestamp":"2026-05-04T13:06:07.422Z","level":"LOG","message":"🚀 Lokum Engine Running on port 3000"}
{"timestamp":"2026-05-04T14:09:05.305Z","level":"LOG","message":"◇ injected env (0) from .env // tip: ⌘ custom filepath { path: '/custom/path/.env' }"}
{"timestamp":"2026-05-04T14:09:05.777Z","level":"LOG","message":"🚀 Lokum Engine Running on port 3000"}
{"timestamp":"2026-05-04T14:49:24.409Z","level":"LOG","message":"◇ injected env (0) from .env // tip: ◈ secrets for agents [www.dotenvx.com]"}
{"timestamp":"2026-05-04T14:49:24.802Z","level":"LOG","message":"🚀 Lokum Engine Running on port 3000"}
{"timestamp":"2026-05-04T15:33:54.389Z","level":"LOG","message":"◇ injected env (0) from .env // tip: ⌘ custom filepath { path: '/custom/path/.env' }"}
{"timestamp":"2026-05-04T15:33:54.808Z","level":"LOG","message":"🚀 Lokum Engine Running on port 3000"}
{"timestamp":"2026-05-04T16:23:29.613Z","level":"LOG","message":"Requested payment amount from app: €15"}
{"timestamp":"2026-05-04T16:24:02.161Z","level":"LOG","message":"Ticket emailed in en to omeralp.savasan@outlook.be with subject: 🎟️ Your Ticket for Lokum Event"}
{"timestamp":"2026-05-04T16:25:05.297Z","level":"LOG","message":"Requested payment amount from app: €15"}
{"timestamp":"2026-05-04T16:25:47.586Z","level":"LOG","message":"Ticket emailed in en to kamelya.gullu@icloud.com with subject: 🎟️ Your Ticket for Lokum Event"}
{"timestamp":"2026-05-04T16:51:13.183Z","level":"LOG","message":"◇ injected env (0) from .env // tip: ⌘ enable debugging { debug: true }"}
{"timestamp":"2026-05-04T16:51:13.685Z","level":"LOG","message":"🚀 Lokum Engine Running on port 3000"}
{"timestamp":"2026-05-04T18:05:59.242Z","level":"LOG","message":"◇ injected env (0) from .env // tip: ⌁ auth for agents [www.vestauth.com]"}
{"timestamp":"2026-05-04T18:05:59.650Z","level":"LOG","message":"🚀 Lokum Engine Running on port 3000"}
{"timestamp":"2026-05-04T18:06:18.019Z","level":"LOG","message":"Requested payment amount from app: €15"}
{"timestamp":"2026-05-04T18:25:56.419Z","level":"LOG","message":"◇ injected env (0) from .env // tip: ◈ secrets for agents [www.dotenvx.com]"}
{"timestamp":"2026-05-04T18:25:56.844Z","level":"LOG","message":"🚀 Lokum Engine Running on port 3000"}
{"timestamp":"2026-05-04T20:35:50.969Z","level":"LOG","message":"◇ injected env (0) from .env // tip: ⌁ auth for agents [www.vestauth.com]"}
{"timestamp":"2026-05-04T20:35:51.422Z","level":"LOG","message":"🚀 Lokum Engine Running on port 3000"}
{"timestamp":"2026-05-04T20:57:34.477Z","level":"LOG","message":"◇ injected env (0) from .env // tip: ⌘ custom filepath { path: '/custom/path/.env' }"}
{"timestamp":"2026-05-04T20:57:34.877Z","level":"LOG","message":"🚀 Lokum Engine Running on port 3000"}
{"timestamp":"2026-05-04T22:00:51.135Z","level":"LOG","message":"◇ injected env (0) from .env // tip: ⌘ custom filepath { path: '/custom/path/.env' }"}
{"timestamp":"2026-05-04T22:00:51.542Z","level":"LOG","message":"🚀 Lokum Engine Running on port 3000"}
{"timestamp":"2026-05-05T00:22:11.617Z","level":"LOG","message":"◇ injected env (0) from .env // tip: ⌘ suppress logs { quiet: true }"}
{"timestamp":"2026-05-05T00:22:12.089Z","level":"LOG","message":"🚀 Lokum Engine Running on port 3000"}
{"timestamp":"2026-05-05T06:28:14.696Z","level":"LOG","message":"◇ injected env (0) from .env // tip: ⌘ override existing { override: true }"}
{"timestamp":"2026-05-05T06:28:15.196Z","level":"LOG","message":"🚀 Lokum Engine Running on port 3000"}
{"timestamp":"2026-05-05T06:33:03.925Z","level":"LOG","message":"◇ injected env (0) from .env // tip: ⌘ multiple files { path: ['.env.local', '.env'] }"}
{"timestamp":"2026-05-05T06:33:04.366Z","level":"LOG","message":"🚀 Lokum Engine Running on port 3000"}
{"timestamp":"2026-05-05T07:42:22.328Z","level":"LOG","message":"◇ injected env (0) from .env // tip: ⌘ override existing { override: true }"}
{"timestamp":"2026-05-05T07:42:22.740Z","level":"LOG","message":"🚀 Lokum Engine Running on port 3000"}
{"timestamp":"2026-05-05T08:22:51.716Z","level":"LOG","message":"◇ injected env (0) from .env // tip: ⌘ suppress logs { quiet: true }"}
{"timestamp":"2026-05-05T08:22:52.102Z","level":"LOG","message":"🚀 Lokum Engine Running on port 3000"}
{"timestamp":"2026-05-05T09:53:41.530Z","level":"LOG","message":"◇ injected env (0) from .env // tip: ⌘ enable debugging { debug: true }"}
{"timestamp":"2026-05-05T09:53:41.958Z","level":"LOG","message":"🚀 Lokum Engine Running on port 3000"}
{"timestamp":"2026-05-05T10:02:04.327Z","level":"LOG","message":"◇ injected env (0) from .env // tip: ⌘ suppress logs { quiet: true }"}
{"timestamp":"2026-05-05T10:02:04.840Z","level":"LOG","message":"🚀 Lokum Engine Running on port 3000"}
{"timestamp":"2026-05-05T10:19:20.135Z","level":"LOG","message":"Requested payment amount from app: €15"}
{"timestamp":"2026-05-05T11:09:13.573Z","level":"LOG","message":"◇ injected env (0) from .env // tip: ⌁ auth for agents [www.vestauth.com]"}
{"timestamp":"2026-05-05T11:09:13.981Z","level":"LOG","message":"🚀 Lokum Engine Running on port 3000"}
{"timestamp":"2026-05-05T11:46:37.234Z","level":"LOG","message":"◇ injected env (0) from .env // tip: ◈ encrypted .env [www.dotenvx.com]"}
{"timestamp":"2026-05-05T11:46:37.645Z","level":"LOG","message":"🚀 Lokum Engine Running on port 3000"}
{"timestamp":"2026-05-05T12:14:00.279Z","level":"LOG","message":"◇ injected env (0) from .env // tip: ⌘ enable debugging { debug: true }"}
{"timestamp":"2026-05-05T12:14:00.826Z","level":"LOG","message":"🚀 Lokum Engine Running on port 3000"}
{"timestamp":"2026-05-05T12:33:41.175Z","level":"LOG","message":"Requested payment amount from app: €15"}
{"timestamp":"2026-05-05T12:34:17.977Z","level":"LOG","message":"Ticket emailed in en to tsa.antwerp@gmail.com with subject: 🎟️ Your Ticket for Lokum Event"}
{"timestamp":"2026-05-05T12:53:58.495Z","level":"LOG","message":"◇ injected env (0) from .env // tip: ◈ secrets for agents [www.dotenvx.com]"}
{"timestamp":"2026-05-05T12:53:58.899Z","level":"LOG","message":"🚀 Lokum Engine Running on port 3000"}
{"timestamp":"2026-05-05T14:07:34.773Z","level":"LOG","message":"◇ injected env (0) from .env // tip: ⌘ multiple files { path: ['.env.local', '.env'] }"}
{"timestamp":"2026-05-05T14:07:35.344Z","level":"LOG","message":"🚀 Lokum Engine Running on port 3000"}
{"timestamp":"2026-05-05T14:17:19.925Z","level":"LOG","message":"◇ injected env (0) from .env // tip: ⌘ multiple files { path: ['.env.local', '.env'] }"}
{"timestamp":"2026-05-05T14:17:20.360Z","level":"LOG","message":"🚀 Lokum Engine Running on port 3000"}
{"timestamp":"2026-05-05T15:18:32.144Z","level":"LOG","message":"◇ injected env (0) from .env // tip: ⌘ override existing { override: true }"}
{"timestamp":"2026-05-05T15:18:32.620Z","level":"LOG","message":"🚀 Lokum Engine Running on port 3000"}
{"timestamp":"2026-05-05T16:53:37.654Z","level":"LOG","message":"◇ injected env (0) from .env // tip: ◈ encrypted .env [www.dotenvx.com]"}
{"timestamp":"2026-05-05T16:53:38.041Z","level":"LOG","message":"🚀 Lokum Engine Running on port 3000"}
{"timestamp":"2026-05-05T17:18:42.714Z","level":"LOG","message":"◇ injected env (0) from .env // tip: ⌘ suppress logs { quiet: true }"}
{"timestamp":"2026-05-05T17:18:43.121Z","level":"LOG","message":"🚀 Lokum Engine Running on port 3000"}
{"timestamp":"2026-05-05T18:31:13.239Z","level":"LOG","message":"◇ injected env (0) from .env // tip: ⌁ auth for agents [www.vestauth.com]"}
{"timestamp":"2026-05-05T18:31:13.721Z","level":"LOG","message":"🚀 Lokum Engine Running on port 3000"}
{"timestamp":"2026-05-05T19:19:27.666Z","level":"LOG","message":"Requested payment amount from app: €15"}
{"timestamp":"2026-05-05T19:21:45.096Z","level":"LOG","message":"◇ injected env (0) from .env // tip: ◈ encrypted .env [www.dotenvx.com]"}
{"timestamp":"2026-05-05T19:21:45.498Z","level":"LOG","message":"🚀 Lokum Engine Running on port 3000"}
{"timestamp":"2026-05-05T19:21:48.987Z","level":"LOG","message":"Ticket emailed in en to ercanbeyza825@gmail.com with subject: 🎟️ Your Ticket for Lokum Event"}
{"timestamp":"2026-05-05T20:02:03.257Z","level":"LOG","message":"◇ injected env (0) from .env // tip: ⌘ multiple files { path: ['.env.local', '.env'] }"}
{"timestamp":"2026-05-05T20:02:03.700Z","level":"LOG","message":"🚀 Lokum Engine Running on port 3000"}
{"timestamp":"2026-05-05T21:33:28.108Z","level":"LOG","message":"◇ injected env (0) from .env // tip: ⌘ suppress logs { quiet: true }"}
{"timestamp":"2026-05-05T21:33:28.605Z","level":"LOG","message":"🚀 Lokum Engine Running on port 3000"}
{"timestamp":"2026-05-05T21:43:59.065Z","level":"LOG","message":"◇ injected env (0) from .env // tip: ⌘ multiple files { path: ['.env.local', '.env'] }"}
{"timestamp":"2026-05-05T21:43:59.482Z","level":"LOG","message":"🚀 Lokum Engine Running on port 3000"}
{"timestamp":"2026-05-05T22:40:01.124Z","level":"LOG","message":"Requested payment amount from app: €15"}
{"timestamp":"2026-05-05T23:28:07.357Z","level":"LOG","message":"◇ injected env (0) from .env // tip: ⌘ custom filepath { path: '/custom/path/.env' }"}
{"timestamp":"2026-05-05T23:28:07.751Z","level":"LOG","message":"🚀 Lokum Engine Running on port 3000"}
{"timestamp":"2026-05-05T23:29:37.331Z","level":"LOG","message":"Requested payment amount from app: €15"}
{"timestamp":"2026-05-05T23:30:30.745Z","level":"LOG","message":"◇ injected env (0) from .env // tip: ⌘ custom filepath { path: '/custom/path/.env' }"}
{"timestamp":"2026-05-05T23:30:31.137Z","level":"LOG","message":"🚀 Lokum Engine Running on port 3000"}
{"timestamp":"2026-05-05T23:30:34.053Z","level":"LOG","message":"Ticket emailed in en to aleyna.kose@student.kuleuven.be with subject: 🎟️ Your Ticket for Lokum Event"}
{"timestamp":"2026-05-06T01:36:11.299Z","level":"LOG","message":"◇ injected env (0) from .env // tip: ⌘ enable debugging { debug: true }"}
{"timestamp":"2026-05-06T01:36:11.763Z","level":"LOG","message":"🚀 Lokum Engine Running on port 3000"}
{"timestamp":"2026-05-06T02:46:19.768Z","level":"LOG","message":"◇ injected env (0) from .env // tip: ⌘ suppress logs { quiet: true }"}
{"timestamp":"2026-05-06T02:46:20.198Z","level":"LOG","message":"🚀 Lokum Engine Running on port 3000"}
{"timestamp":"2026-05-06T03:50:29.780Z","level":"LOG","message":"◇ injected env (0) from .env // tip: ⌘ enable debugging { debug: true }"}
{"timestamp":"2026-05-06T03:50:30.228Z","level":"LOG","message":"🚀 Lokum Engine Running on port 3000"}
{"timestamp":"2026-05-06T04:28:49.573Z","level":"LOG","message":"◇ injected env (0) from .env // tip: ⌘ override existing { override: true }"}
{"timestamp":"2026-05-06T04:28:49.961Z","level":"LOG","message":"🚀 Lokum Engine Running on port 3000"}
{"timestamp":"2026-05-06T06:40:34.764Z","level":"LOG","message":"◇ injected env (0) from .env // tip: ⌘ multiple files { path: ['.env.local', '.env'] }"}
{"timestamp":"2026-05-06T06:40:35.255Z","level":"LOG","message":"🚀 Lokum Engine Running on port 3000"}
{"timestamp":"2026-05-06T07:48:00.723Z","level":"LOG","message":"◇ injected env (0) from .env // tip: ⌘ override existing { override: true }"}
{"timestamp":"2026-05-06T07:48:01.279Z","level":"LOG","message":"🚀 Lokum Engine Running on port 3000"}
{"timestamp":"2026-05-06T09:06:32.588Z","level":"LOG","message":"◇ injected env (0) from .env // tip: ⌘ multiple files { path: ['.env.local', '.env'] }"}
{"timestamp":"2026-05-06T09:06:33.128Z","level":"LOG","message":"🚀 Lokum Engine Running on port 3000"}
{"timestamp":"2026-05-06T09:45:43.950Z","level":"LOG","message":"◇ injected env (0) from .env // tip: ⌘ enable debugging { debug: true }"}
{"timestamp":"2026-05-06T09:45:44.427Z","level":"LOG","message":"🚀 Lokum Engine Running on port 3000"}
{"timestamp":"2026-05-06T10:48:03.314Z","level":"LOG","message":"◇ injected env (0) from .env // tip: ⌘ enable debugging { debug: true }"}
{"timestamp":"2026-05-06T10:48:03.833Z","level":"LOG","message":"🚀 Lokum Engine Running on port 3000"}
{"timestamp":"2026-05-06T11:13:13.207Z","level":"LOG","message":"◇ injected env (0) from .env // tip: ⌁ auth for agents [www.vestauth.com]"}
{"timestamp":"2026-05-06T11:13:13.640Z","level":"LOG","message":"🚀 Lokum Engine Running on port 3000"}
{"timestamp":"2026-05-06T11:54:05.478Z","level":"LOG","message":"◇ injected env (0) from .env // tip: ⌘ multiple files { path: ['.env.local', '.env'] }"}
{"timestamp":"2026-05-06T11:54:05.949Z","level":"LOG","message":"🚀 Lokum Engine Running on port 3000"}
{"timestamp":"2026-05-06T11:55:58.146Z","level":"LOG","message":"Requested payment amount from app: €15"}
{"timestamp":"2026-05-06T11:56:34.107Z","level":"LOG","message":"Ticket emailed in en to Aysenur.malkoc@student.kuleuven.be with subject: 🎟️ Your Ticket for Lokum Event"}
{"timestamp":"2026-05-06T12:59:41.745Z","level":"LOG","message":"◇ injected env (0) from .env // tip: ◈ secrets for agents [www.dotenvx.com]"}
{"timestamp":"2026-05-06T12:59:42.277Z","level":"LOG","message":"🚀 Lokum Engine Running on port 3000"}
{"timestamp":"2026-05-06T14:00:47.110Z","level":"LOG","message":"◇ injected env (0) from .env // tip: ◈ secrets for agents [www.dotenvx.com]"}
{"timestamp":"2026-05-06T14:00:47.559Z","level":"LOG","message":"🚀 Lokum Engine Running on port 3000"}
{"timestamp":"2026-05-06T14:21:08.396Z","level":"LOG","message":"◇ injected env (0) from .env // tip: ⌘ custom filepath { path: '/custom/path/.env' }"}
{"timestamp":"2026-05-06T14:21:08.809Z","level":"LOG","message":"🚀 Lokum Engine Running on port 3000"}
{"timestamp":"2026-05-06T15:22:51.384Z","level":"LOG","message":"◇ injected env (0) from .env // tip: ⌘ override existing { override: true }"}
{"timestamp":"2026-05-06T15:22:51.863Z","level":"LOG","message":"🚀 Lokum Engine Running on port 3000"}
{"timestamp":"2026-05-06T15:26:38.563Z","level":"LOG","message":"Requested payment amount from app: €15"}
{"timestamp":"2026-05-06T15:27:22.822Z","level":"LOG","message":"◇ injected env (0) from .env // tip: ⌘ override existing { override: true }"}
{"timestamp":"2026-05-06T15:27:23.246Z","level":"LOG","message":"🚀 Lokum Engine Running on port 3000"}
{"timestamp":"2026-05-06T15:27:26.183Z","level":"LOG","message":"Ticket emailed in en to akasyaakcelik1@icloud.com with subject: 🎟️ Your Ticket for Lokum Event"}
{"timestamp":"2026-05-06T15:36:14.721Z","level":"LOG","message":"Requested payment amount from app: €15"}
{"timestamp":"2026-05-06T15:36:43.400Z","level":"LOG","message":"Ticket emailed in en to elmas.burhan80@gmail.com with subject: 🎟️ Your Ticket for Lokum Event"}
{"timestamp":"2026-05-06T16:01:09.514Z","level":"LOG","message":"Requested payment amount from app: €15"}
{"timestamp":"2026-05-06T16:01:38.554Z","level":"LOG","message":"Ticket emailed in en to sefermogul56@gmail.com with subject: 🎟️ Your Ticket for Lokum Event"}
{"timestamp":"2026-05-06T17:39:22.851Z","level":"LOG","message":"◇ injected env (0) from .env // tip: ⌁ auth for agents [www.vestauth.com]"}
{"timestamp":"2026-05-06T17:39:23.248Z","level":"LOG","message":"🚀 Lokum Engine Running on port 3000"}
{"timestamp":"2026-05-06T17:50:27.093Z","level":"LOG","message":"◇ injected env (0) from .env // tip: ⌘ enable debugging { debug: true }"}
{"timestamp":"2026-05-06T17:50:27.537Z","level":"LOG","message":"🚀 Lokum Engine Running on port 3000"}
{"timestamp":"2026-05-06T19:29:00.056Z","level":"LOG","message":"◇ injected env (0) from .env // tip: ⌘ enable debugging { debug: true }"}
{"timestamp":"2026-05-06T19:29:00.575Z","level":"LOG","message":"🚀 Lokum Engine Running on port 3000"}
{"timestamp":"2026-05-06T19:29:26.545Z","level":"LOG","message":"Requested payment amount from app: €15"}
{"timestamp":"2026-05-06T19:29:53.170Z","level":"LOG","message":"◇ injected env (0) from .env // tip: ⌁ auth for agents [www.vestauth.com]"}
{"timestamp":"2026-05-06T19:29:53.504Z","level":"LOG","message":"🚀 Lokum Engine Running on port 3000"}
{"timestamp":"2026-05-06T19:29:56.000Z","level":"LOG","message":"Ticket emailed in en to ranamola@hotmail.com with subject: 🎟️ Your Ticket for Lokum Event"}
{"timestamp":"2026-05-06T20:00:22.408Z","level":"LOG","message":"Requested payment amount from app: €15"}
{"timestamp":"2026-05-06T20:01:04.319Z","level":"LOG","message":"Ticket emailed in en to knrkeser@gmail.com with subject: 🎟️ Your Ticket for Lokum Event"}
{"timestamp":"2026-05-06T20:33:54.220Z","level":"LOG","message":"◇ injected env (0) from .env // tip: ⌘ enable debugging { debug: true }"}
{"timestamp":"2026-05-06T20:33:54.624Z","level":"LOG","message":"🚀 Lokum Engine Running on port 3000"}
{"timestamp":"2026-05-06T22:50:12.876Z","level":"LOG","message":"◇ injected env (0) from .env // tip: ⌘ suppress logs { quiet: true }"}
{"timestamp":"2026-05-06T22:50:13.279Z","level":"LOG","message":"🚀 Lokum Engine Running on port 3000"}
{"timestamp":"2026-05-07T00:49:17.066Z","level":"LOG","message":"◇ injected env (0) from .env // tip: ⌘ multiple files { path: ['.env.local', '.env'] }"}
{"timestamp":"2026-05-07T00:49:17.508Z","level":"LOG","message":"🚀 Lokum Engine Running on port 3000"}
{"timestamp":"2026-05-07T01:03:46.645Z","level":"LOG","message":"◇ injected env (0) from .env // tip: ⌘ custom filepath { path: '/custom/path/.env' }"}
{"timestamp":"2026-05-07T01:03:47.045Z","level":"LOG","message":"🚀 Lokum Engine Running on port 3000"}
{"timestamp":"2026-05-07T03:56:32.589Z","level":"LOG","message":"◇ injected env (0) from .env // tip: ⌘ enable debugging { debug: true }"}
{"timestamp":"2026-05-07T03:56:33.006Z","level":"LOG","message":"🚀 Lokum Engine Running on port 3000"}
{"timestamp":"2026-05-07T06:03:16.994Z","level":"LOG","message":"◇ injected env (0) from .env // tip: ⌘ enable debugging { debug: true }"}
{"timestamp":"2026-05-07T06:03:17.450Z","level":"LOG","message":"🚀 Lokum Engine Running on port 3000"}
{"timestamp":"2026-05-07T06:39:59.002Z","level":"LOG","message":"◇ injected env (0) from .env // tip: ◈ secrets for agents [www.dotenvx.com]"}
{"timestamp":"2026-05-07T06:39:59.494Z","level":"LOG","message":"🚀 Lokum Engine Running on port 3000"}
{"timestamp":"2026-05-07T08:10:33.230Z","level":"LOG","message":"◇ injected env (0) from .env // tip: ⌘ custom filepath { path: '/custom/path/.env' }"}
{"timestamp":"2026-05-07T08:10:33.680Z","level":"LOG","message":"🚀 Lokum Engine Running on port 3000"}
{"timestamp":"2026-05-07T08:47:58.544Z","level":"LOG","message":"◇ injected env (0) from .env // tip: ◈ secrets for agents [www.dotenvx.com]"}
{"timestamp":"2026-05-07T08:47:59.037Z","level":"LOG","message":"🚀 Lokum Engine Running on port 3000"}
{"timestamp":"2026-05-07T11:13:49.751Z","level":"LOG","message":"◇ injected env (0) from .env // tip: ⌘ override existing { override: true }"}
{"timestamp":"2026-05-07T11:13:50.152Z","level":"LOG","message":"🚀 Lokum Engine Running on port 3000"}
{"timestamp":"2026-05-07T12:46:57.302Z","level":"LOG","message":"◇ injected env (0) from .env // tip: ◈ secrets for agents [www.dotenvx.com]"}
{"timestamp":"2026-05-07T12:46:57.757Z","level":"LOG","message":"🚀 Lokum Engine Running on port 3000"}
{"timestamp":"2026-05-07T14:53:35.850Z","level":"LOG","message":"◇ injected env (0) from .env // tip: ⌘ custom filepath { path: '/custom/path/.env' }"}
{"timestamp":"2026-05-07T14:53:36.326Z","level":"LOG","message":"🚀 Lokum Engine Running on port 3000"}
{"timestamp":"2026-05-07T15:53:30.187Z","level":"LOG","message":"◇ injected env (0) from .env // tip: ⌘ enable debugging { debug: true }"}
{"timestamp":"2026-05-07T15:53:30.567Z","level":"LOG","message":"🚀 Lokum Engine Running on port 3000"}
{"timestamp":"2026-05-07T15:59:31.748Z","level":"LOG","message":"◇ injected env (0) from .env // tip: ⌘ suppress logs { quiet: true }"}
{"timestamp":"2026-05-07T15:59:32.131Z","level":"LOG","message":"🚀 Lokum Engine Running on port 3000"}
{"timestamp":"2026-05-07T17:34:35.825Z","level":"LOG","message":"◇ injected env (0) from .env // tip: ⌘ suppress logs { quiet: true }"}
{"timestamp":"2026-05-07T17:34:36.343Z","level":"LOG","message":"🚀 Lokum Engine Running on port 3000"}
{"timestamp":"2026-05-07T17:51:31.675Z","level":"LOG","message":"◇ injected env (0) from .env // tip: ⌘ suppress logs { quiet: true }"}
{"timestamp":"2026-05-07T17:51:32.130Z","level":"LOG","message":"🚀 Lokum Engine Running on port 3000"}
{"timestamp":"2026-05-07T17:53:33.696Z","level":"LOG","message":"Requested payment amount from app: €15"}
{"timestamp":"2026-05-07T17:54:27.204Z","level":"LOG","message":"Ticket emailed in en to turkan_aslan40@hotmail.com with subject: 🎟️ Your Ticket for Lokum Event"}
{"timestamp":"2026-05-07T18:03:07.995Z","level":"LOG","message":"Requested payment amount from app: €15"}
{"timestamp":"2026-05-07T18:03:42.288Z","level":"LOG","message":"Ticket emailed in en to emregokjob@gmail.com with subject: 🎟️ Your Ticket for Lokum Event"}
{"timestamp":"2026-05-07T18:35:44.267Z","level":"LOG","message":"◇ injected env (0) from .env // tip: ◈ secrets for agents [www.dotenvx.com]"}
{"timestamp":"2026-05-07T18:35:44.686Z","level":"LOG","message":"🚀 Lokum Engine Running on port 3000"}
{"timestamp":"2026-05-07T18:54:44.862Z","level":"LOG","message":"◇ injected env (0) from .env // tip: ⌘ suppress logs { quiet: true }"}
{"timestamp":"2026-05-07T18:54:45.257Z","level":"LOG","message":"🚀 Lokum Engine Running on port 3000"}
{"timestamp":"2026-05-07T19:20:04.881Z","level":"LOG","message":"Requested payment amount from app: €15"}
{"timestamp":"2026-05-07T19:20:36.191Z","level":"LOG","message":"Ticket emailed in en to sagiribrahim38@hotmail.com with subject: 🎟️ Your Ticket for Lokum Event"}
{"timestamp":"2026-05-07T19:33:23.612Z","level":"LOG","message":"Requested payment amount from app: €15"}
{"timestamp":"2026-05-07T19:33:39.951Z","level":"LOG","message":"Requested payment amount from app: €15"}
{"timestamp":"2026-05-07T19:34:21.361Z","level":"LOG","message":"Ticket emailed in en to hilal.acikgoz@vub.be with subject: 🎟️ Your Ticket for Lokum Event"}
{"timestamp":"2026-05-07T19:35:14.503Z","level":"LOG","message":"Requested payment amount from app: €15"}
{"timestamp":"2026-05-07T19:35:59.434Z","level":"LOG","message":"Ticket emailed in en to Havva.Atmaca@vub.be with subject: 🎟️ Your Ticket for Lokum Event"}
{"timestamp":"2026-05-07T19:36:03.474Z","level":"LOG","message":"◇ injected env (0) from .env // tip: ⌘ enable debugging { debug: true }"}
{"timestamp":"2026-05-07T19:36:03.905Z","level":"LOG","message":"🚀 Lokum Engine Running on port 3000"}
{"timestamp":"2026-05-07T20:44:15.617Z","level":"LOG","message":"◇ injected env (0) from .env // tip: ⌘ suppress logs { quiet: true }"}
{"timestamp":"2026-05-07T20:44:16.003Z","level":"LOG","message":"🚀 Lokum Engine Running on port 3000"}
{"timestamp":"2026-05-07T20:44:42.906Z","level":"LOG","message":"Requested payment amount from app: €15"}
{"timestamp":"2026-05-07T20:45:57.797Z","level":"LOG","message":"◇ injected env (0) from .env // tip: ◈ encrypted .env [www.dotenvx.com]"}
{"timestamp":"2026-05-07T20:45:58.187Z","level":"LOG","message":"🚀 Lokum Engine Running on port 3000"}
{"timestamp":"2026-05-07T20:46:00.854Z","level":"LOG","message":"Ticket emailed in fr to davud03.izci@gmail.com with subject: 🎟️ Votre billet pour Lokum Event"}
{"timestamp":"2026-05-07T20:56:43.705Z","level":"LOG","message":"Requested payment amount from app: €15"}
{"timestamp":"2026-05-07T20:57:23.005Z","level":"LOG","message":"Requested payment amount from app: €15"}
{"timestamp":"2026-05-07T20:57:33.228Z","level":"LOG","message":"Ticket emailed in en to cekicselenay002@gmail.com with subject: 🎟️ Your Ticket for Lokum Event"}
{"timestamp":"2026-05-07T20:59:22.624Z","level":"LOG","message":"Ticket emailed in en to coban.esra@hotmail.com with subject: 🎟️ Your Ticket for Lokum Event"}
{"timestamp":"2026-05-07T21:47:46.601Z","level":"LOG","message":"◇ injected env (0) from .env // tip: ⌘ suppress logs { quiet: true }"}
{"timestamp":"2026-05-07T21:47:46.996Z","level":"LOG","message":"🚀 Lokum Engine Running on port 3000"}
{"timestamp":"2026-05-07T21:49:23.097Z","level":"LOG","message":"Requested payment amount from app: €15"}
{"timestamp":"2026-05-07T21:49:59.864Z","level":"LOG","message":"◇ injected env (0) from .env // tip: ⌘ multiple files { path: ['.env.local', '.env'] }"}
{"timestamp":"2026-05-07T21:50:00.209Z","level":"LOG","message":"🚀 Lokum Engine Running on port 3000"}
{"timestamp":"2026-05-07T21:50:02.558Z","level":"LOG","message":"Ticket emailed in en to ulku.coban@icloud.com with subject: 🎟️ Your Ticket for Lokum Event"}
{"timestamp":"2026-05-07T22:49:56.572Z","level":"LOG","message":"◇ injected env (0) from .env // tip: ⌘ override existing { override: true }"}
{"timestamp":"2026-05-07T22:49:57.016Z","level":"LOG","message":"🚀 Lokum Engine Running on port 3000"}
{"timestamp":"2026-05-08T00:14:49.427Z","level":"LOG","message":"◇ injected env (0) from .env // tip: ⌘ enable debugging { debug: true }"}
{"timestamp":"2026-05-08T00:14:49.822Z","level":"LOG","message":"🚀 Lokum Engine Running on port 3000"}
{"timestamp":"2026-05-08T01:57:57.490Z","level":"LOG","message":"◇ injected env (0) from .env // tip: ⌘ suppress logs { quiet: true }"}
{"timestamp":"2026-05-08T01:57:57.869Z","level":"LOG","message":"🚀 Lokum Engine Running on port 3000"}
{"timestamp":"2026-05-08T03:13:04.191Z","level":"LOG","message":"◇ injected env (0) from .env // tip: ⌘ enable debugging { debug: true }"}
{"timestamp":"2026-05-08T03:13:04.611Z","level":"LOG","message":"🚀 Lokum Engine Running on port 3000"}
{"timestamp":"2026-05-08T04:42:29.601Z","level":"LOG","message":"◇ injected env (0) from .env // tip: ⌘ multiple files { path: ['.env.local', '.env'] }"}
{"timestamp":"2026-05-08T04:42:30.073Z","level":"LOG","message":"🚀 Lokum Engine Running on port 3000"}
{"timestamp":"2026-05-08T05:25:27.738Z","level":"LOG","message":"◇ injected env (0) from .env // tip: ⌁ auth for agents [www.vestauth.com]"}
{"timestamp":"2026-05-08T05:25:28.164Z","level":"LOG","message":"🚀 Lokum Engine Running on port 3000"}
{"timestamp":"2026-05-08T05:54:41.768Z","level":"LOG","message":"Requested payment amount from app: €15"}
{"timestamp":"2026-05-08T05:55:27.300Z","level":"LOG","message":"◇ injected env (0) from .env // tip: ⌘ override existing { override: true }"}
{"timestamp":"2026-05-08T05:55:27.733Z","level":"LOG","message":"🚀 Lokum Engine Running on port 3000"}
{"timestamp":"2026-05-08T05:55:30.826Z","level":"LOG","message":"Ticket emailed in en to kilinc.rabia@outlook.com with subject: 🎟️ Your Ticket for Lokum Event"}
{"timestamp":"2026-05-08T06:32:22.714Z","level":"LOG","message":"◇ injected env (0) from .env // tip: ◈ secrets for agents [www.dotenvx.com]"}
{"timestamp":"2026-05-08T06:32:23.137Z","level":"LOG","message":"🚀 Lokum Engine Running on port 3000"}
{"timestamp":"2026-05-08T06:33:36.249Z","level":"LOG","message":"Requested payment amount from app: €15"}
{"timestamp":"2026-05-08T07:29:27.755Z","level":"LOG","message":"◇ injected env (0) from .env // tip: ◈ encrypted .env [www.dotenvx.com]"}
{"timestamp":"2026-05-08T07:29:28.270Z","level":"LOG","message":"🚀 Lokum Engine Running on port 3000"}
{"timestamp":"2026-05-08T08:42:22.424Z","level":"LOG","message":"◇ injected env (0) from .env // tip: ⌘ enable debugging { debug: true }"}
{"timestamp":"2026-05-08T08:42:22.929Z","level":"LOG","message":"🚀 Lokum Engine Running on port 3000"}
{"timestamp":"2026-05-08T08:54:00.702Z","level":"LOG","message":"◇ injected env (0) from .env // tip: ⌘ enable debugging { debug: true }"}
{"timestamp":"2026-05-08T08:54:01.095Z","level":"LOG","message":"🚀 Lokum Engine Running on port 3000"}
{"timestamp":"2026-05-08T09:57:35.519Z","level":"LOG","message":"◇ injected env (0) from .env // tip: ⌘ multiple files { path: ['.env.local', '.env'] }"}
{"timestamp":"2026-05-08T09:57:35.972Z","level":"LOG","message":"🚀 Lokum Engine Running on port 3000"}
{"timestamp":"2026-05-08T10:02:50.115Z","level":"LOG","message":"Requested payment amount from app: €15"}
{"timestamp":"2026-05-08T10:03:28.616Z","level":"LOG","message":"◇ injected env (0) from .env // tip: ⌘ enable debugging { debug: true }"}
{"timestamp":"2026-05-08T10:03:29.046Z","level":"LOG","message":"🚀 Lokum Engine Running on port 3000"}
{"timestamp":"2026-05-08T10:03:32.235Z","level":"LOG","message":"Ticket emailed in en to n.keles23@hotmail.com with subject: 🎟️ Your Ticket for Lokum Event"}
{"timestamp":"2026-05-08T11:04:59.401Z","level":"LOG","message":"◇ injected env (0) from .env // tip: ⌘ enable debugging { debug: true }"}
{"timestamp":"2026-05-08T11:04:59.944Z","level":"LOG","message":"🚀 Lokum Engine Running on port 3000"}
{"timestamp":"2026-05-08T11:06:14.730Z","level":"LOG","message":"Requested payment amount from app: €15"}
{"timestamp":"2026-05-08T11:07:29.295Z","level":"LOG","message":"◇ injected env (0) from .env // tip: ◈ secrets for agents [www.dotenvx.com]"}
{"timestamp":"2026-05-08T11:07:29.761Z","level":"LOG","message":"🚀 Lokum Engine Running on port 3000"}
{"timestamp":"2026-05-08T11:07:33.195Z","level":"LOG","message":"Ticket emailed in en to fadime-mazibas@hotmail.com with subject: 🎟️ Your Ticket for Lokum Event"}
{"timestamp":"2026-05-08T11:50:32.442Z","level":"LOG","message":"Requested payment amount from app: €15"}
{"timestamp":"2026-05-08T11:51:05.721Z","level":"LOG","message":"Ticket emailed in en to yuksekgizem99@gmail.com with subject: 🎟️ Your Ticket for Lokum Event"}
{"timestamp":"2026-05-08T12:43:59.750Z","level":"LOG","message":"◇ injected env (0) from .env // tip: ⌘ enable debugging { debug: true }"}
{"timestamp":"2026-05-08T12:44:00.199Z","level":"LOG","message":"🚀 Lokum Engine Running on port 3000"}
{"timestamp":"2026-05-08T12:44:33.380Z","level":"LOG","message":"Requested payment amount from app: €15"}
{"timestamp":"2026-05-08T14:50:09.145Z","level":"LOG","message":"◇ injected env (0) from .env // tip: ⌘ custom filepath { path: '/custom/path/.env' }"}
{"timestamp":"2026-05-08T14:50:09.634Z","level":"LOG","message":"🚀 Lokum Engine Running on port 3000"}
{"timestamp":"2026-05-08T15:45:02.760Z","level":"LOG","message":"◇ injected env (0) from .env // tip: ◈ secrets for agents [www.dotenvx.com]"}
{"timestamp":"2026-05-08T15:45:03.304Z","level":"LOG","message":"🚀 Lokum Engine Running on port 3000"}
{"timestamp":"2026-05-08T16:52:43.637Z","level":"LOG","message":"◇ injected env (0) from .env // tip: ◈ encrypted .env [www.dotenvx.com]"}
{"timestamp":"2026-05-08T16:52:44.046Z","level":"LOG","message":"🚀 Lokum Engine Running on port 3000"}
{"timestamp":"2026-05-08T18:10:25.237Z","level":"LOG","message":"◇ injected env (0) from .env // tip: ⌘ suppress logs { quiet: true }"}
{"timestamp":"2026-05-08T18:10:25.630Z","level":"LOG","message":"🚀 Lokum Engine Running on port 3000"}
{"timestamp":"2026-05-08T19:11:33.674Z","level":"LOG","message":"◇ injected env (0) from .env // tip: ◈ secrets for agents [www.dotenvx.com]"}
{"timestamp":"2026-05-08T19:11:34.067Z","level":"LOG","message":"🚀 Lokum Engine Running on port 3000"}
{"timestamp":"2026-05-08T19:26:10.336Z","level":"LOG","message":"◇ injected env (0) from .env // tip: ⌘ suppress logs { quiet: true }"}
{"timestamp":"2026-05-08T19:26:10.760Z","level":"LOG","message":"🚀 Lokum Engine Running on port 3000"}
{"timestamp":"2026-05-08T21:05:45.451Z","level":"LOG","message":"◇ injected env (0) from .env // tip: ⌘ override existing { override: true }"}
{"timestamp":"2026-05-08T21:05:45.906Z","level":"LOG","message":"🚀 Lokum Engine Running on port 3000"}
{"timestamp":"2026-05-08T21:07:43.939Z","level":"LOG","message":"◇ injected env (0) from .env // tip: ⌘ custom filepath { path: '/custom/path/.env' }"}
{"timestamp":"2026-05-08T21:07:44.284Z","level":"LOG","message":"🚀 Lokum Engine Running on port 3000"}
{"timestamp":"2026-05-08T22:21:47.640Z","level":"LOG","message":"◇ injected env (0) from .env // tip: ◈ encrypted .env [www.dotenvx.com]"}
{"timestamp":"2026-05-08T22:21:48.046Z","level":"LOG","message":"🚀 Lokum Engine Running on port 3000"}
{"timestamp":"2026-05-08T23:53:21.521Z","level":"LOG","message":"◇ injected env (0) from .env // tip: ◈ encrypted .env [www.dotenvx.com]"}
{"timestamp":"2026-05-08T23:53:21.945Z","level":"LOG","message":"🚀 Lokum Engine Running on port 3000"}
{"timestamp":"2026-05-09T01:25:30.902Z","level":"LOG","message":"◇ injected env (0) from .env // tip: ◈ encrypted .env [www.dotenvx.com]"}
{"timestamp":"2026-05-09T01:25:31.347Z","level":"LOG","message":"🚀 Lokum Engine Running on port 3000"}
{"timestamp":"2026-05-09T01:43:53.297Z","level":"LOG","message":"◇ injected env (0) from .env // tip: ◈ encrypted .env [www.dotenvx.com]"}
{"timestamp":"2026-05-09T01:43:53.721Z","level":"LOG","message":"🚀 Lokum Engine Running on port 3000"}
{"timestamp":"2026-05-09T02:48:48.292Z","level":"LOG","message":"◇ injected env (0) from .env // tip: ⌘ custom filepath { path: '/custom/path/.env' }"}
{"timestamp":"2026-05-09T02:48:48.717Z","level":"LOG","message":"🚀 Lokum Engine Running on port 3000"}
{"timestamp":"2026-05-09T04:03:39.544Z","level":"LOG","message":"◇ injected env (0) from .env // tip: ⌁ auth for agents [www.vestauth.com]"}
{"timestamp":"2026-05-09T04:03:40.031Z","level":"LOG","message":"🚀 Lokum Engine Running on port 3000"}
{"timestamp":"2026-05-09T06:08:15.966Z","level":"LOG","message":"◇ injected env (0) from .env // tip: ⌘ multiple files { path: ['.env.local', '.env'] }"}
{"timestamp":"2026-05-09T06:08:16.416Z","level":"LOG","message":"🚀 Lokum Engine Running on port 3000"}
{"timestamp":"2026-05-09T07:41:04.091Z","level":"LOG","message":"◇ injected env (0) from .env // tip: ⌁ auth for agents [www.vestauth.com]"}
{"timestamp":"2026-05-09T07:41:04.628Z","level":"LOG","message":"🚀 Lokum Engine Running on port 3000"}
{"timestamp":"2026-05-09T09:29:58.828Z","level":"LOG","message":"◇ injected env (0) from .env // tip: ◈ secrets for agents [www.dotenvx.com]"}
{"timestamp":"2026-05-09T09:29:59.293Z","level":"LOG","message":"🚀 Lokum Engine Running on port 3000"}
{"timestamp":"2026-05-09T11:28:47.540Z","level":"LOG","message":"◇ injected env (0) from .env // tip: ⌘ multiple files { path: ['.env.local', '.env'] }"}
{"timestamp":"2026-05-09T11:28:47.984Z","level":"LOG","message":"🚀 Lokum Engine Running on port 3000"}
{"timestamp":"2026-05-09T12:34:23.359Z","level":"LOG","message":"◇ injected env (0) from .env // tip: ⌘ multiple files { path: ['.env.local', '.env'] }"}
{"timestamp":"2026-05-09T12:34:23.954Z","level":"LOG","message":"🚀 Lokum Engine Running on port 3000"}
{"timestamp":"2026-05-09T16:02:33.757Z","level":"LOG","message":"◇ injected env (0) from .env // tip: ◈ secrets for agents [www.dotenvx.com]"}
{"timestamp":"2026-05-09T16:02:34.185Z","level":"LOG","message":"🚀 Lokum Engine Running on port 3000"}
{"timestamp":"2026-05-09T16:26:55.629Z","level":"LOG","message":"◇ injected env (0) from .env // tip: ◈ encrypted .env [www.dotenvx.com]"}
{"timestamp":"2026-05-09T16:26:56.099Z","level":"LOG","message":"🚀 Lokum Engine Running on port 3000"}
{"timestamp":"2026-05-09T17:42:50.162Z","level":"LOG","message":"◇ injected env (0) from .env // tip: ⌘ multiple files { path: ['.env.local', '.env'] }"}
{"timestamp":"2026-05-09T17:42:50.582Z","level":"LOG","message":"🚀 Lokum Engine Running on port 3000"}
{"timestamp":"2026-05-09T19:26:06.854Z","level":"LOG","message":"◇ injected env (0) from .env // tip: ◈ encrypted .env [www.dotenvx.com]"}
{"timestamp":"2026-05-09T19:26:07.380Z","level":"LOG","message":"🚀 Lokum Engine Running on port 3000"}
{"timestamp":"2026-05-09T19:26:39.471Z","level":"LOG","message":"Requested payment amount from app: €15"}
{"timestamp":"2026-05-09T19:27:06.213Z","level":"LOG","message":"◇ injected env (0) from .env // tip: ◈ secrets for agents [www.dotenvx.com]"}
{"timestamp":"2026-05-09T19:27:06.613Z","level":"LOG","message":"🚀 Lokum Engine Running on port 3000"}
{"timestamp":"2026-05-09T19:27:09.113Z","level":"LOG","message":"Ticket emailed in en to yavsaliha@outlook.com with subject: 🎟️ Your Ticket for Lokum Event"}
{"timestamp":"2026-05-09T19:28:15.990Z","level":"LOG","message":"Requested payment amount from app: €15"}
{"timestamp":"2026-05-09T19:29:02.370Z","level":"LOG","message":"Ticket emailed in en to eyyubyvz@gmail.com with subject: 🎟️ Your Ticket for Lokum Event"}
{"timestamp":"2026-05-09T20:51:50.082Z","level":"LOG","message":"◇ injected env (0) from .env // tip: ◈ encrypted .env [www.dotenvx.com]"}
{"timestamp":"2026-05-09T20:51:50.479Z","level":"LOG","message":"🚀 Lokum Engine Running on port 3000"}
{"timestamp":"2026-05-09T20:56:40.690Z","level":"LOG","message":"◇ injected env (0) from .env // tip: ⌁ auth for agents [www.vestauth.com]"}
{"timestamp":"2026-05-09T20:56:41.079Z","level":"LOG","message":"🚀 Lokum Engine Running on port 3000"}
{"timestamp":"2026-05-09T21:53:27.009Z","level":"LOG","message":"◇ injected env (0) from .env // tip: ⌁ auth for agents [www.vestauth.com]"}
{"timestamp":"2026-05-09T21:53:27.487Z","level":"LOG","message":"🚀 Lokum Engine Running on port 3000"}
{"timestamp":"2026-05-09T22:58:00.207Z","level":"LOG","message":"◇ injected env (0) from .env // tip: ◈ encrypted .env [www.dotenvx.com]"}
{"timestamp":"2026-05-09T22:58:00.586Z","level":"LOG","message":"🚀 Lokum Engine Running on port 3000"}
{"timestamp":"2026-05-10T00:43:28.876Z","level":"LOG","message":"◇ injected env (0) from .env // tip: ◈ secrets for agents [www.dotenvx.com]"}
{"timestamp":"2026-05-10T00:43:29.342Z","level":"LOG","message":"🚀 Lokum Engine Running on port 3000"}
{"timestamp":"2026-05-10T01:32:13.245Z","level":"LOG","message":"◇ injected env (0) from .env // tip: ⌘ override existing { override: true }"}
{"timestamp":"2026-05-10T01:32:13.712Z","level":"LOG","message":"🚀 Lokum Engine Running on port 3000"}
{"timestamp":"2026-05-10T02:13:50.686Z","level":"LOG","message":"◇ injected env (0) from .env // tip: ⌘ multiple files { path: ['.env.local', '.env'] }"}
{"timestamp":"2026-05-10T02:13:51.088Z","level":"LOG","message":"🚀 Lokum Engine Running on port 3000"}
{"timestamp":"2026-05-10T06:24:56.743Z","level":"LOG","message":"◇ injected env (0) from .env // tip: ⌘ suppress logs { quiet: true }"}
{"timestamp":"2026-05-10T06:24:57.191Z","level":"LOG","message":"🚀 Lokum Engine Running on port 3000"}
{"timestamp":"2026-05-10T06:42:11.425Z","level":"LOG","message":"◇ injected env (0) from .env // tip: ⌘ multiple files { path: ['.env.local', '.env'] }"}
{"timestamp":"2026-05-10T06:42:11.827Z","level":"LOG","message":"🚀 Lokum Engine Running on port 3000"}
{"timestamp":"2026-05-10T07:48:30.489Z","level":"LOG","message":"◇ injected env (0) from .env // tip: ◈ secrets for agents [www.dotenvx.com]"}
{"timestamp":"2026-05-10T07:48:30.906Z","level":"LOG","message":"🚀 Lokum Engine Running on port 3000"}
{"timestamp":"2026-05-10T08:13:24.144Z","level":"LOG","message":"◇ injected env (0) from .env // tip: ⌘ multiple files { path: ['.env.local', '.env'] }"}
{"timestamp":"2026-05-10T08:13:24.577Z","level":"LOG","message":"🚀 Lokum Engine Running on port 3000"}
{"timestamp":"2026-05-10T10:02:46.824Z","level":"LOG","message":"◇ injected env (0) from .env // tip: ◈ encrypted .env [www.dotenvx.com]"}
{"timestamp":"2026-05-10T10:02:47.248Z","level":"LOG","message":"🚀 Lokum Engine Running on port 3000"}
{"timestamp":"2026-05-10T11:12:50.675Z","level":"LOG","message":"◇ injected env (0) from .env // tip: ⌘ enable debugging { debug: true }"}
{"timestamp":"2026-05-10T11:12:51.071Z","level":"LOG","message":"🚀 Lokum Engine Running on port 3000"}
{"timestamp":"2026-05-10T11:49:00.845Z","level":"LOG","message":"Requested payment amount from app: €15"}
{"timestamp":"2026-05-10T11:49:24.230Z","level":"LOG","message":"◇ injected env (0) from .env // tip: ◈ encrypted .env [www.dotenvx.com]"}
{"timestamp":"2026-05-10T11:49:24.702Z","level":"LOG","message":"🚀 Lokum Engine Running on port 3000"}
{"timestamp":"2026-05-10T11:49:27.278Z","level":"LOG","message":"Ticket emailed in en to aleyna.yslt@outlook.com with subject: 🎟️ Your Ticket for Lokum Event"}
{"timestamp":"2026-05-10T13:41:40.489Z","level":"LOG","message":"◇ injected env (0) from .env // tip: ⌁ auth for agents [www.vestauth.com]"}
{"timestamp":"2026-05-10T13:41:40.898Z","level":"LOG","message":"🚀 Lokum Engine Running on port 3000"}
{"timestamp":"2026-05-10T15:09:32.757Z","level":"LOG","message":"◇ injected env (0) from .env // tip: ⌘ multiple files { path: ['.env.local', '.env'] }"}
{"timestamp":"2026-05-10T15:09:33.227Z","level":"LOG","message":"🚀 Lokum Engine Running on port 3000"}
{"timestamp":"2026-05-10T16:05:08.024Z","level":"LOG","message":"◇ injected env (0) from .env // tip: ⌁ auth for agents [www.vestauth.com]"}
{"timestamp":"2026-05-10T16:05:08.466Z","level":"LOG","message":"🚀 Lokum Engine Running on port 3000"}
{"timestamp":"2026-05-10T16:34:43.469Z","level":"LOG","message":"◇ injected env (0) from .env // tip: ⌘ override existing { override: true }"}
{"timestamp":"2026-05-10T16:34:43.894Z","level":"LOG","message":"🚀 Lokum Engine Running on port 3000"}
{"timestamp":"2026-05-10T18:33:35.080Z","level":"LOG","message":"◇ injected env (0) from .env // tip: ⌘ multiple files { path: ['.env.local', '.env'] }"}
{"timestamp":"2026-05-10T18:33:35.530Z","level":"LOG","message":"🚀 Lokum Engine Running on port 3000"}
{"timestamp":"2026-05-10T18:38:56.869Z","level":"LOG","message":"◇ injected env (0) from .env // tip: ⌘ enable debugging { debug: true }"}
{"timestamp":"2026-05-10T18:38:57.259Z","level":"LOG","message":"🚀 Lokum Engine Running on port 3000"}
{"timestamp":"2026-05-10T19:56:07.095Z","level":"LOG","message":"◇ injected env (0) from .env // tip: ⌘ override existing { override: true }"}
{"timestamp":"2026-05-10T19:56:07.546Z","level":"LOG","message":"🚀 Lokum Engine Running on port 3000"}
{"timestamp":"2026-05-10T21:49:07.731Z","level":"LOG","message":"◇ injected env (0) from .env // tip: ◈ secrets for agents [www.dotenvx.com]"}
{"timestamp":"2026-05-10T21:49:08.193Z","level":"LOG","message":"🚀 Lokum Engine Running on port 3000"}
{"timestamp":"2026-05-11T01:47:02.201Z","level":"LOG","message":"◇ injected env (0) from .env // tip: ◈ secrets for agents [www.dotenvx.com]"}
{"timestamp":"2026-05-11T01:47:02.743Z","level":"LOG","message":"🚀 Lokum Engine Running on port 3000"}
{"timestamp":"2026-05-11T02:50:02.958Z","level":"LOG","message":"◇ injected env (0) from .env // tip: ⌘ enable debugging { debug: true }"}
{"timestamp":"2026-05-11T02:50:03.429Z","level":"LOG","message":"🚀 Lokum Engine Running on port 3000"}
{"timestamp":"2026-05-11T04:03:40.465Z","level":"LOG","message":"◇ injected env (0) from .env // tip: ◈ secrets for agents [www.dotenvx.com]"}
{"timestamp":"2026-05-11T04:03:40.864Z","level":"LOG","message":"🚀 Lokum Engine Running on port 3000"}
{"timestamp":"2026-05-11T05:10:34.728Z","level":"LOG","message":"◇ injected env (0) from .env // tip: ⌘ custom filepath { path: '/custom/path/.env' }"}
{"timestamp":"2026-05-11T05:10:35.167Z","level":"LOG","message":"🚀 Lokum Engine Running on port 3000"}
{"timestamp":"2026-05-11T08:42:32.830Z","level":"LOG","message":"◇ injected env (0) from .env // tip: ◈ encrypted .env [www.dotenvx.com]"}
{"timestamp":"2026-05-11T08:42:33.305Z","level":"LOG","message":"🚀 Lokum Engine Running on port 3000"}
{"timestamp":"2026-05-11T09:27:15.557Z","level":"LOG","message":"◇ injected env (0) from .env // tip: ⌘ custom filepath { path: '/custom/path/.env' }"}
{"timestamp":"2026-05-11T09:27:15.999Z","level":"LOG","message":"🚀 Lokum Engine Running on port 3000"}
{"timestamp":"2026-05-11T10:30:02.785Z","level":"LOG","message":"◇ injected env (0) from .env // tip: ⌘ multiple files { path: ['.env.local', '.env'] }"}
{"timestamp":"2026-05-11T10:30:03.346Z","level":"LOG","message":"🚀 Lokum Engine Running on port 3000"}
{"timestamp":"2026-05-11T10:34:40.583Z","level":"LOG","message":"Requested payment amount from app: €15"}
{"timestamp":"2026-05-11T10:35:15.923Z","level":"LOG","message":"◇ injected env (0) from .env // tip: ⌘ custom filepath { path: '/custom/path/.env' }"}
{"timestamp":"2026-05-11T10:35:16.344Z","level":"LOG","message":"🚀 Lokum Engine Running on port 3000"}
{"timestamp":"2026-05-11T10:35:19.106Z","level":"LOG","message":"Ticket emailed in en to busra.aydin00@icloud.com with subject: 🎟️ Your Ticket for Lokum Event"}
{"timestamp":"2026-05-11T11:50:23.363Z","level":"LOG","message":"◇ injected env (0) from .env // tip: ⌁ auth for agents [www.vestauth.com]"}
{"timestamp":"2026-05-11T11:50:23.824Z","level":"LOG","message":"🚀 Lokum Engine Running on port 3000"}
{"timestamp":"2026-05-11T13:14:28.964Z","level":"LOG","message":"◇ injected env (0) from .env // tip: ◈ secrets for agents [www.dotenvx.com]"}
{"timestamp":"2026-05-11T13:14:29.486Z","level":"LOG","message":"🚀 Lokum Engine Running on port 3000"}
{"timestamp":"2026-05-11T13:42:23.373Z","level":"LOG","message":"◇ injected env (0) from .env // tip: ◈ encrypted .env [www.dotenvx.com]"}
{"timestamp":"2026-05-11T13:42:23.829Z","level":"LOG","message":"🚀 Lokum Engine Running on port 3000"}
{"timestamp":"2026-05-11T15:12:13.293Z","level":"LOG","message":"◇ injected env (0) from .env // tip: ⌘ override existing { override: true }"}
{"timestamp":"2026-05-11T15:12:13.757Z","level":"LOG","message":"🚀 Lokum Engine Running on port 3000"}
{"timestamp":"2026-05-11T15:22:40.739Z","level":"LOG","message":"◇ injected env (0) from .env // tip: ◈ encrypted .env [www.dotenvx.com]"}
{"timestamp":"2026-05-11T15:22:41.224Z","level":"LOG","message":"🚀 Lokum Engine Running on port 3000"}
{"timestamp":"2026-05-11T16:39:54.477Z","level":"LOG","message":"◇ injected env (0) from .env // tip: ◈ encrypted .env [www.dotenvx.com]"}
{"timestamp":"2026-05-11T16:39:54.888Z","level":"LOG","message":"🚀 Lokum Engine Running on port 3000"}
{"timestamp":"2026-05-11T17:29:32.277Z","level":"LOG","message":"Requested payment amount from app: €15"}
{"timestamp":"2026-05-11T17:30:12.354Z","level":"LOG","message":"◇ injected env (0) from .env // tip: ⌘ enable debugging { debug: true }"}
{"timestamp":"2026-05-11T17:30:12.814Z","level":"LOG","message":"🚀 Lokum Engine Running on port 3000"}
{"timestamp":"2026-05-11T17:30:17.355Z","level":"LOG","message":"Ticket emailed in en to figenozkn@hotmail.com with subject: 🎟️ Your Ticket for Lokum Event"}
{"timestamp":"2026-05-11T18:15:24.627Z","level":"LOG","message":"◇ injected env (0) from .env // tip: ⌁ auth for agents [www.vestauth.com]"}
{"timestamp":"2026-05-11T18:15:25.074Z","level":"LOG","message":"🚀 Lokum Engine Running on port 3000"}
{"timestamp":"2026-05-11T18:16:17.380Z","level":"LOG","message":"Requested payment amount from app: €15"}
{"timestamp":"2026-05-11T18:17:00.802Z","level":"LOG","message":"Ticket emailed in tr to durmaz.dunya@hotmail.com with subject: 🎟️ Lokum Event Biletiniz"}
{"timestamp":"2026-05-11T19:06:20.572Z","level":"LOG","message":"◇ injected env (0) from .env // tip: ⌘ custom filepath { path: '/custom/path/.env' }"}
{"timestamp":"2026-05-11T19:06:21.137Z","level":"LOG","message":"🚀 Lokum Engine Running on port 3000"}
{"timestamp":"2026-05-11T21:30:23.349Z","level":"LOG","message":"◇ injected env (0) from .env // tip: ◈ secrets for agents [www.dotenvx.com]"}
{"timestamp":"2026-05-11T21:30:23.854Z","level":"LOG","message":"🚀 Lokum Engine Running on port 3000"}
{"timestamp":"2026-05-11T22:54:08.748Z","level":"LOG","message":"◇ injected env (0) from .env // tip: ◈ secrets for agents [www.dotenvx.com]"}
{"timestamp":"2026-05-11T22:54:09.139Z","level":"LOG","message":"🚀 Lokum Engine Running on port 3000"}
{"timestamp":"2026-05-11T23:32:40.335Z","level":"LOG","message":"◇ injected env (0) from .env // tip: ⌁ auth for agents [www.vestauth.com]"}
{"timestamp":"2026-05-11T23:32:40.714Z","level":"LOG","message":"🚀 Lokum Engine Running on port 3000"}
{"timestamp":"2026-05-12T00:16:35.060Z","level":"LOG","message":"◇ injected env (0) from .env // tip: ⌘ multiple files { path: ['.env.local', '.env'] }"}
{"timestamp":"2026-05-12T00:16:35.450Z","level":"LOG","message":"🚀 Lokum Engine Running on port 3000"}
{"timestamp":"2026-05-12T02:23:56.358Z","level":"LOG","message":"◇ injected env (0) from .env // tip: ⌘ override existing { override: true }"}
{"timestamp":"2026-05-12T02:23:56.811Z","level":"LOG","message":"🚀 Lokum Engine Running on port 3000"}
{"timestamp":"2026-05-12T07:35:59.971Z","level":"LOG","message":"◇ injected env (0) from .env // tip: ◈ secrets for agents [www.dotenvx.com]"}
{"timestamp":"2026-05-12T07:36:00.462Z","level":"LOG","message":"🚀 Lokum Engine Running on port 3000"}
{"timestamp":"2026-05-12T07:50:54.382Z","level":"LOG","message":"◇ injected env (0) from .env // tip: ◈ secrets for agents [www.dotenvx.com]"}
{"timestamp":"2026-05-12T07:50:54.787Z","level":"LOG","message":"🚀 Lokum Engine Running on port 3000"}
{"timestamp":"2026-05-12T08:03:32.906Z","level":"LOG","message":"Requested payment amount from app: €15"}
{"timestamp":"2026-05-12T08:04:03.234Z","level":"LOG","message":"Ticket emailed in en to sezerumran@outlook.com with subject: 🎟️ Your Ticket for Lokum Event"}
{"timestamp":"2026-05-12T08:41:27.383Z","level":"LOG","message":"◇ injected env (0) from .env // tip: ⌘ custom filepath { path: '/custom/path/.env' }"}
{"timestamp":"2026-05-12T08:41:27.794Z","level":"LOG","message":"🚀 Lokum Engine Running on port 3000"}
{"timestamp":"2026-05-12T09:02:47.705Z","level":"LOG","message":"◇ injected env (0) from .env // tip: ◈ secrets for agents [www.dotenvx.com]"}
{"timestamp":"2026-05-12T09:02:48.133Z","level":"LOG","message":"🚀 Lokum Engine Running on port 3000"}
{"timestamp":"2026-05-12T09:58:13.929Z","level":"LOG","message":"◇ injected env (0) from .env // tip: ⌘ enable debugging { debug: true }"}
{"timestamp":"2026-05-12T09:58:14.370Z","level":"LOG","message":"🚀 Lokum Engine Running on port 3000"}
{"timestamp":"2026-05-12T10:03:30.040Z","level":"LOG","message":"◇ injected env (0) from .env // tip: ⌘ suppress logs { quiet: true }"}
{"timestamp":"2026-05-12T10:03:30.457Z","level":"LOG","message":"🚀 Lokum Engine Running on port 3000"}
{"timestamp":"2026-05-12T11:00:03.375Z","level":"LOG","message":"◇ injected env (0) from .env // tip: ◈ encrypted .env [www.dotenvx.com]"}
{"timestamp":"2026-05-12T11:00:03.956Z","level":"LOG","message":"🚀 Lokum Engine Running on port 3000"}
{"timestamp":"2026-05-12T11:39:55.359Z","level":"LOG","message":"◇ injected env (0) from .env // tip: ⌘ custom filepath { path: '/custom/path/.env' }"}
{"timestamp":"2026-05-12T11:39:55.749Z","level":"LOG","message":"🚀 Lokum Engine Running on port 3000"}
{"timestamp":"2026-05-12T12:15:38.314Z","level":"LOG","message":"◇ injected env (0) from .env // tip: ⌘ multiple files { path: ['.env.local', '.env'] }"}
{"timestamp":"2026-05-12T12:15:38.815Z","level":"LOG","message":"🚀 Lokum Engine Running on port 3000"}
{"timestamp":"2026-05-12T12:59:20.709Z","level":"LOG","message":"◇ injected env (0) from .env // tip: ⌁ auth for agents [www.vestauth.com]"}
{"timestamp":"2026-05-12T12:59:21.156Z","level":"LOG","message":"🚀 Lokum Engine Running on port 3000"}
{"timestamp":"2026-05-12T14:18:17.896Z","level":"LOG","message":"◇ injected env (0) from .env // tip: ◈ encrypted .env [www.dotenvx.com]"}
{"timestamp":"2026-05-12T14:18:18.463Z","level":"LOG","message":"🚀 Lokum Engine Running on port 3000"}
{"timestamp":"2026-05-12T14:45:37.916Z","level":"LOG","message":"◇ injected env (0) from .env // tip: ⌁ auth for agents [www.vestauth.com]"}
{"timestamp":"2026-05-12T14:45:38.339Z","level":"LOG","message":"🚀 Lokum Engine Running on port 3000"}
{"timestamp":"2026-05-12T16:09:25.213Z","level":"LOG","message":"◇ injected env (0) from .env // tip: ⌘ override existing { override: true }"}
{"timestamp":"2026-05-12T16:09:25.753Z","level":"LOG","message":"🚀 Lokum Engine Running on port 3000"}
{"timestamp":"2026-05-12T16:25:41.596Z","level":"LOG","message":"◇ injected env (0) from .env // tip: ⌘ multiple files { path: ['.env.local', '.env'] }"}
{"timestamp":"2026-05-12T16:25:42.040Z","level":"LOG","message":"🚀 Lokum Engine Running on port 3000"}
{"timestamp":"2026-05-12T17:11:32.130Z","level":"LOG","message":"◇ injected env (0) from .env // tip: ⌘ override existing { override: true }"}
{"timestamp":"2026-05-12T17:11:32.568Z","level":"LOG","message":"🚀 Lokum Engine Running on port 3000"}
{"timestamp":"2026-05-12T17:44:51.571Z","level":"LOG","message":"◇ injected env (0) from .env // tip: ⌘ suppress logs { quiet: true }"}
{"timestamp":"2026-05-12T17:44:52.059Z","level":"LOG","message":"🚀 Lokum Engine Running on port 3000"}
{"timestamp":"2026-05-12T18:49:03.352Z","level":"LOG","message":"◇ injected env (0) from .env // tip: ⌘ multiple files { path: ['.env.local', '.env'] }"}
{"timestamp":"2026-05-12T18:49:03.783Z","level":"LOG","message":"🚀 Lokum Engine Running on port 3000"}
{"timestamp":"2026-05-12T19:02:35.977Z","level":"LOG","message":"◇ injected env (0) from .env // tip: ⌘ suppress logs { quiet: true }"}
{"timestamp":"2026-05-12T19:02:36.397Z","level":"LOG","message":"🚀 Lokum Engine Running on port 3000"}
{"timestamp":"2026-05-12T19:58:51.984Z","level":"LOG","message":"◇ injected env (0) from .env // tip: ◈ secrets for agents [www.dotenvx.com]"}
{"timestamp":"2026-05-12T19:58:52.492Z","level":"LOG","message":"🚀 Lokum Engine Running on port 3000"}
{"timestamp":"2026-05-12T20:08:31.834Z","level":"LOG","message":"◇ injected env (0) from .env // tip: ⌘ custom filepath { path: '/custom/path/.env' }"}
{"timestamp":"2026-05-12T20:08:32.260Z","level":"LOG","message":"🚀 Lokum Engine Running on port 3000"}
{"timestamp":"2026-05-12T21:54:45.064Z","level":"LOG","message":"◇ injected env (0) from .env // tip: ◈ secrets for agents [www.dotenvx.com]"}
{"timestamp":"2026-05-12T21:54:45.468Z","level":"LOG","message":"🚀 Lokum Engine Running on port 3000"}
{"timestamp":"2026-05-12T22:22:20.451Z","level":"LOG","message":"◇ injected env (0) from .env // tip: ⌘ multiple files { path: ['.env.local', '.env'] }"}
{"timestamp":"2026-05-12T22:22:20.828Z","level":"LOG","message":"🚀 Lokum Engine Running on port 3000"}
{"timestamp":"2026-05-12T23:19:39.919Z","level":"LOG","message":"◇ injected env (0) from .env // tip: ⌁ auth for agents [www.vestauth.com]"}
{"timestamp":"2026-05-12T23:19:40.322Z","level":"LOG","message":"🚀 Lokum Engine Running on port 3000"}
{"timestamp":"2026-05-13T00:47:20.997Z","level":"LOG","message":"◇ injected env (0) from .env // tip: ◈ encrypted .env [www.dotenvx.com]"}
{"timestamp":"2026-05-13T00:47:21.439Z","level":"LOG","message":"🚀 Lokum Engine Running on port 3000"}
{"timestamp":"2026-05-13T04:55:38.247Z","level":"LOG","message":"◇ injected env (0) from .env // tip: ⌘ override existing { override: true }"}
{"timestamp":"2026-05-13T04:55:38.631Z","level":"LOG","message":"🚀 Lokum Engine Running on port 3000"}
{"timestamp":"2026-05-13T06:39:25.749Z","level":"LOG","message":"◇ injected env (0) from .env // tip: ⌘ suppress logs { quiet: true }"}
{"timestamp":"2026-05-13T06:39:26.218Z","level":"LOG","message":"🚀 Lokum Engine Running on port 3000"}
{"timestamp":"2026-05-13T06:39:53.926Z","level":"LOG","message":"Requested payment amount from app: €15"}
{"timestamp":"2026-05-13T06:40:27.580Z","level":"LOG","message":"◇ injected env (0) from .env // tip: ⌘ custom filepath { path: '/custom/path/.env' }"}
{"timestamp":"2026-05-13T06:40:27.920Z","level":"LOG","message":"🚀 Lokum Engine Running on port 3000"}
{"timestamp":"2026-05-13T06:40:30.460Z","level":"LOG","message":"Ticket emailed in tr to aonurd@gmail.com with subject: 🎟️ Lokum Event Biletiniz"}
{"timestamp":"2026-05-13T07:41:42.536Z","level":"LOG","message":"◇ injected env (0) from .env // tip: ◈ encrypted .env [www.dotenvx.com]"}
{"timestamp":"2026-05-13T07:41:42.997Z","level":"LOG","message":"🚀 Lokum Engine Running on port 3000"}
{"timestamp":"2026-05-13T07:52:50.107Z","level":"LOG","message":"◇ injected env (0) from .env // tip: ⌘ suppress logs { quiet: true }"}
{"timestamp":"2026-05-13T07:52:50.514Z","level":"LOG","message":"🚀 Lokum Engine Running on port 3000"}
{"timestamp":"2026-05-13T08:57:49.664Z","level":"LOG","message":"◇ injected env (0) from .env // tip: ⌘ override existing { override: true }"}
{"timestamp":"2026-05-13T08:57:50.052Z","level":"LOG","message":"🚀 Lokum Engine Running on port 3000"}
{"timestamp":"2026-05-13T10:12:05.456Z","level":"LOG","message":"◇ injected env (0) from .env // tip: ⌘ custom filepath { path: '/custom/path/.env' }"}
{"timestamp":"2026-05-13T10:12:05.912Z","level":"LOG","message":"🚀 Lokum Engine Running on port 3000"}
{"timestamp":"2026-05-13T11:28:33.133Z","level":"LOG","message":"◇ injected env (0) from .env // tip: ◈ secrets for agents [www.dotenvx.com]"}
{"timestamp":"2026-05-13T11:28:33.539Z","level":"LOG","message":"🚀 Lokum Engine Running on port 3000"}
{"timestamp":"2026-05-13T11:45:55.454Z","level":"LOG","message":"◇ injected env (0) from .env // tip: ◈ encrypted .env [www.dotenvx.com]"}
{"timestamp":"2026-05-13T11:45:55.910Z","level":"LOG","message":"🚀 Lokum Engine Running on port 3000"}
{"timestamp":"2026-05-13T12:12:02.789Z","level":"LOG","message":"Requested payment amount from app: €15"}
{"timestamp":"2026-05-13T12:12:52.988Z","level":"LOG","message":"Ticket emailed in en to beyzayalmaz@gmail.com with subject: 🎟️ Your Ticket for Lokum Event"}
{"timestamp":"2026-05-13T12:13:01.170Z","level":"LOG","message":"Requested payment amount from app: €15"}
{"timestamp":"2026-05-13T12:13:50.448Z","level":"LOG","message":"Ticket emailed in en to shenasla01@gmail.com with subject: 🎟️ Your Ticket for Lokum Event"}
{"timestamp":"2026-05-13T14:41:33.367Z","level":"LOG","message":"◇ injected env (0) from .env // tip: ◈ secrets for agents [www.dotenvx.com]"}
{"timestamp":"2026-05-13T14:41:33.908Z","level":"LOG","message":"🚀 Lokum Engine Running on port 3000"}
{"timestamp":"2026-05-13T14:59:19.798Z","level":"LOG","message":"Requested payment amount from app: €15"}
{"timestamp":"2026-05-13T15:25:36.267Z","level":"LOG","message":"Requested payment amount from app: €15"}
{"timestamp":"2026-05-13T15:26:17.764Z","level":"LOG","message":"◇ injected env (0) from .env // tip: ◈ secrets for agents [www.dotenvx.com]"}
{"timestamp":"2026-05-13T15:26:18.165Z","level":"LOG","message":"🚀 Lokum Engine Running on port 3000"}
{"timestamp":"2026-05-13T15:26:18.969Z","level":"LOG","message":"Requested payment amount from app: €15"}
{"timestamp":"2026-05-13T15:26:20.686Z","level":"LOG","message":"Ticket emailed in en to koraaybaasaran@gmail.com with subject: 🎟️ Your Ticket for Lokum Event"}
{"timestamp":"2026-05-13T15:27:05.517Z","level":"LOG","message":"Ticket emailed in en to basharangiokay@gmail.com with subject: 🎟️ Your Ticket for Lokum Event"}
{"timestamp":"2026-05-13T15:39:21.167Z","level":"LOG","message":"Requested payment amount from app: €15"}
{"timestamp":"2026-05-13T15:55:38.699Z","level":"LOG","message":"◇ injected env (0) from .env // tip: ⌁ auth for agents [www.vestauth.com]"}
{"timestamp":"2026-05-13T15:55:39.119Z","level":"LOG","message":"🚀 Lokum Engine Running on port 3000"}
{"timestamp":"2026-05-13T16:44:42.697Z","level":"LOG","message":"◇ injected env (0) from .env // tip: ⌘ override existing { override: true }"}
{"timestamp":"2026-05-13T16:44:43.147Z","level":"LOG","message":"🚀 Lokum Engine Running on port 3000"}
{"timestamp":"2026-05-13T17:33:36.078Z","level":"LOG","message":"◇ injected env (0) from .env // tip: ⌘ override existing { override: true }"}
{"timestamp":"2026-05-13T17:33:36.479Z","level":"LOG","message":"🚀 Lokum Engine Running on port 3000"}
{"timestamp":"2026-05-13T17:33:52.157Z","level":"LOG","message":"Requested payment amount from app: €15"}
{"timestamp":"2026-05-13T17:35:44.504Z","level":"LOG","message":"Requested payment amount from app: €15"}
{"timestamp":"2026-05-13T18:28:28.833Z","level":"LOG","message":"◇ injected env (0) from .env // tip: ⌘ custom filepath { path: '/custom/path/.env' }"}
{"timestamp":"2026-05-13T18:28:29.226Z","level":"LOG","message":"🚀 Lokum Engine Running on port 3000"}
{"timestamp":"2026-05-13T18:37:44.586Z","level":"LOG","message":"◇ injected env (0) from .env // tip: ⌘ enable debugging { debug: true }"}
{"timestamp":"2026-05-13T18:37:44.980Z","level":"LOG","message":"🚀 Lokum Engine Running on port 3000"}
{"timestamp":"2026-05-13T19:53:03.764Z","level":"LOG","message":"◇ injected env (0) from .env // tip: ⌘ custom filepath { path: '/custom/path/.env' }"}
{"timestamp":"2026-05-13T19:53:04.243Z","level":"LOG","message":"🚀 Lokum Engine Running on port 3000"}
{"timestamp":"2026-05-13T21:15:29.219Z","level":"LOG","message":"◇ injected env (0) from .env // tip: ⌘ enable debugging { debug: true }"}
{"timestamp":"2026-05-13T21:15:29.734Z","level":"LOG","message":"🚀 Lokum Engine Running on port 3000"}
{"timestamp":"2026-05-13T22:24:28.798Z","level":"LOG","message":"◇ injected env (0) from .env // tip: ⌘ custom filepath { path: '/custom/path/.env' }"}
{"timestamp":"2026-05-13T22:24:29.176Z","level":"LOG","message":"🚀 Lokum Engine Running on port 3000"}
{"timestamp":"2026-05-13T22:35:20.693Z","level":"LOG","message":"◇ injected env (0) from .env // tip: ⌘ suppress logs { quiet: true }"}
{"timestamp":"2026-05-13T22:35:21.107Z","level":"LOG","message":"🚀 Lokum Engine Running on port 3000"}
{"timestamp":"2026-05-13T23:44:16.746Z","level":"LOG","message":"◇ injected env (0) from .env // tip: ⌘ suppress logs { quiet: true }"}
{"timestamp":"2026-05-13T23:44:17.127Z","level":"LOG","message":"🚀 Lokum Engine Running on port 3000"}
{"timestamp":"2026-05-13T23:55:26.258Z","level":"LOG","message":"◇ injected env (0) from .env // tip: ⌘ override existing { override: true }"}
{"timestamp":"2026-05-13T23:55:26.644Z","level":"LOG","message":"🚀 Lokum Engine Running on port 3000"}
{"timestamp":"2026-05-14T03:35:56.679Z","level":"LOG","message":"◇ injected env (0) from .env // tip: ◈ encrypted .env [www.dotenvx.com]"}
{"timestamp":"2026-05-14T03:35:57.109Z","level":"LOG","message":"🚀 Lokum Engine Running on port 3000"}
{"timestamp":"2026-05-14T04:06:28.456Z","level":"LOG","message":"◇ injected env (0) from .env // tip: ◈ encrypted .env [www.dotenvx.com]"}
{"timestamp":"2026-05-14T04:06:28.837Z","level":"LOG","message":"🚀 Lokum Engine Running on port 3000"}
{"timestamp":"2026-05-14T05:36:46.643Z","level":"LOG","message":"◇ injected env (0) from .env // tip: ⌘ multiple files { path: ['.env.local', '.env'] }"}
{"timestamp":"2026-05-14T05:36:47.057Z","level":"LOG","message":"🚀 Lokum Engine Running on port 3000"}
{"timestamp":"2026-05-14T06:42:20.081Z","level":"LOG","message":"◇ injected env (0) from .env // tip: ⌘ enable debugging { debug: true }"}
{"timestamp":"2026-05-14T06:42:20.528Z","level":"LOG","message":"🚀 Lokum Engine Running on port 3000"}
{"timestamp":"2026-05-14T06:48:05.820Z","level":"LOG","message":"◇ injected env (0) from .env // tip: ⌘ enable debugging { debug: true }"}
{"timestamp":"2026-05-14T06:48:06.217Z","level":"LOG","message":"🚀 Lokum Engine Running on port 3000"}
{"timestamp":"2026-05-14T08:04:12.426Z","level":"LOG","message":"◇ injected env (0) from .env // tip: ⌘ custom filepath { path: '/custom/path/.env' }"}
{"timestamp":"2026-05-14T08:04:12.926Z","level":"LOG","message":"🚀 Lokum Engine Running on port 3000"}
{"timestamp":"2026-05-14T08:13:22.327Z","level":"LOG","message":"◇ injected env (0) from .env // tip: ⌘ multiple files { path: ['.env.local', '.env'] }"}
{"timestamp":"2026-05-14T08:13:22.770Z","level":"LOG","message":"🚀 Lokum Engine Running on port 3000"}
{"timestamp":"2026-05-14T09:21:43.451Z","level":"LOG","message":"◇ injected env (0) from .env // tip: ⌘ multiple files { path: ['.env.local', '.env'] }"}
{"timestamp":"2026-05-14T09:21:43.969Z","level":"LOG","message":"🚀 Lokum Engine Running on port 3000"}
{"timestamp":"2026-05-14T10:31:45.700Z","level":"LOG","message":"◇ injected env (0) from .env // tip: ⌘ suppress logs { quiet: true }"}
{"timestamp":"2026-05-14T10:31:46.119Z","level":"LOG","message":"🚀 Lokum Engine Running on port 3000"}
{"timestamp":"2026-05-14T10:55:15.522Z","level":"LOG","message":"◇ injected env (0) from .env // tip: ⌘ override existing { override: true }"}
{"timestamp":"2026-05-14T10:55:15.964Z","level":"LOG","message":"🚀 Lokum Engine Running on port 3000"}
{"timestamp":"2026-05-14T12:07:01.072Z","level":"LOG","message":"◇ injected env (0) from .env // tip: ⌘ suppress logs { quiet: true }"}
{"timestamp":"2026-05-14T12:07:01.734Z","level":"LOG","message":"🚀 Lokum Engine Running on port 3000"}
{"timestamp":"2026-05-14T14:45:24.367Z","level":"LOG","message":"◇ injected env (0) from .env // tip: ⌘ multiple files { path: ['.env.local', '.env'] }"}
{"timestamp":"2026-05-14T14:45:24.793Z","level":"LOG","message":"🚀 Lokum Engine Running on port 3000"}
{"timestamp":"2026-05-14T16:20:41.670Z","level":"LOG","message":"◇ injected env (0) from .env // tip: ⌘ multiple files { path: ['.env.local', '.env'] }"}
{"timestamp":"2026-05-14T16:20:42.113Z","level":"LOG","message":"🚀 Lokum Engine Running on port 3000"}
{"timestamp":"2026-05-14T18:20:18.653Z","level":"LOG","message":"◇ injected env (0) from .env // tip: ⌘ custom filepath { path: '/custom/path/.env' }"}
{"timestamp":"2026-05-14T18:20:19.131Z","level":"LOG","message":"🚀 Lokum Engine Running on port 3000"}
{"timestamp":"2026-05-14T18:22:04.590Z","level":"LOG","message":"◇ injected env (0) from .env // tip: ⌘ suppress logs { quiet: true }"}
{"timestamp":"2026-05-14T18:22:04.939Z","level":"LOG","message":"🚀 Lokum Engine Running on port 3000"}
{"timestamp":"2026-05-14T20:27:25.216Z","level":"LOG","message":"◇ injected env (0) from .env // tip: ⌘ multiple files { path: ['.env.local', '.env'] }"}
{"timestamp":"2026-05-14T20:27:25.642Z","level":"LOG","message":"🚀 Lokum Engine Running on port 3000"}
{"timestamp":"2026-05-14T20:29:15.915Z","level":"LOG","message":"Requested payment amount from app: €15"}
{"timestamp":"2026-05-14T20:30:17.696Z","level":"LOG","message":"◇ injected env (0) from .env // tip: ◈ encrypted .env [www.dotenvx.com]"}
{"timestamp":"2026-05-14T20:30:18.135Z","level":"LOG","message":"🚀 Lokum Engine Running on port 3000"}
{"timestamp":"2026-05-14T20:30:21.163Z","level":"LOG","message":"Ticket emailed in en to osman.egri@hotmail.com with subject: 🎟️ Your Ticket for Lokum Event"}
{"timestamp":"2026-05-14T20:38:11.185Z","level":"LOG","message":"Requested payment amount from app: €15"}
{"timestamp":"2026-05-14T20:39:47.854Z","level":"LOG","message":"Ticket emailed in en to osman.egri@hotmail.com with subject: 🎟️ Your Ticket for Lokum Event"}
{"timestamp":"2026-05-14T20:43:19.500Z","level":"LOG","message":"Requested payment amount from app: €15"}
{"timestamp":"2026-05-14T20:43:36.968Z","level":"LOG","message":"Ticket emailed in en to osman.egri@hotmail.com with subject: 🎟️ Your Ticket for Lokum Event"}
{"timestamp":"2026-05-14T21:37:28.154Z","level":"LOG","message":"◇ injected env (0) from .env // tip: ⌘ enable debugging { debug: true }"}
{"timestamp":"2026-05-14T21:37:28.574Z","level":"LOG","message":"🚀 Lokum Engine Running on port 3000"}
{"timestamp":"2026-05-14T21:37:56.003Z","level":"LOG","message":"Requested payment amount from app: €15"}
{"timestamp":"2026-05-14T22:11:11.614Z","level":"LOG","message":"◇ injected env (0) from .env // tip: ⌘ override existing { override: true }"}
{"timestamp":"2026-05-14T22:11:12.054Z","level":"LOG","message":"🚀 Lokum Engine Running on port 3000"}
{"timestamp":"2026-05-14T23:33:40.750Z","level":"LOG","message":"◇ injected env (0) from .env // tip: ⌘ override existing { override: true }"}
{"timestamp":"2026-05-14T23:33:41.146Z","level":"LOG","message":"🚀 Lokum Engine Running on port 3000"}
{"timestamp":"2026-05-15T00:45:05.676Z","level":"LOG","message":"◇ injected env (0) from .env // tip: ⌁ auth for agents [www.vestauth.com]"}
{"timestamp":"2026-05-15T00:45:06.185Z","level":"LOG","message":"🚀 Lokum Engine Running on port 3000"}
{"timestamp":"2026-05-15T01:50:49.197Z","level":"LOG","message":"◇ injected env (0) from .env // tip: ◈ encrypted .env [www.dotenvx.com]"}
{"timestamp":"2026-05-15T01:50:49.592Z","level":"LOG","message":"🚀 Lokum Engine Running on port 3000"}
{"timestamp":"2026-05-15T03:19:11.854Z","level":"LOG","message":"◇ injected env (0) from .env // tip: ⌘ suppress logs { quiet: true }"}
{"timestamp":"2026-05-15T03:19:12.242Z","level":"LOG","message":"🚀 Lokum Engine Running on port 3000"}
{"timestamp":"2026-05-15T04:53:29.158Z","level":"LOG","message":"◇ injected env (0) from .env // tip: ⌘ suppress logs { quiet: true }"}
{"timestamp":"2026-05-15T04:53:29.596Z","level":"LOG","message":"🚀 Lokum Engine Running on port 3000"}
{"timestamp":"2026-05-15T07:52:04.600Z","level":"LOG","message":"◇ injected env (0) from .env // tip: ⌘ multiple files { path: ['.env.local', '.env'] }"}
{"timestamp":"2026-05-15T07:52:05.154Z","level":"LOG","message":"🚀 Lokum Engine Running on port 3000"}
{"timestamp":"2026-05-15T08:26:18.456Z","level":"LOG","message":"◇ injected env (0) from .env // tip: ⌘ multiple files { path: ['.env.local', '.env'] }"}
{"timestamp":"2026-05-15T08:26:18.878Z","level":"LOG","message":"🚀 Lokum Engine Running on port 3000"}
{"timestamp":"2026-05-15T09:23:15.125Z","level":"LOG","message":"◇ injected env (0) from .env // tip: ⌘ custom filepath { path: '/custom/path/.env' }"}
{"timestamp":"2026-05-15T09:23:15.559Z","level":"LOG","message":"🚀 Lokum Engine Running on port 3000"}
{"timestamp":"2026-05-15T09:35:14.601Z","level":"LOG","message":"◇ injected env (0) from .env // tip: ◈ encrypted .env [www.dotenvx.com]"}
{"timestamp":"2026-05-15T09:35:15.008Z","level":"LOG","message":"🚀 Lokum Engine Running on port 3000"}
{"timestamp":"2026-05-15T09:42:47.501Z","level":"LOG","message":"Requested payment amount from app: €15"}
{"timestamp":"2026-05-15T09:44:10.587Z","level":"LOG","message":"Ticket emailed in en to djansuergun@gmail.com with subject: 🎟️ Your Ticket for Lokum Event"}
{"timestamp":"2026-05-15T10:42:30.264Z","level":"LOG","message":"◇ injected env (0) from .env // tip: ⌘ enable debugging { debug: true }"}
{"timestamp":"2026-05-15T10:42:30.745Z","level":"LOG","message":"🚀 Lokum Engine Running on port 3000"}
{"timestamp":"2026-05-15T10:42:41.728Z","level":"LOG","message":"◇ injected env (0) from .env // tip: ⌘ suppress logs { quiet: true }"}
{"timestamp":"2026-05-15T10:42:42.088Z","level":"LOG","message":"🚀 Lokum Engine Running on port 3000"}
{"timestamp":"2026-05-15T12:15:35.697Z","level":"LOG","message":"◇ injected env (0) from .env // tip: ⌘ override existing { override: true }"}
{"timestamp":"2026-05-15T12:15:36.145Z","level":"LOG","message":"🚀 Lokum Engine Running on port 3000"}
{"timestamp":"2026-05-15T12:15:50.880Z","level":"LOG","message":"Requested payment amount from app: €15"}
{"timestamp":"2026-05-15T12:16:15.269Z","level":"LOG","message":"◇ injected env (0) from .env // tip: ⌘ suppress logs { quiet: true }"}
{"timestamp":"2026-05-15T12:16:15.593Z","level":"LOG","message":"🚀 Lokum Engine Running on port 3000"}
{"timestamp":"2026-05-15T12:16:18.255Z","level":"LOG","message":"Ticket emailed in en to aleynadagyaran@gmail.com with subject: 🎟️ Your Ticket for Lokum Event"}
{"timestamp":"2026-05-15T13:48:05.156Z","level":"LOG","message":"◇ injected env (0) from .env // tip: ◈ encrypted .env [www.dotenvx.com]"}
{"timestamp":"2026-05-15T13:48:05.685Z","level":"LOG","message":"🚀 Lokum Engine Running on port 3000"}
{"timestamp":"2026-05-15T13:49:13.830Z","level":"LOG","message":"Requested payment amount from app: €15"}
{"timestamp":"2026-05-15T13:49:59.166Z","level":"LOG","message":"◇ injected env (0) from .env // tip: ⌘ custom filepath { path: '/custom/path/.env' }"}
{"timestamp":"2026-05-15T13:49:59.494Z","level":"LOG","message":"🚀 Lokum Engine Running on port 3000"}
{"timestamp":"2026-05-15T13:50:02.420Z","level":"LOG","message":"Ticket emailed in fr to oz.hacer1999@gmail.com with subject: 🎟️ Votre billet pour Lokum Event"}
{"timestamp":"2026-05-15T14:50:43.656Z","level":"LOG","message":"◇ injected env (0) from .env // tip: ⌘ multiple files { path: ['.env.local', '.env'] }"}
{"timestamp":"2026-05-15T14:50:44.090Z","level":"LOG","message":"🚀 Lokum Engine Running on port 3000"}
{"timestamp":"2026-05-15T14:59:25.476Z","level":"LOG","message":"◇ injected env (0) from .env // tip: ⌁ auth for agents [www.vestauth.com]"}
{"timestamp":"2026-05-15T14:59:25.900Z","level":"LOG","message":"🚀 Lokum Engine Running on port 3000"}
{"timestamp":"2026-05-15T16:24:10.237Z","level":"LOG","message":"◇ injected env (0) from .env // tip: ⌘ custom filepath { path: '/custom/path/.env' }"}
{"timestamp":"2026-05-15T16:24:10.649Z","level":"LOG","message":"🚀 Lokum Engine Running on port 3000"}
{"timestamp":"2026-05-15T16:36:46.650Z","level":"LOG","message":"Requested payment amount from app: €15"}
{"timestamp":"2026-05-15T16:37:21.414Z","level":"LOG","message":"◇ injected env (0) from .env // tip: ⌘ suppress logs { quiet: true }"}
{"timestamp":"2026-05-15T16:37:21.827Z","level":"LOG","message":"🚀 Lokum Engine Running on port 3000"}
{"timestamp":"2026-05-15T16:37:24.626Z","level":"LOG","message":"Ticket emailed in en to hilaldagyaran@gmail.com with subject: 🎟️ Your Ticket for Lokum Event"}
{"timestamp":"2026-05-15T17:52:01.102Z","level":"LOG","message":"◇ injected env (0) from .env // tip: ⌘ custom filepath { path: '/custom/path/.env' }"}
{"timestamp":"2026-05-15T17:52:01.498Z","level":"LOG","message":"🚀 Lokum Engine Running on port 3000"}
{"timestamp":"2026-05-15T17:58:00.590Z","level":"LOG","message":"◇ injected env (0) from .env // tip: ⌘ suppress logs { quiet: true }"}
{"timestamp":"2026-05-15T17:58:01.010Z","level":"LOG","message":"🚀 Lokum Engine Running on port 3000"}
{"timestamp":"2026-05-15T20:09:24.688Z","level":"LOG","message":"◇ injected env (0) from .env // tip: ⌁ auth for agents [www.vestauth.com]"}
{"timestamp":"2026-05-15T20:09:25.151Z","level":"LOG","message":"🚀 Lokum Engine Running on port 3000"}
{"timestamp":"2026-05-15T20:13:57.212Z","level":"LOG","message":"◇ injected env (0) from .env // tip: ◈ encrypted .env [www.dotenvx.com]"}
{"timestamp":"2026-05-15T20:13:57.615Z","level":"LOG","message":"🚀 Lokum Engine Running on port 3000"}
{"timestamp":"2026-05-15T22:12:52.188Z","level":"LOG","message":"◇ injected env (0) from .env // tip: ◈ encrypted .env [www.dotenvx.com]"}
{"timestamp":"2026-05-15T22:12:52.686Z","level":"LOG","message":"🚀 Lokum Engine Running on port 3000"}
{"timestamp":"2026-05-16T00:18:51.707Z","level":"LOG","message":"◇ injected env (0) from .env // tip: ⌘ custom filepath { path: '/custom/path/.env' }"}
{"timestamp":"2026-05-16T00:18:52.181Z","level":"LOG","message":"🚀 Lokum Engine Running on port 3000"}
{"timestamp":"2026-05-16T01:52:13.140Z","level":"LOG","message":"◇ injected env (0) from .env // tip: ⌘ custom filepath { path: '/custom/path/.env' }"}
{"timestamp":"2026-05-16T01:52:13.560Z","level":"LOG","message":"🚀 Lokum Engine Running on port 3000"}
{"timestamp":"2026-05-16T05:08:20.063Z","level":"LOG","message":"◇ injected env (0) from .env // tip: ⌘ override existing { override: true }"}
{"timestamp":"2026-05-16T05:08:20.558Z","level":"LOG","message":"🚀 Lokum Engine Running on port 3000"}
{"timestamp":"2026-05-16T06:11:27.496Z","level":"LOG","message":"◇ injected env (0) from .env // tip: ◈ secrets for agents [www.dotenvx.com]"}
{"timestamp":"2026-05-16T06:11:27.924Z","level":"LOG","message":"🚀 Lokum Engine Running on port 3000"}
{"timestamp":"2026-05-16T07:42:50.838Z","level":"LOG","message":"◇ injected env (0) from .env // tip: ⌁ auth for agents [www.vestauth.com]"}
{"timestamp":"2026-05-16T07:42:51.247Z","level":"LOG","message":"🚀 Lokum Engine Running on port 3000"}
{"timestamp":"2026-05-16T07:49:44.165Z","level":"LOG","message":"◇ injected env (0) from .env // tip: ⌘ custom filepath { path: '/custom/path/.env' }"}
{"timestamp":"2026-05-16T07:49:44.557Z","level":"LOG","message":"🚀 Lokum Engine Running on port 3000"}
{"timestamp":"2026-05-16T08:52:18.562Z","level":"LOG","message":"◇ injected env (0) from .env // tip: ⌘ custom filepath { path: '/custom/path/.env' }"}
{"timestamp":"2026-05-16T08:52:18.975Z","level":"LOG","message":"🚀 Lokum Engine Running on port 3000"}
{"timestamp":"2026-05-16T10:30:32.144Z","level":"LOG","message":"◇ injected env (0) from .env // tip: ⌁ auth for agents [www.vestauth.com]"}
{"timestamp":"2026-05-16T10:30:32.619Z","level":"LOG","message":"🚀 Lokum Engine Running on port 3000"}
{"timestamp":"2026-05-16T12:21:46.564Z","level":"LOG","message":"◇ injected env (0) from .env // tip: ◈ encrypted .env [www.dotenvx.com]"}
{"timestamp":"2026-05-16T12:21:47.020Z","level":"LOG","message":"🚀 Lokum Engine Running on port 3000"}
{"timestamp":"2026-05-16T12:33:20.212Z","level":"LOG","message":"◇ injected env (0) from .env // tip: ◈ encrypted .env [www.dotenvx.com]"}
{"timestamp":"2026-05-16T12:33:20.669Z","level":"LOG","message":"🚀 Lokum Engine Running on port 3000"}
{"timestamp":"2026-05-16T13:07:53.108Z","level":"LOG","message":"Requested payment amount from app: €15"}
{"timestamp":"2026-05-16T13:08:32.477Z","level":"LOG","message":"Ticket emailed in en to info@shinelab.be with subject: 🎟️ Your Ticket for Lokum Event"}
{"timestamp":"2026-05-16T13:08:55.639Z","level":"LOG","message":"Requested payment amount from app: €15"}
{"timestamp":"2026-05-16T13:09:15.918Z","level":"LOG","message":"Ticket emailed in en to Info@shinelab.be with subject: 🎟️ Your Ticket for Lokum Event"}
{"timestamp":"2026-05-16T13:44:43.892Z","level":"LOG","message":"◇ injected env (0) from .env // tip: ⌘ override existing { override: true }"}
{"timestamp":"2026-05-16T13:44:44.350Z","level":"LOG","message":"🚀 Lokum Engine Running on port 3000"}
{"timestamp":"2026-05-16T14:41:02.905Z","level":"LOG","message":"◇ injected env (0) from .env // tip: ⌘ custom filepath { path: '/custom/path/.env' }"}
{"timestamp":"2026-05-16T14:41:03.384Z","level":"LOG","message":"🚀 Lokum Engine Running on port 3000"}
{"timestamp":"2026-05-16T14:47:23.461Z","level":"LOG","message":"◇ injected env (0) from .env // tip: ◈ encrypted .env [www.dotenvx.com]"}
{"timestamp":"2026-05-16T14:47:23.893Z","level":"LOG","message":"🚀 Lokum Engine Running on port 3000"}
{"timestamp":"2026-05-16T15:48:22.594Z","level":"LOG","message":"◇ injected env (0) from .env // tip: ⌘ multiple files { path: ['.env.local', '.env'] }"}
{"timestamp":"2026-05-16T15:48:22.977Z","level":"LOG","message":"🚀 Lokum Engine Running on port 3000"}
{"timestamp":"2026-05-16T16:43:14.645Z","level":"LOG","message":"◇ injected env (0) from .env // tip: ⌘ override existing { override: true }"}
{"timestamp":"2026-05-16T16:43:15.098Z","level":"LOG","message":"🚀 Lokum Engine Running on port 3000"}
{"timestamp":"2026-05-16T17:01:08.417Z","level":"LOG","message":"◇ injected env (0) from .env // tip: ◈ encrypted .env [www.dotenvx.com]"}
{"timestamp":"2026-05-16T17:01:08.883Z","level":"LOG","message":"🚀 Lokum Engine Running on port 3000"}
{"timestamp":"2026-05-16T17:40:17.794Z","level":"LOG","message":"Requested payment amount from app: €15"}
{"timestamp":"2026-05-16T17:41:02.063Z","level":"LOG","message":"Ticket emailed in en to serhat.cavusoglu98@gmail.com with subject: 🎟️ Your Ticket for Lokum Event"}
{"timestamp":"2026-05-16T18:04:45.009Z","level":"LOG","message":"◇ injected env (0) from .env // tip: ◈ secrets for agents [www.dotenvx.com]"}
{"timestamp":"2026-05-16T18:04:45.437Z","level":"LOG","message":"🚀 Lokum Engine Running on port 3000"}
{"timestamp":"2026-05-16T18:40:13.147Z","level":"LOG","message":"◇ injected env (0) from .env // tip: ⌘ custom filepath { path: '/custom/path/.env' }"}
{"timestamp":"2026-05-16T18:40:13.586Z","level":"LOG","message":"🚀 Lokum Engine Running on port 3000"}
{"timestamp":"2026-05-16T19:10:37.923Z","level":"LOG","message":"◇ injected env (0) from .env // tip: ◈ secrets for agents [www.dotenvx.com]"}
{"timestamp":"2026-05-16T19:10:38.350Z","level":"LOG","message":"🚀 Lokum Engine Running on port 3000"}
{"timestamp":"2026-05-16T19:59:48.477Z","level":"LOG","message":"◇ injected env (0) from .env // tip: ◈ secrets for agents [www.dotenvx.com]"}
{"timestamp":"2026-05-16T19:59:48.871Z","level":"LOG","message":"🚀 Lokum Engine Running on port 3000"}
{"timestamp":"2026-05-16T20:14:44.915Z","level":"LOG","message":"◇ injected env (0) from .env // tip: ⌘ multiple files { path: ['.env.local', '.env'] }"}
{"timestamp":"2026-05-16T20:14:45.441Z","level":"LOG","message":"🚀 Lokum Engine Running on port 3000"}
{"timestamp":"2026-05-16T22:31:44.651Z","level":"LOG","message":"◇ injected env (0) from .env // tip: ⌘ override existing { override: true }"}
{"timestamp":"2026-05-16T22:31:45.171Z","level":"LOG","message":"🚀 Lokum Engine Running on port 3000"}
{"timestamp":"2026-05-16T23:07:24.340Z","level":"LOG","message":"◇ injected env (0) from .env // tip: ⌁ auth for agents [www.vestauth.com]"}
{"timestamp":"2026-05-16T23:07:24.723Z","level":"LOG","message":"🚀 Lokum Engine Running on port 3000"}
{"timestamp":"2026-05-16T23:47:37.797Z","level":"LOG","message":"◇ injected env (0) from .env // tip: ⌘ multiple files { path: ['.env.local', '.env'] }"}
{"timestamp":"2026-05-16T23:47:38.180Z","level":"LOG","message":"🚀 Lokum Engine Running on port 3000"}
{"timestamp":"2026-05-17T00:30:20.161Z","level":"LOG","message":"◇ injected env (0) from .env // tip: ⌁ auth for agents [www.vestauth.com]"}
{"timestamp":"2026-05-17T00:30:20.589Z","level":"LOG","message":"🚀 Lokum Engine Running on port 3000"}
{"timestamp":"2026-05-17T01:40:01.188Z","level":"LOG","message":"◇ injected env (0) from .env // tip: ⌘ enable debugging { debug: true }"}
{"timestamp":"2026-05-17T01:40:01.835Z","level":"LOG","message":"🚀 Lokum Engine Running on port 3000"}
{"timestamp":"2026-05-17T02:07:13.541Z","level":"LOG","message":"◇ injected env (0) from .env // tip: ⌘ custom filepath { path: '/custom/path/.env' }"}
{"timestamp":"2026-05-17T02:07:13.939Z","level":"LOG","message":"🚀 Lokum Engine Running on port 3000"}
{"timestamp":"2026-05-17T05:13:52.003Z","level":"LOG","message":"◇ injected env (0) from .env // tip: ⌘ multiple files { path: ['.env.local', '.env'] }"}
{"timestamp":"2026-05-17T05:13:52.420Z","level":"LOG","message":"🚀 Lokum Engine Running on port 3000"}
{"timestamp":"2026-05-17T06:02:45.709Z","level":"LOG","message":"◇ injected env (0) from .env // tip: ◈ encrypted .env [www.dotenvx.com]"}
{"timestamp":"2026-05-17T06:02:46.132Z","level":"LOG","message":"🚀 Lokum Engine Running on port 3000"}
{"timestamp":"2026-05-17T06:32:50.477Z","level":"LOG","message":"◇ injected env (0) from .env // tip: ⌘ suppress logs { quiet: true }"}
{"timestamp":"2026-05-17T06:32:50.885Z","level":"LOG","message":"🚀 Lokum Engine Running on port 3000"}
{"timestamp":"2026-05-17T08:16:38.952Z","level":"LOG","message":"◇ injected env (0) from .env // tip: ⌘ custom filepath { path: '/custom/path/.env' }"}
{"timestamp":"2026-05-17T08:16:39.432Z","level":"LOG","message":"🚀 Lokum Engine Running on port 3000"}
{"timestamp":"2026-05-17T09:18:36.091Z","level":"LOG","message":"◇ injected env (0) from .env // tip: ⌘ override existing { override: true }"}
{"timestamp":"2026-05-17T09:18:36.564Z","level":"LOG","message":"🚀 Lokum Engine Running on port 3000"}
{"timestamp":"2026-05-17T10:58:00.716Z","level":"LOG","message":"◇ injected env (0) from .env // tip: ⌘ override existing { override: true }"}
{"timestamp":"2026-05-17T10:58:01.221Z","level":"LOG","message":"🚀 Lokum Engine Running on port 3000"}
{"timestamp":"2026-05-17T11:59:39.803Z","level":"LOG","message":"◇ injected env (0) from .env // tip: ⌘ custom filepath { path: '/custom/path/.env' }"}
{"timestamp":"2026-05-17T11:59:40.208Z","level":"LOG","message":"🚀 Lokum Engine Running on port 3000"}
{"timestamp":"2026-05-17T12:34:40.124Z","level":"LOG","message":"◇ injected env (0) from .env // tip: ⌘ multiple files { path: ['.env.local', '.env'] }"}
{"timestamp":"2026-05-17T12:34:40.538Z","level":"LOG","message":"🚀 Lokum Engine Running on port 3000"}
{"timestamp":"2026-05-17T14:55:36.578Z","level":"LOG","message":"◇ injected env (0) from .env // tip: ⌘ override existing { override: true }"}
{"timestamp":"2026-05-17T14:55:37.061Z","level":"LOG","message":"🚀 Lokum Engine Running on port 3000"}
{"timestamp":"2026-05-17T16:26:10.854Z","level":"LOG","message":"◇ injected env (0) from .env // tip: ⌁ auth for agents [www.vestauth.com]"}
{"timestamp":"2026-05-17T16:26:11.312Z","level":"LOG","message":"🚀 Lokum Engine Running on port 3000"}
{"timestamp":"2026-05-17T16:46:52.821Z","level":"LOG","message":"◇ injected env (0) from .env // tip: ⌘ suppress logs { quiet: true }"}
{"timestamp":"2026-05-17T16:46:53.245Z","level":"LOG","message":"🚀 Lokum Engine Running on port 3000"}
{"timestamp":"2026-05-17T17:53:12.903Z","level":"LOG","message":"◇ injected env (0) from .env // tip: ⌘ suppress logs { quiet: true }"}
{"timestamp":"2026-05-17T17:53:13.297Z","level":"LOG","message":"🚀 Lokum Engine Running on port 3000"}
{"timestamp":"2026-05-17T18:07:46.026Z","level":"LOG","message":"◇ injected env (0) from .env // tip: ◈ encrypted .env [www.dotenvx.com]"}
{"timestamp":"2026-05-17T18:07:46.415Z","level":"LOG","message":"🚀 Lokum Engine Running on port 3000"}
{"timestamp":"2026-05-17T19:13:07.107Z","level":"LOG","message":"◇ injected env (0) from .env // tip: ⌘ multiple files { path: ['.env.local', '.env'] }"}
{"timestamp":"2026-05-17T19:13:07.576Z","level":"LOG","message":"🚀 Lokum Engine Running on port 3000"}
{"timestamp":"2026-05-17T20:52:42.190Z","level":"LOG","message":"◇ injected env (0) from .env // tip: ⌘ multiple files { path: ['.env.local', '.env'] }"}
{"timestamp":"2026-05-17T20:52:42.585Z","level":"LOG","message":"🚀 Lokum Engine Running on port 3000"}
{"timestamp":"2026-05-17T21:37:41.224Z","level":"LOG","message":"◇ injected env (0) from .env // tip: ⌁ auth for agents [www.vestauth.com]"}
{"timestamp":"2026-05-17T21:37:41.741Z","level":"LOG","message":"🚀 Lokum Engine Running on port 3000"}
{"timestamp":"2026-05-17T22:55:30.083Z","level":"LOG","message":"◇ injected env (0) from .env // tip: ⌘ custom filepath { path: '/custom/path/.env' }"}
{"timestamp":"2026-05-17T22:55:30.462Z","level":"LOG","message":"🚀 Lokum Engine Running on port 3000"}
{"timestamp":"2026-05-18T00:17:10.339Z","level":"LOG","message":"◇ injected env (0) from .env // tip: ◈ encrypted .env [www.dotenvx.com]"}
{"timestamp":"2026-05-18T00:17:10.789Z","level":"LOG","message":"🚀 Lokum Engine Running on port 3000"}
{"timestamp":"2026-05-18T01:37:04.437Z","level":"LOG","message":"◇ injected env (0) from .env // tip: ⌁ auth for agents [www.vestauth.com]"}
{"timestamp":"2026-05-18T01:37:04.871Z","level":"LOG","message":"🚀 Lokum Engine Running on port 3000"}
{"timestamp":"2026-05-18T05:01:21.439Z","level":"LOG","message":"◇ injected env (0) from .env // tip: ◈ encrypted .env [www.dotenvx.com]"}
{"timestamp":"2026-05-18T05:01:21.949Z","level":"LOG","message":"🚀 Lokum Engine Running on port 3000"}
{"timestamp":"2026-05-18T07:31:05.007Z","level":"LOG","message":"◇ injected env (0) from .env // tip: ⌘ enable debugging { debug: true }"}
{"timestamp":"2026-05-18T07:31:05.461Z","level":"LOG","message":"🚀 Lokum Engine Running on port 3000"}
{"timestamp":"2026-05-18T07:54:05.682Z","level":"LOG","message":"◇ injected env (0) from .env // tip: ⌘ override existing { override: true }"}
{"timestamp":"2026-05-18T07:54:06.109Z","level":"LOG","message":"🚀 Lokum Engine Running on port 3000"}
{"timestamp":"2026-05-18T09:19:29.687Z","level":"LOG","message":"◇ injected env (0) from .env // tip: ⌘ override existing { override: true }"}
{"timestamp":"2026-05-18T09:19:30.079Z","level":"LOG","message":"🚀 Lokum Engine Running on port 3000"}
{"timestamp":"2026-05-18T12:11:04.302Z","level":"LOG","message":"◇ injected env (0) from .env // tip: ⌁ auth for agents [www.vestauth.com]"}
{"timestamp":"2026-05-18T12:11:04.810Z","level":"LOG","message":"🚀 Lokum Engine Running on port 3000"}
{"timestamp":"2026-05-18T13:26:55.119Z","level":"LOG","message":"◇ injected env (0) from .env // tip: ⌘ custom filepath { path: '/custom/path/.env' }"}
{"timestamp":"2026-05-18T13:26:55.520Z","level":"LOG","message":"🚀 Lokum Engine Running on port 3000"}
{"timestamp":"2026-05-18T16:12:14.528Z","level":"LOG","message":"◇ injected env (0) from .env // tip: ⌘ multiple files { path: ['.env.local', '.env'] }"}
{"timestamp":"2026-05-18T16:12:14.988Z","level":"LOG","message":"🚀 Lokum Engine Running on port 3000"}
{"timestamp":"2026-05-18T17:00:55.257Z","level":"LOG","message":"◇ injected env (0) from .env // tip: ⌘ multiple files { path: ['.env.local', '.env'] }"}
{"timestamp":"2026-05-18T17:00:55.718Z","level":"LOG","message":"🚀 Lokum Engine Running on port 3000"}
{"timestamp":"2026-05-18T18:02:27.576Z","level":"LOG","message":"◇ injected env (0) from .env // tip: ⌘ multiple files { path: ['.env.local', '.env'] }"}
{"timestamp":"2026-05-18T18:02:28.065Z","level":"LOG","message":"🚀 Lokum Engine Running on port 3000"}
{"timestamp":"2026-05-18T20:09:17.982Z","level":"LOG","message":"◇ injected env (0) from .env // tip: ⌘ multiple files { path: ['.env.local', '.env'] }"}
{"timestamp":"2026-05-18T20:09:18.418Z","level":"LOG","message":"🚀 Lokum Engine Running on port 3000"}
{"timestamp":"2026-05-18T21:22:56.069Z","level":"LOG","message":"◇ injected env (0) from .env // tip: ⌘ override existing { override: true }"}
{"timestamp":"2026-05-18T21:22:56.488Z","level":"LOG","message":"🚀 Lokum Engine Running on port 3000"}
{"timestamp":"2026-05-18T22:14:04.113Z","level":"LOG","message":"◇ injected env (0) from .env // tip: ⌘ multiple files { path: ['.env.local', '.env'] }"}
{"timestamp":"2026-05-18T22:14:04.584Z","level":"LOG","message":"🚀 Lokum Engine Running on port 3000"}
{"timestamp":"2026-05-18T22:49:53.248Z","level":"LOG","message":"◇ injected env (0) from .env // tip: ⌘ multiple files { path: ['.env.local', '.env'] }"}
{"timestamp":"2026-05-18T22:49:53.638Z","level":"LOG","message":"🚀 Lokum Engine Running on port 3000"}
{"timestamp":"2026-05-19T00:41:48.319Z","level":"LOG","message":"◇ injected env (0) from .env // tip: ⌘ enable debugging { debug: true }"}
{"timestamp":"2026-05-19T00:41:48.781Z","level":"LOG","message":"🚀 Lokum Engine Running on port 3000"}
{"timestamp":"2026-05-19T03:22:21.299Z","level":"LOG","message":"◇ injected env (0) from .env // tip: ⌘ enable debugging { debug: true }"}
{"timestamp":"2026-05-19T03:22:21.704Z","level":"LOG","message":"🚀 Lokum Engine Running on port 3000"}
{"timestamp":"2026-05-19T05:17:57.402Z","level":"LOG","message":"◇ injected env (0) from .env // tip: ⌘ multiple files { path: ['.env.local', '.env'] }"}
{"timestamp":"2026-05-19T05:17:57.798Z","level":"LOG","message":"🚀 Lokum Engine Running on port 3000"}
{"timestamp":"2026-05-19T07:06:33.939Z","level":"LOG","message":"◇ injected env (0) from .env // tip: ⌘ suppress logs { quiet: true }"}
{"timestamp":"2026-05-19T07:06:34.406Z","level":"LOG","message":"🚀 Lokum Engine Running on port 3000"}
{"timestamp":"2026-05-19T09:13:17.977Z","level":"LOG","message":"◇ injected env (0) from .env // tip: ⌘ custom filepath { path: '/custom/path/.env' }"}
{"timestamp":"2026-05-19T09:13:18.415Z","level":"LOG","message":"🚀 Lokum Engine Running on port 3000"}
{"timestamp":"2026-05-19T12:33:33.579Z","level":"LOG","message":"◇ injected env (0) from .env // tip: ◈ encrypted .env [www.dotenvx.com]"}
{"timestamp":"2026-05-19T12:33:34.025Z","level":"LOG","message":"🚀 Lokum Engine Running on port 3000"}
{"timestamp":"2026-05-19T15:42:42.874Z","level":"LOG","message":"◇ injected env (0) from .env // tip: ⌘ multiple files { path: ['.env.local', '.env'] }"}
{"timestamp":"2026-05-19T15:42:43.380Z","level":"LOG","message":"🚀 Lokum Engine Running on port 3000"}
{"timestamp":"2026-05-19T16:47:26.278Z","level":"LOG","message":"◇ injected env (0) from .env // tip: ⌘ custom filepath { path: '/custom/path/.env' }"}
{"timestamp":"2026-05-19T16:47:26.705Z","level":"LOG","message":"🚀 Lokum Engine Running on port 3000"}
{"timestamp":"2026-05-19T17:35:01.074Z","level":"LOG","message":"◇ injected env (0) from .env // tip: ⌘ enable debugging { debug: true }"}
{"timestamp":"2026-05-19T17:35:01.485Z","level":"LOG","message":"🚀 Lokum Engine Running on port 3000"}
{"timestamp":"2026-05-19T18:21:44.706Z","level":"LOG","message":"◇ injected env (0) from .env // tip: ◈ secrets for agents [www.dotenvx.com]"}
{"timestamp":"2026-05-19T18:21:45.136Z","level":"LOG","message":"🚀 Lokum Engine Running on port 3000"}
{"timestamp":"2026-05-19T19:07:50.921Z","level":"LOG","message":"◇ injected env (0) from .env // tip: ◈ secrets for agents [www.dotenvx.com]"}
{"timestamp":"2026-05-19T19:07:51.307Z","level":"LOG","message":"🚀 Lokum Engine Running on port 3000"}
{"timestamp":"2026-05-19T20:20:53.498Z","level":"LOG","message":"◇ injected env (0) from .env // tip: ⌁ auth for agents [www.vestauth.com]"}
{"timestamp":"2026-05-19T20:20:54.002Z","level":"LOG","message":"🚀 Lokum Engine Running on port 3000"}
{"timestamp":"2026-05-19T20:30:43.065Z","level":"LOG","message":"◇ injected env (0) from .env // tip: ⌘ override existing { override: true }"}
{"timestamp":"2026-05-19T20:30:43.541Z","level":"LOG","message":"🚀 Lokum Engine Running on port 3000"}
{"timestamp":"2026-05-19T22:12:01.549Z","level":"LOG","message":"◇ injected env (0) from .env // tip: ⌘ multiple files { path: ['.env.local', '.env'] }"}
{"timestamp":"2026-05-19T22:12:01.951Z","level":"LOG","message":"🚀 Lokum Engine Running on port 3000"}
{"timestamp":"2026-05-19T23:23:46.759Z","level":"LOG","message":"◇ injected env (0) from .env // tip: ◈ encrypted .env [www.dotenvx.com]"}
{"timestamp":"2026-05-19T23:23:47.141Z","level":"LOG","message":"🚀 Lokum Engine Running on port 3000"}
{"timestamp":"2026-05-20T00:13:02.232Z","level":"LOG","message":"◇ injected env (0) from .env // tip: ⌘ enable debugging { debug: true }"}
{"timestamp":"2026-05-20T00:13:02.694Z","level":"LOG","message":"🚀 Lokum Engine Running on port 3000"}
{"timestamp":"2026-05-20T01:21:56.503Z","level":"LOG","message":"◇ injected env (0) from .env // tip: ⌘ multiple files { path: ['.env.local', '.env'] }"}
{"timestamp":"2026-05-20T01:21:56.895Z","level":"LOG","message":"🚀 Lokum Engine Running on port 3000"}
{"timestamp":"2026-05-20T03:45:51.194Z","level":"LOG","message":"◇ injected env (0) from .env // tip: ⌘ multiple files { path: ['.env.local', '.env'] }"}
{"timestamp":"2026-05-20T03:45:51.706Z","level":"LOG","message":"🚀 Lokum Engine Running on port 3000"}
{"timestamp":"2026-05-20T05:19:37.407Z","level":"LOG","message":"◇ injected env (0) from .env // tip: ⌘ custom filepath { path: '/custom/path/.env' }"}
{"timestamp":"2026-05-20T05:19:37.835Z","level":"LOG","message":"🚀 Lokum Engine Running on port 3000"}
{"timestamp":"2026-05-20T06:03:21.359Z","level":"LOG","message":"◇ injected env (0) from .env // tip: ⌘ suppress logs { quiet: true }"}
{"timestamp":"2026-05-20T06:03:21.863Z","level":"LOG","message":"🚀 Lokum Engine Running on port 3000"}
{"timestamp":"2026-05-20T07:15:20.100Z","level":"LOG","message":"◇ injected env (0) from .env // tip: ⌘ override existing { override: true }"}
{"timestamp":"2026-05-20T07:15:20.620Z","level":"LOG","message":"🚀 Lokum Engine Running on port 3000"}
{"timestamp":"2026-05-20T08:34:23.496Z","level":"LOG","message":"◇ injected env (0) from .env // tip: ⌘ multiple files { path: ['.env.local', '.env'] }"}
{"timestamp":"2026-05-20T08:34:24.033Z","level":"LOG","message":"🚀 Lokum Engine Running on port 3000"}
{"timestamp":"2026-05-20T11:30:30.290Z","level":"LOG","message":"◇ injected env (0) from .env // tip: ⌘ override existing { override: true }"}
{"timestamp":"2026-05-20T11:30:30.680Z","level":"LOG","message":"🚀 Lokum Engine Running on port 3000"}
{"timestamp":"2026-05-20T11:53:34.105Z","level":"LOG","message":"◇ injected env (0) from .env // tip: ◈ secrets for agents [www.dotenvx.com]"}
{"timestamp":"2026-05-20T11:53:34.561Z","level":"LOG","message":"🚀 Lokum Engine Running on port 3000"}
{"timestamp":"2026-05-20T12:46:39.539Z","level":"LOG","message":"◇ injected env (0) from .env // tip: ⌘ multiple files { path: ['.env.local', '.env'] }"}
{"timestamp":"2026-05-20T12:46:40.029Z","level":"LOG","message":"🚀 Lokum Engine Running on port 3000"}
{"timestamp":"2026-05-20T14:48:14.550Z","level":"LOG","message":"◇ injected env (0) from .env // tip: ⌘ override existing { override: true }"}
{"timestamp":"2026-05-20T14:48:14.939Z","level":"LOG","message":"🚀 Lokum Engine Running on port 3000"}
{"timestamp":"2026-05-20T16:13:11.947Z","level":"LOG","message":"◇ injected env (0) from .env // tip: ◈ encrypted .env [www.dotenvx.com]"}
{"timestamp":"2026-05-20T16:13:12.337Z","level":"LOG","message":"🚀 Lokum Engine Running on port 3000"}
{"timestamp":"2026-05-20T17:03:11.070Z","level":"LOG","message":"◇ injected env (0) from .env // tip: ⌘ enable debugging { debug: true }"}
{"timestamp":"2026-05-20T17:03:11.582Z","level":"LOG","message":"🚀 Lokum Engine Running on port 3000"}
{"timestamp":"2026-05-20T18:30:26.681Z","level":"LOG","message":"◇ injected env (0) from .env // tip: ⌘ override existing { override: true }"}
{"timestamp":"2026-05-20T18:30:27.199Z","level":"LOG","message":"🚀 Lokum Engine Running on port 3000"}
{"timestamp":"2026-05-20T18:38:30.730Z","level":"LOG","message":"◇ injected env (0) from .env // tip: ⌁ auth for agents [www.vestauth.com]"}
{"timestamp":"2026-05-20T18:38:31.122Z","level":"LOG","message":"🚀 Lokum Engine Running on port 3000"}
{"timestamp":"2026-05-20T19:53:39.429Z","level":"LOG","message":"◇ injected env (0) from .env // tip: ⌘ multiple files { path: ['.env.local', '.env'] }"}
{"timestamp":"2026-05-20T19:53:39.877Z","level":"LOG","message":"🚀 Lokum Engine Running on port 3000"}
{"timestamp":"2026-05-20T21:18:57.436Z","level":"LOG","message":"◇ injected env (0) from .env // tip: ◈ encrypted .env [www.dotenvx.com]"}
{"timestamp":"2026-05-20T21:18:57.855Z","level":"LOG","message":"🚀 Lokum Engine Running on port 3000"}
{"timestamp":"2026-05-20T23:32:30.232Z","level":"LOG","message":"◇ injected env (0) from .env // tip: ◈ secrets for agents [www.dotenvx.com]"}
{"timestamp":"2026-05-20T23:32:30.687Z","level":"LOG","message":"🚀 Lokum Engine Running on port 3000"}
{"timestamp":"2026-05-21T01:53:37.539Z","level":"LOG","message":"◇ injected env (0) from .env // tip: ⌘ override existing { override: true }"}
{"timestamp":"2026-05-21T01:53:38.008Z","level":"LOG","message":"🚀 Lokum Engine Running on port 3000"}
{"timestamp":"2026-05-21T03:31:29.380Z","level":"LOG","message":"◇ injected env (0) from .env // tip: ◈ encrypted .env [www.dotenvx.com]"}
{"timestamp":"2026-05-21T03:31:29.761Z","level":"LOG","message":"🚀 Lokum Engine Running on port 3000"}
{"timestamp":"2026-05-21T04:42:50.019Z","level":"LOG","message":"◇ injected env (0) from .env // tip: ⌘ custom filepath { path: '/custom/path/.env' }"}
{"timestamp":"2026-05-21T04:42:50.457Z","level":"LOG","message":"🚀 Lokum Engine Running on port 3000"}
{"timestamp":"2026-05-21T05:49:46.869Z","level":"LOG","message":"◇ injected env (0) from .env // tip: ⌘ multiple files { path: ['.env.local', '.env'] }"}
{"timestamp":"2026-05-21T05:49:47.287Z","level":"LOG","message":"🚀 Lokum Engine Running on port 3000"}
{"timestamp":"2026-05-21T07:10:28.769Z","level":"LOG","message":"◇ injected env (0) from .env // tip: ⌘ override existing { override: true }"}
{"timestamp":"2026-05-21T07:10:29.211Z","level":"LOG","message":"🚀 Lokum Engine Running on port 3000"}
{"timestamp":"2026-05-21T08:29:00.988Z","level":"LOG","message":"◇ injected env (0) from .env // tip: ⌁ auth for agents [www.vestauth.com]"}
{"timestamp":"2026-05-21T08:29:01.365Z","level":"LOG","message":"🚀 Lokum Engine Running on port 3000"}
{"timestamp":"2026-05-21T08:31:41.349Z","level":"LOG","message":"◇ injected env (0) from .env // tip: ◈ encrypted .env [www.dotenvx.com]"}
{"timestamp":"2026-05-21T08:31:41.764Z","level":"LOG","message":"🚀 Lokum Engine Running on port 3000"}
{"timestamp":"2026-05-21T09:49:38.396Z","level":"LOG","message":"◇ injected env (0) from .env // tip: ◈ secrets for agents [www.dotenvx.com]"}
{"timestamp":"2026-05-21T09:49:38.881Z","level":"LOG","message":"🚀 Lokum Engine Running on port 3000"}
{"timestamp":"2026-05-21T09:56:02.902Z","level":"LOG","message":"◇ injected env (0) from .env // tip: ⌘ enable debugging { debug: true }"}
{"timestamp":"2026-05-21T09:56:03.319Z","level":"LOG","message":"🚀 Lokum Engine Running on port 3000"}
{"timestamp":"2026-05-21T12:30:17.705Z","level":"LOG","message":"◇ injected env (0) from .env // tip: ⌘ enable debugging { debug: true }"}
{"timestamp":"2026-05-21T12:30:18.237Z","level":"LOG","message":"🚀 Lokum Engine Running on port 3000"}
{"timestamp":"2026-05-21T13:06:32.249Z","level":"LOG","message":"◇ injected env (0) from .env // tip: ⌘ multiple files { path: ['.env.local', '.env'] }"}
{"timestamp":"2026-05-21T13:06:32.655Z","level":"LOG","message":"🚀 Lokum Engine Running on port 3000"}
{"timestamp":"2026-05-21T14:07:50.428Z","level":"LOG","message":"◇ injected env (0) from .env // tip: ◈ secrets for agents [www.dotenvx.com]"}
{"timestamp":"2026-05-21T14:07:50.875Z","level":"LOG","message":"🚀 Lokum Engine Running on port 3000"}
{"timestamp":"2026-05-21T14:10:02.242Z","level":"LOG","message":"◇ injected env (0) from .env // tip: ◈ encrypted .env [www.dotenvx.com]"}
{"timestamp":"2026-05-21T14:10:02.716Z","level":"LOG","message":"🚀 Lokum Engine Running on port 3000"}
{"timestamp":"2026-05-21T17:26:04.437Z","level":"LOG","message":"◇ injected env (0) from .env // tip: ⌘ custom filepath { path: '/custom/path/.env' }"}
{"timestamp":"2026-05-21T17:26:04.926Z","level":"LOG","message":"🚀 Lokum Engine Running on port 3000"}
{"timestamp":"2026-05-21T17:59:42.223Z","level":"LOG","message":"◇ injected env (0) from .env // tip: ⌘ override existing { override: true }"}
{"timestamp":"2026-05-21T17:59:42.601Z","level":"LOG","message":"🚀 Lokum Engine Running on port 3000"}
{"timestamp":"2026-05-21T19:35:06.330Z","level":"LOG","message":"◇ injected env (0) from .env // tip: ◈ secrets for agents [www.dotenvx.com]"}
{"timestamp":"2026-05-21T19:35:06.871Z","level":"LOG","message":"🚀 Lokum Engine Running on port 3000"}
{"timestamp":"2026-05-21T20:13:17.974Z","level":"LOG","message":"◇ injected env (0) from .env // tip: ⌘ override existing { override: true }"}
{"timestamp":"2026-05-21T20:13:18.369Z","level":"LOG","message":"🚀 Lokum Engine Running on port 3000"}
{"timestamp":"2026-05-21T22:33:02.573Z","level":"LOG","message":"◇ injected env (0) from .env // tip: ⌁ auth for agents [www.vestauth.com]"}
{"timestamp":"2026-05-21T22:33:03.035Z","level":"LOG","message":"🚀 Lokum Engine Running on port 3000"}
{"timestamp":"2026-05-21T23:34:10.367Z","level":"LOG","message":"◇ injected env (0) from .env // tip: ⌘ enable debugging { debug: true }"}
{"timestamp":"2026-05-21T23:34:10.741Z","level":"LOG","message":"🚀 Lokum Engine Running on port 3000"}
{"timestamp":"2026-05-22T01:21:05.863Z","level":"LOG","message":"◇ injected env (0) from .env // tip: ⌘ suppress logs { quiet: true }"}
{"timestamp":"2026-05-22T01:21:06.345Z","level":"LOG","message":"🚀 Lokum Engine Running on port 3000"}
{"timestamp":"2026-05-22T02:02:03.795Z","level":"LOG","message":"◇ injected env (0) from .env // tip: ◈ encrypted .env [www.dotenvx.com]"}
{"timestamp":"2026-05-22T02:02:04.262Z","level":"LOG","message":"🚀 Lokum Engine Running on port 3000"}
{"timestamp":"2026-05-22T03:04:48.814Z","level":"LOG","message":"◇ injected env (0) from .env // tip: ⌘ enable debugging { debug: true }"}
{"timestamp":"2026-05-22T03:04:49.192Z","level":"LOG","message":"🚀 Lokum Engine Running on port 3000"}
{"timestamp":"2026-05-22T04:44:49.627Z","level":"LOG","message":"◇ injected env (0) from .env // tip: ⌘ multiple files { path: ['.env.local', '.env'] }"}
{"timestamp":"2026-05-22T04:44:50.026Z","level":"LOG","message":"🚀 Lokum Engine Running on port 3000"}
{"timestamp":"2026-05-22T05:38:07.459Z","level":"LOG","message":"◇ injected env (0) from .env // tip: ⌁ auth for agents [www.vestauth.com]"}
{"timestamp":"2026-05-22T05:38:07.876Z","level":"LOG","message":"🚀 Lokum Engine Running on port 3000"}
{"timestamp":"2026-05-22T06:57:43.231Z","level":"LOG","message":"◇ injected env (0) from .env // tip: ⌘ suppress logs { quiet: true }"}
{"timestamp":"2026-05-22T06:57:43.634Z","level":"LOG","message":"🚀 Lokum Engine Running on port 3000"}
{"timestamp":"2026-05-22T08:17:51.796Z","level":"LOG","message":"◇ injected env (0) from .env // tip: ⌁ auth for agents [www.vestauth.com]"}
{"timestamp":"2026-05-22T08:17:52.246Z","level":"LOG","message":"🚀 Lokum Engine Running on port 3000"}
{"timestamp":"2026-05-22T08:57:41.220Z","level":"LOG","message":"◇ injected env (0) from .env // tip: ⌘ override existing { override: true }"}
{"timestamp":"2026-05-22T08:57:41.653Z","level":"LOG","message":"🚀 Lokum Engine Running on port 3000"}
{"timestamp":"2026-05-22T11:34:56.448Z","level":"LOG","message":"◇ injected env (0) from .env // tip: ⌘ suppress logs { quiet: true }"}
{"timestamp":"2026-05-22T11:34:56.844Z","level":"LOG","message":"🚀 Lokum Engine Running on port 3000"}
{"timestamp":"2026-05-22T14:41:35.961Z","level":"LOG","message":"◇ injected env (0) from .env // tip: ◈ encrypted .env [www.dotenvx.com]"}
{"timestamp":"2026-05-22T14:41:36.423Z","level":"LOG","message":"🚀 Lokum Engine Running on port 3000"}
{"timestamp":"2026-05-22T15:07:13.542Z","level":"LOG","message":"◇ injected env (0) from .env // tip: ⌘ enable debugging { debug: true }"}
{"timestamp":"2026-05-22T15:07:13.946Z","level":"LOG","message":"🚀 Lokum Engine Running on port 3000"}
{"timestamp":"2026-05-22T17:48:45.926Z","level":"LOG","message":"◇ injected env (0) from .env // tip: ⌁ auth for agents [www.vestauth.com]"}
{"timestamp":"2026-05-22T17:48:46.346Z","level":"LOG","message":"🚀 Lokum Engine Running on port 3000"}
{"timestamp":"2026-05-22T19:07:57.120Z","level":"LOG","message":"◇ injected env (0) from .env // tip: ◈ secrets for agents [www.dotenvx.com]"}
{"timestamp":"2026-05-22T19:07:57.600Z","level":"LOG","message":"🚀 Lokum Engine Running on port 3000"}
{"timestamp":"2026-05-22T21:23:31.061Z","level":"LOG","message":"◇ injected env (0) from .env // tip: ⌘ override existing { override: true }"}
{"timestamp":"2026-05-22T21:23:31.483Z","level":"LOG","message":"🚀 Lokum Engine Running on port 3000"}
{"timestamp":"2026-05-22T21:36:49.423Z","level":"LOG","message":"◇ injected env (0) from .env // tip: ⌁ auth for agents [www.vestauth.com]"}
{"timestamp":"2026-05-22T21:36:49.835Z","level":"LOG","message":"🚀 Lokum Engine Running on port 3000"}
{"timestamp":"2026-05-23T03:22:46.281Z","level":"LOG","message":"◇ injected env (0) from .env // tip: ⌁ auth for agents [www.vestauth.com]"}
{"timestamp":"2026-05-23T03:22:46.755Z","level":"LOG","message":"🚀 Lokum Engine Running on port 3000"}
{"timestamp":"2026-05-23T04:52:48.138Z","level":"LOG","message":"◇ injected env (0) from .env // tip: ⌁ auth for agents [www.vestauth.com]"}
{"timestamp":"2026-05-23T04:52:48.564Z","level":"LOG","message":"🚀 Lokum Engine Running on port 3000"}
{"timestamp":"2026-05-23T08:10:15.504Z","level":"LOG","message":"◇ injected env (0) from .env // tip: ⌘ suppress logs { quiet: true }"}
{"timestamp":"2026-05-23T08:10:15.975Z","level":"LOG","message":"🚀 Lokum Engine Running on port 3000"}
{"timestamp":"2026-05-23T09:33:07.803Z","level":"LOG","message":"◇ injected env (0) from .env // tip: ⌘ enable debugging { debug: true }"}
{"timestamp":"2026-05-23T09:33:08.278Z","level":"LOG","message":"🚀 Lokum Engine Running on port 3000"}
{"timestamp":"2026-05-23T10:31:17.244Z","level":"LOG","message":"◇ injected env (0) from .env // tip: ⌘ custom filepath { path: '/custom/path/.env' }"}
{"timestamp":"2026-05-23T10:31:17.684Z","level":"LOG","message":"🚀 Lokum Engine Running on port 3000"}
{"timestamp":"2026-05-23T11:46:57.914Z","level":"LOG","message":"◇ injected env (0) from .env // tip: ◈ encrypted .env [www.dotenvx.com]"}
{"timestamp":"2026-05-23T11:46:58.321Z","level":"LOG","message":"🚀 Lokum Engine Running on port 3000"}
{"timestamp":"2026-05-23T14:18:04.466Z","level":"LOG","message":"◇ injected env (0) from .env // tip: ⌁ auth for agents [www.vestauth.com]"}
{"timestamp":"2026-05-23T14:18:04.942Z","level":"LOG","message":"🚀 Lokum Engine Running on port 3000"}
{"timestamp":"2026-05-23T14:39:30.847Z","level":"LOG","message":"◇ injected env (0) from .env // tip: ⌘ suppress logs { quiet: true }"}
{"timestamp":"2026-05-23T14:39:31.247Z","level":"LOG","message":"🚀 Lokum Engine Running on port 3000"}
{"timestamp":"2026-05-23T23:05:29.231Z","level":"LOG","message":"◇ injected env (0) from .env // tip: ⌘ suppress logs { quiet: true }"}
{"timestamp":"2026-05-23T23:05:29.689Z","level":"LOG","message":"🚀 Lokum Engine Running on port 3000"}
{"timestamp":"2026-05-24T01:05:59.750Z","level":"LOG","message":"◇ injected env (0) from .env // tip: ⌘ custom filepath { path: '/custom/path/.env' }"}
{"timestamp":"2026-05-24T01:06:00.145Z","level":"LOG","message":"🚀 Lokum Engine Running on port 3000"}
{"timestamp":"2026-05-24T02:49:30.389Z","level":"LOG","message":"◇ injected env (0) from .env // tip: ◈ encrypted .env [www.dotenvx.com]"}
{"timestamp":"2026-05-24T02:49:30.843Z","level":"LOG","message":"🚀 Lokum Engine Running on port 3000"}
{"timestamp":"2026-05-24T04:32:02.570Z","level":"LOG","message":"◇ injected env (0) from .env // tip: ⌘ multiple files { path: ['.env.local', '.env'] }"}
{"timestamp":"2026-05-24T04:32:03.062Z","level":"LOG","message":"🚀 Lokum Engine Running on port 3000"}
{"timestamp":"2026-05-24T06:38:09.382Z","level":"LOG","message":"◇ injected env (0) from .env // tip: ⌘ override existing { override: true }"}
{"timestamp":"2026-05-24T06:38:09.761Z","level":"LOG","message":"🚀 Lokum Engine Running on port 3000"}
{"timestamp":"2026-05-24T07:06:54.777Z","level":"LOG","message":"◇ injected env (0) from .env // tip: ⌘ multiple files { path: ['.env.local', '.env'] }"}
{"timestamp":"2026-05-24T07:06:55.168Z","level":"LOG","message":"🚀 Lokum Engine Running on port 3000"}
{"timestamp":"2026-05-24T07:44:29.557Z","level":"LOG","message":"◇ injected env (0) from .env // tip: ⌘ multiple files { path: ['.env.local', '.env'] }"}
{"timestamp":"2026-05-24T07:44:29.939Z","level":"LOG","message":"🚀 Lokum Engine Running on port 3000"}
{"timestamp":"2026-05-24T08:47:01.879Z","level":"LOG","message":"◇ injected env (0) from .env // tip: ⌁ auth for agents [www.vestauth.com]"}
{"timestamp":"2026-05-24T08:47:02.325Z","level":"LOG","message":"🚀 Lokum Engine Running on port 3000"}
{"timestamp":"2026-05-24T11:36:30.996Z","level":"LOG","message":"◇ injected env (0) from .env // tip: ◈ secrets for agents [www.dotenvx.com]"}
{"timestamp":"2026-05-24T11:36:31.484Z","level":"LOG","message":"🚀 Lokum Engine Running on port 3000"}
{"timestamp":"2026-05-24T13:07:41.716Z","level":"LOG","message":"◇ injected env (0) from .env // tip: ⌁ auth for agents [www.vestauth.com]"}
{"timestamp":"2026-05-24T13:07:42.229Z","level":"LOG","message":"🚀 Lokum Engine Running on port 3000"}
{"timestamp":"2026-05-24T13:30:25.251Z","level":"LOG","message":"◇ injected env (0) from .env // tip: ⌘ suppress logs { quiet: true }"}
{"timestamp":"2026-05-24T13:30:25.668Z","level":"LOG","message":"🚀 Lokum Engine Running on port 3000"}
{"timestamp":"2026-05-24T15:52:05.876Z","level":"LOG","message":"◇ injected env (0) from .env // tip: ⌁ auth for agents [www.vestauth.com]"}
{"timestamp":"2026-05-24T15:52:06.323Z","level":"LOG","message":"🚀 Lokum Engine Running on port 3000"}
{"timestamp":"2026-05-24T15:58:29.939Z","level":"LOG","message":"◇ injected env (0) from .env // tip: ⌁ auth for agents [www.vestauth.com]"}
{"timestamp":"2026-05-24T15:58:30.329Z","level":"LOG","message":"🚀 Lokum Engine Running on port 3000"}
{"timestamp":"2026-05-24T17:10:42.665Z","level":"LOG","message":"◇ injected env (0) from .env // tip: ⌘ custom filepath { path: '/custom/path/.env' }"}
{"timestamp":"2026-05-24T17:10:43.077Z","level":"LOG","message":"🚀 Lokum Engine Running on port 3000"}
{"timestamp":"2026-05-24T18:36:16.215Z","level":"LOG","message":"◇ injected env (0) from .env // tip: ◈ encrypted .env [www.dotenvx.com]"}
{"timestamp":"2026-05-24T18:36:16.590Z","level":"LOG","message":"🚀 Lokum Engine Running on port 3000"}
{"timestamp":"2026-05-24T20:04:52.061Z","level":"LOG","message":"◇ injected env (0) from .env // tip: ◈ secrets for agents [www.dotenvx.com]"}
{"timestamp":"2026-05-24T20:04:52.461Z","level":"LOG","message":"🚀 Lokum Engine Running on port 3000"}
{"timestamp":"2026-05-24T21:02:45.363Z","level":"LOG","message":"◇ injected env (0) from .env // tip: ⌘ custom filepath { path: '/custom/path/.env' }"}
{"timestamp":"2026-05-24T21:02:45.766Z","level":"LOG","message":"🚀 Lokum Engine Running on port 3000"}
{"timestamp":"2026-05-24T22:01:01.159Z","level":"LOG","message":"◇ injected env (0) from .env // tip: ⌁ auth for agents [www.vestauth.com]"}
{"timestamp":"2026-05-24T22:01:01.554Z","level":"LOG","message":"🚀 Lokum Engine Running on port 3000"}
{"timestamp":"2026-05-25T03:21:14.935Z","level":"LOG","message":"◇ injected env (0) from .env // tip: ⌘ custom filepath { path: '/custom/path/.env' }"}
{"timestamp":"2026-05-25T03:21:15.409Z","level":"LOG","message":"🚀 Lokum Engine Running on port 3000"}
{"timestamp":"2026-05-25T03:50:31.711Z","level":"LOG","message":"◇ injected env (0) from .env // tip: ⌘ multiple files { path: ['.env.local', '.env'] }"}
{"timestamp":"2026-05-25T03:50:32.113Z","level":"LOG","message":"🚀 Lokum Engine Running on port 3000"}
{"timestamp":"2026-05-25T05:32:21.931Z","level":"LOG","message":"◇ injected env (0) from .env // tip: ◈ encrypted .env [www.dotenvx.com]"}
{"timestamp":"2026-05-25T05:32:22.414Z","level":"LOG","message":"🚀 Lokum Engine Running on port 3000"}
{"timestamp":"2026-05-25T14:13:20.098Z","level":"LOG","message":"◇ injected env (0) from .env // tip: ◈ encrypted .env [www.dotenvx.com]"}
{"timestamp":"2026-05-25T14:13:20.552Z","level":"LOG","message":"🚀 Lokum Engine Running on port 3000"}
{"timestamp":"2026-05-25T14:50:30.453Z","level":"LOG","message":"◇ injected env (0) from .env // tip: ⌘ enable debugging { debug: true }"}
{"timestamp":"2026-05-25T14:50:30.838Z","level":"LOG","message":"🚀 Lokum Engine Running on port 3000"}
{"timestamp":"2026-05-25T15:44:21.286Z","level":"LOG","message":"◇ injected env (0) from .env // tip: ◈ secrets for agents [www.dotenvx.com]"}
{"timestamp":"2026-05-25T15:44:21.690Z","level":"LOG","message":"🚀 Lokum Engine Running on port 3000"}
{"timestamp":"2026-05-25T19:14:38.568Z","level":"LOG","message":"◇ injected env (0) from .env // tip: ⌘ enable debugging { debug: true }"}
{"timestamp":"2026-05-25T19:14:39.075Z","level":"LOG","message":"🚀 Lokum Engine Running on port 3000"}
{"timestamp":"2026-05-25T20:02:13.483Z","level":"LOG","message":"◇ injected env (0) from .env // tip: ⌘ suppress logs { quiet: true }"}
{"timestamp":"2026-05-25T20:02:13.939Z","level":"LOG","message":"🚀 Lokum Engine Running on port 3000"}
{"timestamp":"2026-05-25T20:38:00.771Z","level":"LOG","message":"◇ injected env (0) from .env // tip: ◈ secrets for agents [www.dotenvx.com]"}
{"timestamp":"2026-05-25T20:38:01.158Z","level":"LOG","message":"🚀 Lokum Engine Running on port 3000"}
{"timestamp":"2026-05-25T21:28:29.054Z","level":"LOG","message":"◇ injected env (0) from .env // tip: ⌘ suppress logs { quiet: true }"}
{"timestamp":"2026-05-25T21:28:29.436Z","level":"LOG","message":"🚀 Lokum Engine Running on port 3000"}
{"timestamp":"2026-05-25T22:14:30.624Z","level":"LOG","message":"◇ injected env (0) from .env // tip: ◈ secrets for agents [www.dotenvx.com]"}
{"timestamp":"2026-05-25T22:14:31.035Z","level":"LOG","message":"🚀 Lokum Engine Running on port 3000"}
{"timestamp":"2026-05-25T23:34:25.288Z","level":"LOG","message":"◇ injected env (0) from .env // tip: ⌘ enable debugging { debug: true }"}
{"timestamp":"2026-05-25T23:34:25.729Z","level":"LOG","message":"🚀 Lokum Engine Running on port 3000"}
{"timestamp":"2026-05-26T01:02:00.423Z","level":"LOG","message":"◇ injected env (0) from .env // tip: ◈ encrypted .env [www.dotenvx.com]"}
{"timestamp":"2026-05-26T01:02:00.875Z","level":"LOG","message":"🚀 Lokum Engine Running on port 3000"}
{"timestamp":"2026-05-26T03:18:15.718Z","level":"LOG","message":"◇ injected env (0) from .env // tip: ⌘ suppress logs { quiet: true }"}
{"timestamp":"2026-05-26T03:18:16.183Z","level":"LOG","message":"🚀 Lokum Engine Running on port 3000"}
{"timestamp":"2026-05-26T04:46:22.695Z","level":"LOG","message":"◇ injected env (0) from .env // tip: ⌘ multiple files { path: ['.env.local', '.env'] }"}
{"timestamp":"2026-05-26T04:46:23.095Z","level":"LOG","message":"🚀 Lokum Engine Running on port 3000"}
{"timestamp":"2026-05-26T08:00:34.791Z","level":"LOG","message":"◇ injected env (0) from .env // tip: ⌁ auth for agents [www.vestauth.com]"}
{"timestamp":"2026-05-26T08:00:35.196Z","level":"LOG","message":"🚀 Lokum Engine Running on port 3000"}
{"timestamp":"2026-05-26T10:58:11.796Z","level":"LOG","message":"◇ injected env (0) from .env // tip: ⌘ custom filepath { path: '/custom/path/.env' }"}
{"timestamp":"2026-05-26T10:58:12.264Z","level":"LOG","message":"🚀 Lokum Engine Running on port 3000"}
{"timestamp":"2026-05-26T11:45:56.069Z","level":"LOG","message":"◇ injected env (0) from .env // tip: ⌘ override existing { override: true }"}
{"timestamp":"2026-05-26T11:45:56.538Z","level":"LOG","message":"🚀 Lokum Engine Running on port 3000"}
{"timestamp":"2026-05-26T12:47:24.790Z","level":"LOG","message":"◇ injected env (0) from .env // tip: ◈ encrypted .env [www.dotenvx.com]"}
{"timestamp":"2026-05-26T12:47:25.211Z","level":"LOG","message":"🚀 Lokum Engine Running on port 3000"}
{"timestamp":"2026-05-26T14:20:44.721Z","level":"LOG","message":"◇ injected env (0) from .env // tip: ⌘ multiple files { path: ['.env.local', '.env'] }"}
{"timestamp":"2026-05-26T14:20:45.191Z","level":"LOG","message":"🚀 Lokum Engine Running on port 3000"}
{"timestamp":"2026-05-26T14:38:26.410Z","level":"LOG","message":"◇ injected env (0) from .env // tip: ⌁ auth for agents [www.vestauth.com]"}
{"timestamp":"2026-05-26T14:38:26.812Z","level":"LOG","message":"🚀 Lokum Engine Running on port 3000"}
{"timestamp":"2026-05-26T15:42:04.595Z","level":"LOG","message":"◇ injected env (0) from .env // tip: ⌘ custom filepath { path: '/custom/path/.env' }"}
{"timestamp":"2026-05-26T15:42:05.033Z","level":"LOG","message":"🚀 Lokum Engine Running on port 3000"}
{"timestamp":"2026-05-26T17:41:31.775Z","level":"LOG","message":"◇ injected env (0) from .env // tip: ◈ secrets for agents [www.dotenvx.com]"}
{"timestamp":"2026-05-26T17:41:32.206Z","level":"LOG","message":"🚀 Lokum Engine Running on port 3000"}
{"timestamp":"2026-05-26T17:53:52.778Z","level":"LOG","message":"◇ injected env (0) from .env // tip: ◈ encrypted .env [www.dotenvx.com]"}
{"timestamp":"2026-05-26T17:53:53.183Z","level":"LOG","message":"🚀 Lokum Engine Running on port 3000"}
{"timestamp":"2026-05-26T19:20:23.778Z","level":"LOG","message":"◇ injected env (0) from .env // tip: ◈ encrypted .env [www.dotenvx.com]"}
{"timestamp":"2026-05-26T19:20:24.267Z","level":"LOG","message":"🚀 Lokum Engine Running on port 3000"}
{"timestamp":"2026-05-26T19:45:52.746Z","level":"LOG","message":"◇ injected env (0) from .env // tip: ⌘ custom filepath { path: '/custom/path/.env' }"}
{"timestamp":"2026-05-26T19:45:53.182Z","level":"LOG","message":"🚀 Lokum Engine Running on port 3000"}
{"timestamp":"2026-05-26T21:21:59.992Z","level":"LOG","message":"◇ injected env (0) from .env // tip: ◈ encrypted .env [www.dotenvx.com]"}
{"timestamp":"2026-05-26T21:22:00.468Z","level":"LOG","message":"🚀 Lokum Engine Running on port 3000"}
{"timestamp":"2026-05-26T21:39:47.637Z","level":"LOG","message":"◇ injected env (0) from .env // tip: ⌘ suppress logs { quiet: true }"}
{"timestamp":"2026-05-26T21:39:48.089Z","level":"LOG","message":"🚀 Lokum Engine Running on port 3000"}
{"timestamp":"2026-05-26T22:47:48.071Z","level":"LOG","message":"◇ injected env (0) from .env // tip: ⌘ suppress logs { quiet: true }"}
{"timestamp":"2026-05-26T22:47:48.468Z","level":"LOG","message":"🚀 Lokum Engine Running on port 3000"}
{"timestamp":"2026-05-26T22:53:03.801Z","level":"LOG","message":"◇ injected env (0) from .env // tip: ⌁ auth for agents [www.vestauth.com]"}
{"timestamp":"2026-05-26T22:53:04.139Z","level":"LOG","message":"🚀 Lokum Engine Running on port 3000"}
{"timestamp":"2026-05-27T01:14:49.491Z","level":"LOG","message":"◇ injected env (0) from .env // tip: ⌘ custom filepath { path: '/custom/path/.env' }"}
{"timestamp":"2026-05-27T01:14:49.884Z","level":"LOG","message":"🚀 Lokum Engine Running on port 3000"}
{"timestamp":"2026-05-27T05:44:29.567Z","level":"LOG","message":"◇ injected env (0) from .env // tip: ⌘ enable debugging { debug: true }"}
{"timestamp":"2026-05-27T05:44:30.018Z","level":"LOG","message":"🚀 Lokum Engine Running on port 3000"}
{"timestamp":"2026-05-27T10:36:18.146Z","level":"LOG","message":"◇ injected env (0) from .env // tip: ◈ encrypted .env [www.dotenvx.com]"}
{"timestamp":"2026-05-27T10:36:18.637Z","level":"LOG","message":"🚀 Lokum Engine Running on port 3000"}
{"timestamp":"2026-05-27T11:29:46.158Z","level":"LOG","message":"◇ injected env (0) from .env // tip: ◈ encrypted .env [www.dotenvx.com]"}
{"timestamp":"2026-05-27T11:29:46.595Z","level":"LOG","message":"🚀 Lokum Engine Running on port 3000"}
{"timestamp":"2026-05-27T11:59:50.488Z","level":"LOG","message":"◇ injected env (0) from .env // tip: ◈ secrets for agents [www.dotenvx.com]"}
{"timestamp":"2026-05-27T11:59:50.877Z","level":"LOG","message":"🚀 Lokum Engine Running on port 3000"}
{"timestamp":"2026-05-27T12:48:25.303Z","level":"LOG","message":"◇ injected env (0) from .env // tip: ◈ encrypted .env [www.dotenvx.com]"}
{"timestamp":"2026-05-27T12:48:25.691Z","level":"LOG","message":"🚀 Lokum Engine Running on port 3000"}
{"timestamp":"2026-05-27T13:21:31.327Z","level":"LOG","message":"◇ injected env (0) from .env // tip: ◈ secrets for agents [www.dotenvx.com]"}
{"timestamp":"2026-05-27T13:21:31.787Z","level":"LOG","message":"🚀 Lokum Engine Running on port 3000"}
{"timestamp":"2026-05-27T15:14:33.180Z","level":"LOG","message":"◇ injected env (0) from .env // tip: ⌁ auth for agents [www.vestauth.com]"}
{"timestamp":"2026-05-27T15:14:33.595Z","level":"LOG","message":"🚀 Lokum Engine Running on port 3000"}
{"timestamp":"2026-05-27T15:57:01.002Z","level":"LOG","message":"◇ injected env (0) from .env // tip: ⌘ override existing { override: true }"}
{"timestamp":"2026-05-27T15:57:01.439Z","level":"LOG","message":"🚀 Lokum Engine Running on port 3000"}
{"timestamp":"2026-05-27T17:02:28.081Z","level":"LOG","message":"◇ injected env (0) from .env // tip: ⌁ auth for agents [www.vestauth.com]"}
{"timestamp":"2026-05-27T17:02:28.469Z","level":"LOG","message":"🚀 Lokum Engine Running on port 3000"}
{"timestamp":"2026-05-27T19:25:43.911Z","level":"LOG","message":"◇ injected env (0) from .env // tip: ⌁ auth for agents [www.vestauth.com]"}
{"timestamp":"2026-05-27T19:25:44.368Z","level":"LOG","message":"🚀 Lokum Engine Running on port 3000"}
{"timestamp":"2026-05-27T20:26:40.003Z","level":"LOG","message":"◇ injected env (0) from .env // tip: ⌘ suppress logs { quiet: true }"}
{"timestamp":"2026-05-27T20:26:40.436Z","level":"LOG","message":"🚀 Lokum Engine Running on port 3000"}
{"timestamp":"2026-05-28T00:15:25.150Z","level":"LOG","message":"◇ injected env (0) from .env // tip: ⌘ suppress logs { quiet: true }"}
{"timestamp":"2026-05-28T00:15:25.551Z","level":"LOG","message":"🚀 Lokum Engine Running on port 3000"}
{"timestamp":"2026-05-28T06:34:01.047Z","level":"LOG","message":"◇ injected env (0) from .env // tip: ⌘ override existing { override: true }"}
{"timestamp":"2026-05-28T06:34:01.532Z","level":"LOG","message":"🚀 Lokum Engine Running on port 3000"}
{"timestamp":"2026-05-28T07:13:40.460Z","level":"LOG","message":"◇ injected env (0) from .env // tip: ⌁ auth for agents [www.vestauth.com]"}
{"timestamp":"2026-05-28T07:13:40.865Z","level":"LOG","message":"🚀 Lokum Engine Running on port 3000"}
{"timestamp":"2026-05-28T07:44:35.420Z","level":"LOG","message":"◇ injected env (0) from .env // tip: ⌁ auth for agents [www.vestauth.com]"}
{"timestamp":"2026-05-28T07:44:35.810Z","level":"LOG","message":"🚀 Lokum Engine Running on port 3000"}
{"timestamp":"2026-05-28T08:29:30.576Z","level":"LOG","message":"◇ injected env (0) from .env // tip: ⌘ suppress logs { quiet: true }"}
{"timestamp":"2026-05-28T08:29:30.998Z","level":"LOG","message":"🚀 Lokum Engine Running on port 3000"}
{"timestamp":"2026-05-28T11:26:10.446Z","level":"LOG","message":"◇ injected env (0) from .env // tip: ⌘ custom filepath { path: '/custom/path/.env' }"}
{"timestamp":"2026-05-28T11:26:10.851Z","level":"LOG","message":"🚀 Lokum Engine Running on port 3000"}
{"timestamp":"2026-05-28T11:45:38.369Z","level":"LOG","message":"◇ injected env (0) from .env // tip: ⌘ custom filepath { path: '/custom/path/.env' }"}
{"timestamp":"2026-05-28T11:45:38.796Z","level":"LOG","message":"🚀 Lokum Engine Running on port 3000"}
{"timestamp":"2026-05-28T13:36:57.677Z","level":"LOG","message":"◇ injected env (0) from .env // tip: ⌘ enable debugging { debug: true }"}
{"timestamp":"2026-05-28T13:36:58.129Z","level":"LOG","message":"🚀 Lokum Engine Running on port 3000"}
{"timestamp":"2026-05-28T15:13:51.939Z","level":"LOG","message":"◇ injected env (0) from .env // tip: ⌁ auth for agents [www.vestauth.com]"}
{"timestamp":"2026-05-28T15:13:52.366Z","level":"LOG","message":"🚀 Lokum Engine Running on port 3000"}
{"timestamp":"2026-05-28T15:47:20.281Z","level":"LOG","message":"◇ injected env (0) from .env // tip: ⌘ enable debugging { debug: true }"}
{"timestamp":"2026-05-28T15:47:20.686Z","level":"LOG","message":"🚀 Lokum Engine Running on port 3000"}
{"timestamp":"2026-05-28T17:22:23.379Z","level":"LOG","message":"◇ injected env (0) from .env // tip: ◈ encrypted .env [www.dotenvx.com]"}
{"timestamp":"2026-05-28T17:22:23.775Z","level":"LOG","message":"🚀 Lokum Engine Running on port 3000"}
{"timestamp":"2026-05-28T19:08:17.288Z","level":"LOG","message":"◇ injected env (0) from .env // tip: ◈ secrets for agents [www.dotenvx.com]"}
{"timestamp":"2026-05-28T19:08:17.759Z","level":"LOG","message":"🚀 Lokum Engine Running on port 3000"}
{"timestamp":"2026-05-28T19:39:27.975Z","level":"LOG","message":"◇ injected env (0) from .env // tip: ◈ secrets for agents [www.dotenvx.com]"}
{"timestamp":"2026-05-28T19:39:28.360Z","level":"LOG","message":"🚀 Lokum Engine Running on port 3000"}
{"timestamp":"2026-05-28T21:16:00.277Z","level":"LOG","message":"◇ injected env (0) from .env // tip: ⌁ auth for agents [www.vestauth.com]"}
{"timestamp":"2026-05-28T21:16:00.712Z","level":"LOG","message":"🚀 Lokum Engine Running on port 3000"}
{"timestamp":"2026-05-29T07:16:04.269Z","level":"LOG","message":"◇ injected env (0) from .env // tip: ◈ secrets for agents [www.dotenvx.com]"}
{"timestamp":"2026-05-29T07:16:04.779Z","level":"LOG","message":"🚀 Lokum Engine Running on port 3000"}
{"timestamp":"2026-05-29T09:04:58.584Z","level":"LOG","message":"◇ injected env (0) from .env // tip: ⌘ multiple files { path: ['.env.local', '.env'] }"}
{"timestamp":"2026-05-29T09:04:59.009Z","level":"LOG","message":"🚀 Lokum Engine Running on port 3000"}
{"timestamp":"2026-05-29T09:45:01.906Z","level":"LOG","message":"◇ injected env (0) from .env // tip: ⌁ auth for agents [www.vestauth.com]"}
{"timestamp":"2026-05-29T09:45:02.426Z","level":"LOG","message":"🚀 Lokum Engine Running on port 3000"}
{"timestamp":"2026-05-29T11:28:27.264Z","level":"LOG","message":"◇ injected env (0) from .env // tip: ⌁ auth for agents [www.vestauth.com]"}
{"timestamp":"2026-05-29T11:28:27.652Z","level":"LOG","message":"🚀 Lokum Engine Running on port 3000"}
{"timestamp":"2026-05-29T13:12:52.367Z","level":"LOG","message":"◇ injected env (0) from .env // tip: ⌘ custom filepath { path: '/custom/path/.env' }"}
{"timestamp":"2026-05-29T13:12:52.812Z","level":"LOG","message":"🚀 Lokum Engine Running on port 3000"}
{"timestamp":"2026-05-29T17:54:47.477Z","level":"LOG","message":"◇ injected env (0) from .env // tip: ⌁ auth for agents [www.vestauth.com]"}
{"timestamp":"2026-05-29T17:54:47.879Z","level":"LOG","message":"🚀 Lokum Engine Running on port 3000"}
{"timestamp":"2026-05-29T19:16:51.800Z","level":"LOG","message":"◇ injected env (0) from .env // tip: ⌁ auth for agents [www.vestauth.com]"}
{"timestamp":"2026-05-29T19:16:52.272Z","level":"LOG","message":"🚀 Lokum Engine Running on port 3000"}
{"timestamp":"2026-05-29T19:52:02.035Z","level":"LOG","message":"◇ injected env (0) from .env // tip: ⌘ suppress logs { quiet: true }"}
{"timestamp":"2026-05-29T19:52:02.619Z","level":"LOG","message":"🚀 Lokum Engine Running on port 3000"}
{"timestamp":"2026-05-29T21:42:03.303Z","level":"LOG","message":"◇ injected env (0) from .env // tip: ⌘ suppress logs { quiet: true }"}
{"timestamp":"2026-05-29T21:42:03.822Z","level":"LOG","message":"🚀 Lokum Engine Running on port 3000"}
{"timestamp":"2026-05-29T22:27:11.001Z","level":"LOG","message":"◇ injected env (0) from .env // tip: ◈ encrypted .env [www.dotenvx.com]"}
{"timestamp":"2026-05-29T22:27:11.395Z","level":"LOG","message":"🚀 Lokum Engine Running on port 3000"}
{"timestamp":"2026-05-29T22:52:21.041Z","level":"LOG","message":"◇ injected env (0) from .env // tip: ⌘ suppress logs { quiet: true }"}
{"timestamp":"2026-05-29T22:52:21.435Z","level":"LOG","message":"🚀 Lokum Engine Running on port 3000"}
{"timestamp":"2026-05-29T23:44:37.622Z","level":"LOG","message":"◇ injected env (0) from .env // tip: ⌘ custom filepath { path: '/custom/path/.env' }"}
{"timestamp":"2026-05-29T23:44:38.009Z","level":"LOG","message":"🚀 Lokum Engine Running on port 3000"}
{"timestamp":"2026-05-30T01:21:34.823Z","level":"LOG","message":"◇ injected env (0) from .env // tip: ⌁ auth for agents [www.vestauth.com]"}
{"timestamp":"2026-05-30T01:21:35.284Z","level":"LOG","message":"🚀 Lokum Engine Running on port 3000"}
{"timestamp":"2026-05-30T03:51:35.877Z","level":"LOG","message":"◇ injected env (0) from .env // tip: ⌘ suppress logs { quiet: true }"}
{"timestamp":"2026-05-30T03:51:36.386Z","level":"LOG","message":"🚀 Lokum Engine Running on port 3000"}
{"timestamp":"2026-05-30T05:32:51.226Z","level":"LOG","message":"◇ injected env (0) from .env // tip: ⌘ multiple files { path: ['.env.local', '.env'] }"}
{"timestamp":"2026-05-30T05:32:51.643Z","level":"LOG","message":"🚀 Lokum Engine Running on port 3000"}
{"timestamp":"2026-05-30T07:30:18.283Z","level":"LOG","message":"◇ injected env (0) from .env // tip: ◈ encrypted .env [www.dotenvx.com]"}
{"timestamp":"2026-05-30T07:30:18.698Z","level":"LOG","message":"🚀 Lokum Engine Running on port 3000"}
{"timestamp":"2026-05-30T09:28:02.509Z","level":"LOG","message":"◇ injected env (0) from .env // tip: ⌘ override existing { override: true }"}
{"timestamp":"2026-05-30T09:28:03.061Z","level":"LOG","message":"🚀 Lokum Engine Running on port 3000"}
{"timestamp":"2026-05-30T11:24:32.155Z","level":"LOG","message":"◇ injected env (0) from .env // tip: ⌁ auth for agents [www.vestauth.com]"}
{"timestamp":"2026-05-30T11:24:32.553Z","level":"LOG","message":"🚀 Lokum Engine Running on port 3000"}
{"timestamp":"2026-05-30T19:52:38.479Z","level":"LOG","message":"◇ injected env (0) from .env // tip: ◈ encrypted .env [www.dotenvx.com]"}
{"timestamp":"2026-05-30T19:52:38.872Z","level":"LOG","message":"🚀 Lokum Engine Running on port 3000"}
{"timestamp":"2026-05-30T22:14:07.066Z","level":"LOG","message":"◇ injected env (0) from .env // tip: ⌘ custom filepath { path: '/custom/path/.env' }"}
{"timestamp":"2026-05-30T22:14:07.454Z","level":"LOG","message":"🚀 Lokum Engine Running on port 3000"}
{"timestamp":"2026-05-30T22:42:59.165Z","level":"LOG","message":"◇ injected env (0) from .env // tip: ⌘ override existing { override: true }"}
{"timestamp":"2026-05-30T22:42:59.575Z","level":"LOG","message":"🚀 Lokum Engine Running on port 3000"}
{"timestamp":"2026-05-30T23:50:54.734Z","level":"LOG","message":"◇ injected env (0) from .env // tip: ⌘ override existing { override: true }"}
{"timestamp":"2026-05-30T23:50:55.184Z","level":"LOG","message":"🚀 Lokum Engine Running on port 3000"}
{"timestamp":"2026-05-31T00:02:07.377Z","level":"LOG","message":"◇ injected env (0) from .env // tip: ◈ secrets for agents [www.dotenvx.com]"}
{"timestamp":"2026-05-31T00:02:07.799Z","level":"LOG","message":"🚀 Lokum Engine Running on port 3000"}
{"timestamp":"2026-05-31T02:07:37.421Z","level":"LOG","message":"◇ injected env (0) from .env // tip: ⌁ auth for agents [www.vestauth.com]"}
{"timestamp":"2026-05-31T02:07:37.852Z","level":"LOG","message":"🚀 Lokum Engine Running on port 3000"}
{"timestamp":"2026-05-31T04:35:19.199Z","level":"LOG","message":"◇ injected env (0) from .env // tip: ◈ encrypted .env [www.dotenvx.com]"}
{"timestamp":"2026-05-31T04:35:19.585Z","level":"LOG","message":"🚀 Lokum Engine Running on port 3000"}
{"timestamp":"2026-05-31T06:43:26.566Z","level":"LOG","message":"◇ injected env (0) from .env // tip: ⌘ suppress logs { quiet: true }"}
{"timestamp":"2026-05-31T06:43:27.079Z","level":"LOG","message":"🚀 Lokum Engine Running on port 3000"}
{"timestamp":"2026-05-31T07:03:26.894Z","level":"LOG","message":"◇ injected env (0) from .env // tip: ⌘ multiple files { path: ['.env.local', '.env'] }"}
{"timestamp":"2026-05-31T07:03:27.360Z","level":"LOG","message":"🚀 Lokum Engine Running on port 3000"}
{"timestamp":"2026-05-31T08:16:51.674Z","level":"LOG","message":"◇ injected env (0) from .env // tip: ◈ secrets for agents [www.dotenvx.com]"}
{"timestamp":"2026-05-31T08:16:52.092Z","level":"LOG","message":"🚀 Lokum Engine Running on port 3000"}
{"timestamp":"2026-05-31T15:26:54.018Z","level":"LOG","message":"◇ injected env (0) from .env // tip: ⌘ multiple files { path: ['.env.local', '.env'] }"}
{"timestamp":"2026-05-31T15:26:54.538Z","level":"LOG","message":"🚀 Lokum Engine Running on port 3000"}
{"timestamp":"2026-05-31T16:34:02.226Z","level":"LOG","message":"◇ injected env (0) from .env // tip: ◈ encrypted .env [www.dotenvx.com]"}
{"timestamp":"2026-05-31T16:34:02.698Z","level":"LOG","message":"🚀 Lokum Engine Running on port 3000"}
{"timestamp":"2026-05-31T16:34:18.352Z","level":"LOG","message":"◇ injected env (0) from .env // tip: ⌘ multiple files { path: ['.env.local', '.env'] }"}
{"timestamp":"2026-05-31T16:34:18.680Z","level":"LOG","message":"🚀 Lokum Engine Running on port 3000"}
{"timestamp":"2026-05-31T17:44:41.560Z","level":"LOG","message":"◇ injected env (0) from .env // tip: ⌘ suppress logs { quiet: true }"}
{"timestamp":"2026-05-31T17:44:41.972Z","level":"LOG","message":"🚀 Lokum Engine Running on port 3000"}
{"timestamp":"2026-05-31T17:44:59.356Z","level":"LOG","message":"◇ injected env (0) from .env // tip: ⌘ custom filepath { path: '/custom/path/.env' }"}
{"timestamp":"2026-05-31T17:44:59.698Z","level":"LOG","message":"🚀 Lokum Engine Running on port 3000"}
{"timestamp":"2026-05-31T18:51:03.180Z","level":"LOG","message":"◇ injected env (0) from .env // tip: ⌘ enable debugging { debug: true }"}
{"timestamp":"2026-05-31T18:51:03.600Z","level":"LOG","message":"🚀 Lokum Engine Running on port 3000"}
{"timestamp":"2026-05-31T19:09:40.797Z","level":"LOG","message":"◇ injected env (0) from .env // tip: ◈ secrets for agents [www.dotenvx.com]"}
{"timestamp":"2026-05-31T19:09:41.200Z","level":"LOG","message":"🚀 Lokum Engine Running on port 3000"}
{"timestamp":"2026-05-31T20:09:10.147Z","level":"LOG","message":"◇ injected env (0) from .env // tip: ⌘ override existing { override: true }"}
{"timestamp":"2026-05-31T20:09:10.589Z","level":"LOG","message":"🚀 Lokum Engine Running on port 3000"}
{"timestamp":"2026-05-31T21:11:15.546Z","level":"LOG","message":"◇ injected env (0) from .env // tip: ⌘ enable debugging { debug: true }"}
{"timestamp":"2026-05-31T21:11:16.007Z","level":"LOG","message":"🚀 Lokum Engine Running on port 3000"}
{"timestamp":"2026-05-31T22:55:22.783Z","level":"LOG","message":"◇ injected env (0) from .env // tip: ⌘ override existing { override: true }"}
{"timestamp":"2026-05-31T22:55:23.179Z","level":"LOG","message":"🚀 Lokum Engine Running on port 3000"}
{"timestamp":"2026-06-01T00:32:46.226Z","level":"LOG","message":"◇ injected env (0) from .env // tip: ⌘ custom filepath { path: '/custom/path/.env' }"}
{"timestamp":"2026-06-01T00:32:46.684Z","level":"LOG","message":"🚀 Lokum Engine Running on port 3000"}
{"timestamp":"2026-06-01T01:05:18.267Z","level":"LOG","message":"◇ injected env (0) from .env // tip: ⌘ enable debugging { debug: true }"}
{"timestamp":"2026-06-01T01:05:18.664Z","level":"LOG","message":"🚀 Lokum Engine Running on port 3000"}
{"timestamp":"2026-06-01T03:33:14.456Z","level":"LOG","message":"◇ injected env (0) from .env // tip: ⌘ custom filepath { path: '/custom/path/.env' }"}
{"timestamp":"2026-06-01T03:33:14.874Z","level":"LOG","message":"🚀 Lokum Engine Running on port 3000"}
{"timestamp":"2026-06-01T05:04:16.482Z","level":"LOG","message":"◇ injected env (0) from .env // tip: ◈ encrypted .env [www.dotenvx.com]"}
{"timestamp":"2026-06-01T05:04:16.973Z","level":"LOG","message":"🚀 Lokum Engine Running on port 3000"}
{"timestamp":"2026-06-01T08:19:52.739Z","level":"LOG","message":"◇ injected env (0) from .env // tip: ⌘ suppress logs { quiet: true }"}
{"timestamp":"2026-06-01T08:19:53.203Z","level":"LOG","message":"🚀 Lokum Engine Running on port 3000"}
{"timestamp":"2026-06-01T12:56:43.348Z","level":"LOG","message":"◇ injected env (0) from .env // tip: ⌘ custom filepath { path: '/custom/path/.env' }"}
{"timestamp":"2026-06-01T12:56:43.741Z","level":"LOG","message":"🚀 Lokum Engine Running on port 3000"}
{"timestamp":"2026-06-01T13:05:44.153Z","level":"LOG","message":"◇ injected env (0) from .env // tip: ⌘ custom filepath { path: '/custom/path/.env' }"}
{"timestamp":"2026-06-01T13:05:44.579Z","level":"LOG","message":"🚀 Lokum Engine Running on port 3000"}
{"timestamp":"2026-06-01T14:40:16.045Z","level":"LOG","message":"◇ injected env (0) from .env // tip: ⌘ multiple files { path: ['.env.local', '.env'] }"}
{"timestamp":"2026-06-01T14:40:16.451Z","level":"LOG","message":"🚀 Lokum Engine Running on port 3000"}
{"timestamp":"2026-06-01T15:41:06.281Z","level":"LOG","message":"◇ injected env (0) from .env // tip: ⌘ override existing { override: true }"}
{"timestamp":"2026-06-01T15:41:06.710Z","level":"LOG","message":"🚀 Lokum Engine Running on port 3000"}
{"timestamp":"2026-06-01T17:09:29.338Z","level":"LOG","message":"◇ injected env (0) from .env // tip: ⌘ custom filepath { path: '/custom/path/.env' }"}
{"timestamp":"2026-06-01T17:09:29.798Z","level":"LOG","message":"🚀 Lokum Engine Running on port 3000"}
{"timestamp":"2026-06-01T18:21:28.214Z","level":"LOG","message":"◇ injected env (0) from .env // tip: ◈ secrets for agents [www.dotenvx.com]"}
{"timestamp":"2026-06-01T18:21:28.646Z","level":"LOG","message":"🚀 Lokum Engine Running on port 3000"}
{"timestamp":"2026-06-01T18:56:14.587Z","level":"LOG","message":"◇ injected env (0) from .env // tip: ◈ encrypted .env [www.dotenvx.com]"}
{"timestamp":"2026-06-01T18:56:15.052Z","level":"LOG","message":"🚀 Lokum Engine Running on port 3000"}
{"timestamp":"2026-06-02T01:03:11.483Z","level":"LOG","message":"◇ injected env (0) from .env // tip: ◈ encrypted .env [www.dotenvx.com]"}
{"timestamp":"2026-06-02T01:03:11.932Z","level":"LOG","message":"🚀 Lokum Engine Running on port 3000"}
{"timestamp":"2026-06-02T02:07:15.825Z","level":"LOG","message":"◇ injected env (0) from .env // tip: ⌘ multiple files { path: ['.env.local', '.env'] }"}
{"timestamp":"2026-06-02T02:07:16.248Z","level":"LOG","message":"🚀 Lokum Engine Running on port 3000"}
{"timestamp":"2026-06-02T05:01:20.461Z","level":"LOG","message":"◇ injected env (0) from .env // tip: ⌘ multiple files { path: ['.env.local', '.env'] }"}
{"timestamp":"2026-06-02T05:01:20.957Z","level":"LOG","message":"🚀 Lokum Engine Running on port 3000"}
{"timestamp":"2026-06-02T06:27:12.442Z","level":"LOG","message":"◇ injected env (0) from .env // tip: ⌁ auth for agents [www.vestauth.com]"}
{"timestamp":"2026-06-02T06:27:12.856Z","level":"LOG","message":"🚀 Lokum Engine Running on port 3000"}
{"timestamp":"2026-06-02T07:00:20.800Z","level":"LOG","message":"◇ injected env (0) from .env // tip: ⌘ custom filepath { path: '/custom/path/.env' }"}
{"timestamp":"2026-06-02T07:00:21.208Z","level":"LOG","message":"🚀 Lokum Engine Running on port 3000"}
{"timestamp":"2026-06-02T09:50:06.099Z","level":"LOG","message":"◇ injected env (0) from .env // tip: ⌘ multiple files { path: ['.env.local', '.env'] }"}
{"timestamp":"2026-06-02T09:50:06.515Z","level":"LOG","message":"🚀 Lokum Engine Running on port 3000"}
{"timestamp":"2026-06-02T11:38:49.959Z","level":"LOG","message":"◇ injected env (0) from .env // tip: ◈ secrets for agents [www.dotenvx.com]"}
{"timestamp":"2026-06-02T11:38:50.399Z","level":"LOG","message":"🚀 Lokum Engine Running on port 3000"}
{"timestamp":"2026-06-02T12:44:50.852Z","level":"LOG","message":"◇ injected env (0) from .env // tip: ◈ secrets for agents [www.dotenvx.com]"}
{"timestamp":"2026-06-02T12:44:51.378Z","level":"LOG","message":"🚀 Lokum Engine Running on port 3000"}
{"timestamp":"2026-06-02T13:53:58.197Z","level":"LOG","message":"◇ injected env (0) from .env // tip: ⌘ multiple files { path: ['.env.local', '.env'] }"}
{"timestamp":"2026-06-02T13:53:58.583Z","level":"LOG","message":"🚀 Lokum Engine Running on port 3000"}
{"timestamp":"2026-06-02T14:18:08.162Z","level":"LOG","message":"◇ injected env (0) from .env // tip: ⌘ multiple files { path: ['.env.local', '.env'] }"}
{"timestamp":"2026-06-02T14:18:08.577Z","level":"LOG","message":"🚀 Lokum Engine Running on port 3000"}
{"timestamp":"2026-06-02T15:07:52.097Z","level":"LOG","message":"◇ injected env (0) from .env // tip: ◈ encrypted .env [www.dotenvx.com]"}
{"timestamp":"2026-06-02T15:07:52.479Z","level":"LOG","message":"🚀 Lokum Engine Running on port 3000"}
{"timestamp":"2026-06-02T17:07:08.307Z","level":"LOG","message":"◇ injected env (0) from .env // tip: ◈ secrets for agents [www.dotenvx.com]"}
{"timestamp":"2026-06-02T17:07:08.762Z","level":"LOG","message":"🚀 Lokum Engine Running on port 3000"}
{"timestamp":"2026-06-02T18:06:48.265Z","level":"LOG","message":"◇ injected env (0) from .env // tip: ⌘ suppress logs { quiet: true }"}
{"timestamp":"2026-06-02T18:06:48.655Z","level":"LOG","message":"🚀 Lokum Engine Running on port 3000"}
{"timestamp":"2026-06-02T19:16:00.901Z","level":"LOG","message":"◇ injected env (0) from .env // tip: ⌘ suppress logs { quiet: true }"}
{"timestamp":"2026-06-02T19:16:01.374Z","level":"LOG","message":"🚀 Lokum Engine Running on port 3000"}
{"timestamp":"2026-06-02T19:55:30.185Z","level":"LOG","message":"◇ injected env (0) from .env // tip: ⌘ enable debugging { debug: true }"}
{"timestamp":"2026-06-02T19:55:30.607Z","level":"LOG","message":"🚀 Lokum Engine Running on port 3000"}
{"timestamp":"2026-06-02T23:03:59.559Z","level":"LOG","message":"◇ injected env (0) from .env // tip: ◈ encrypted .env [www.dotenvx.com]"}
{"timestamp":"2026-06-02T23:04:00.007Z","level":"LOG","message":"🚀 Lokum Engine Running on port 3000"}
{"timestamp":"2026-06-03T00:39:11.444Z","level":"LOG","message":"◇ injected env (0) from .env // tip: ⌘ enable debugging { debug: true }"}
{"timestamp":"2026-06-03T00:39:11.843Z","level":"LOG","message":"🚀 Lokum Engine Running on port 3000"}
{"timestamp":"2026-06-03T02:20:25.545Z","level":"LOG","message":"◇ injected env (0) from .env // tip: ⌘ enable debugging { debug: true }"}
{"timestamp":"2026-06-03T02:20:25.967Z","level":"LOG","message":"🚀 Lokum Engine Running on port 3000"}
{"timestamp":"2026-06-03T06:48:19.748Z","level":"LOG","message":"◇ injected env (0) from .env // tip: ⌘ suppress logs { quiet: true }"}
{"timestamp":"2026-06-03T06:48:20.238Z","level":"LOG","message":"🚀 Lokum Engine Running on port 3000"}
{"timestamp":"2026-06-03T06:58:29.481Z","level":"LOG","message":"◇ injected env (0) from .env // tip: ⌁ auth for agents [www.vestauth.com]"}
{"timestamp":"2026-06-03T06:58:29.876Z","level":"LOG","message":"🚀 Lokum Engine Running on port 3000"}
{"timestamp":"2026-06-03T11:06:39.880Z","level":"LOG","message":"◇ injected env (0) from .env // tip: ⌁ auth for agents [www.vestauth.com]"}
{"timestamp":"2026-06-03T11:06:40.279Z","level":"LOG","message":"🚀 Lokum Engine Running on port 3000"}
{"timestamp":"2026-06-03T14:14:13.596Z","level":"LOG","message":"◇ injected env (0) from .env // tip: ⌘ multiple files { path: ['.env.local', '.env'] }"}
{"timestamp":"2026-06-03T14:14:14.125Z","level":"LOG","message":"🚀 Lokum Engine Running on port 3000"}
{"timestamp":"2026-06-03T15:03:27.234Z","level":"LOG","message":"◇ injected env (0) from .env // tip: ◈ secrets for agents [www.dotenvx.com]"}
{"timestamp":"2026-06-03T15:03:27.654Z","level":"LOG","message":"🚀 Lokum Engine Running on port 3000"}
{"timestamp":"2026-06-03T17:16:27.937Z","level":"LOG","message":"◇ injected env (0) from .env // tip: ⌘ enable debugging { debug: true }"}
{"timestamp":"2026-06-03T17:16:28.319Z","level":"LOG","message":"🚀 Lokum Engine Running on port 3000"}
{"timestamp":"2026-06-03T18:04:10.506Z","level":"LOG","message":"◇ injected env (0) from .env // tip: ⌘ multiple files { path: ['.env.local', '.env'] }"}
{"timestamp":"2026-06-03T18:04:10.914Z","level":"LOG","message":"🚀 Lokum Engine Running on port 3000"}
{"timestamp":"2026-06-03T18:18:38.445Z","level":"LOG","message":"◇ injected env (0) from .env // tip: ⌘ override existing { override: true }"}
{"timestamp":"2026-06-03T18:18:38.828Z","level":"LOG","message":"🚀 Lokum Engine Running on port 3000"}
{"timestamp":"2026-06-03T19:39:55.770Z","level":"LOG","message":"◇ injected env (0) from .env // tip: ⌘ custom filepath { path: '/custom/path/.env' }"}
{"timestamp":"2026-06-03T19:39:56.248Z","level":"LOG","message":"🚀 Lokum Engine Running on port 3000"}
{"timestamp":"2026-06-03T20:23:19.442Z","level":"LOG","message":"◇ injected env (0) from .env // tip: ◈ encrypted .env [www.dotenvx.com]"}
{"timestamp":"2026-06-03T20:23:19.882Z","level":"LOG","message":"🚀 Lokum Engine Running on port 3000"}
{"timestamp":"2026-06-03T21:19:12.639Z","level":"LOG","message":"◇ injected env (0) from .env // tip: ⌁ auth for agents [www.vestauth.com]"}
{"timestamp":"2026-06-03T21:19:13.049Z","level":"LOG","message":"🚀 Lokum Engine Running on port 3000"}
{"timestamp":"2026-06-03T21:45:41.345Z","level":"LOG","message":"◇ injected env (0) from .env // tip: ◈ encrypted .env [www.dotenvx.com]"}
{"timestamp":"2026-06-03T21:45:41.804Z","level":"LOG","message":"🚀 Lokum Engine Running on port 3000"}
{"timestamp":"2026-06-04T01:22:31.559Z","level":"LOG","message":"◇ injected env (0) from .env // tip: ⌘ custom filepath { path: '/custom/path/.env' }"}
{"timestamp":"2026-06-04T01:22:31.962Z","level":"LOG","message":"🚀 Lokum Engine Running on port 3000"}
{"timestamp":"2026-06-04T04:05:08.046Z","level":"LOG","message":"◇ injected env (0) from .env // tip: ◈ secrets for agents [www.dotenvx.com]"}
{"timestamp":"2026-06-04T04:05:08.521Z","level":"LOG","message":"🚀 Lokum Engine Running on port 3000"}
{"timestamp":"2026-06-04T05:24:20.015Z","level":"LOG","message":"◇ injected env (0) from .env // tip: ⌁ auth for agents [www.vestauth.com]"}
{"timestamp":"2026-06-04T05:24:20.439Z","level":"LOG","message":"🚀 Lokum Engine Running on port 3000"}
{"timestamp":"2026-06-04T06:39:48.450Z","level":"LOG","message":"◇ injected env (0) from .env // tip: ◈ encrypted .env [www.dotenvx.com]"}
{"timestamp":"2026-06-04T06:39:48.868Z","level":"LOG","message":"🚀 Lokum Engine Running on port 3000"}
{"timestamp":"2026-06-04T06:40:08.017Z","level":"LOG","message":"◇ injected env (0) from .env // tip: ⌘ override existing { override: true }"}
{"timestamp":"2026-06-04T06:40:08.361Z","level":"LOG","message":"🚀 Lokum Engine Running on port 3000"}
{"timestamp":"2026-06-04T07:56:28.309Z","level":"LOG","message":"◇ injected env (0) from .env // tip: ⌘ override existing { override: true }"}
{"timestamp":"2026-06-04T07:56:28.792Z","level":"LOG","message":"🚀 Lokum Engine Running on port 3000"}
{"timestamp":"2026-06-04T11:44:11.940Z","level":"LOG","message":"◇ injected env (0) from .env // tip: ⌘ custom filepath { path: '/custom/path/.env' }"}
{"timestamp":"2026-06-04T11:44:12.449Z","level":"LOG","message":"🚀 Lokum Engine Running on port 3000"}
{"timestamp":"2026-06-04T11:46:05.240Z","level":"LOG","message":"◇ injected env (0) from .env // tip: ⌁ auth for agents [www.vestauth.com]"}
{"timestamp":"2026-06-04T11:46:05.708Z","level":"LOG","message":"🚀 Lokum Engine Running on port 3000"}
{"timestamp":"2026-06-04T13:37:45.935Z","level":"LOG","message":"◇ injected env (0) from .env // tip: ⌁ auth for agents [www.vestauth.com]"}
{"timestamp":"2026-06-04T13:37:46.409Z","level":"LOG","message":"🚀 Lokum Engine Running on port 3000"}
{"timestamp":"2026-06-04T14:58:17.638Z","level":"LOG","message":"◇ injected env (0) from .env // tip: ⌘ enable debugging { debug: true }"}
{"timestamp":"2026-06-04T14:58:18.018Z","level":"LOG","message":"🚀 Lokum Engine Running on port 3000"}
{"timestamp":"2026-06-04T17:35:09.003Z","level":"LOG","message":"◇ injected env (0) from .env // tip: ⌘ multiple files { path: ['.env.local', '.env'] }"}
{"timestamp":"2026-06-04T17:35:09.506Z","level":"LOG","message":"🚀 Lokum Engine Running on port 3000"}
{"timestamp":"2026-06-04T19:14:48.973Z","level":"LOG","message":"◇ injected env (0) from .env // tip: ◈ secrets for agents [www.dotenvx.com]"}
{"timestamp":"2026-06-04T19:14:49.393Z","level":"LOG","message":"🚀 Lokum Engine Running on port 3000"}
{"timestamp":"2026-06-04T19:16:58.155Z","level":"LOG","message":"◇ injected env (0) from .env // tip: ⌁ auth for agents [www.vestauth.com]"}
{"timestamp":"2026-06-04T19:16:58.539Z","level":"LOG","message":"🚀 Lokum Engine Running on port 3000"}
{"timestamp":"2026-06-04T20:19:16.052Z","level":"LOG","message":"◇ injected env (0) from .env // tip: ⌘ multiple files { path: ['.env.local', '.env'] }"}
{"timestamp":"2026-06-04T20:19:16.522Z","level":"LOG","message":"🚀 Lokum Engine Running on port 3000"}
{"timestamp":"2026-06-04T22:03:49.464Z","level":"LOG","message":"◇ injected env (0) from .env // tip: ⌘ custom filepath { path: '/custom/path/.env' }"}
{"timestamp":"2026-06-04T22:03:49.841Z","level":"LOG","message":"🚀 Lokum Engine Running on port 3000"}
{"timestamp":"2026-06-04T22:11:25.886Z","level":"LOG","message":"◇ injected env (0) from .env // tip: ◈ encrypted .env [www.dotenvx.com]"}
{"timestamp":"2026-06-04T22:11:26.225Z","level":"LOG","message":"🚀 Lokum Engine Running on port 3000"}
{"timestamp":"2026-06-04T23:25:38.140Z","level":"LOG","message":"◇ injected env (0) from .env // tip: ⌘ custom filepath { path: '/custom/path/.env' }"}
{"timestamp":"2026-06-04T23:25:38.523Z","level":"LOG","message":"🚀 Lokum Engine Running on port 3000"}
{"timestamp":"2026-06-05T01:15:32.938Z","level":"LOG","message":"◇ injected env (0) from .env // tip: ⌘ override existing { override: true }"}
{"timestamp":"2026-06-05T01:15:33.355Z","level":"LOG","message":"🚀 Lokum Engine Running on port 3000"}
{"timestamp":"2026-06-05T03:45:08.311Z","level":"LOG","message":"◇ injected env (0) from .env // tip: ⌁ auth for agents [www.vestauth.com]"}
{"timestamp":"2026-06-05T03:45:08.778Z","level":"LOG","message":"🚀 Lokum Engine Running on port 3000"}
{"timestamp":"2026-06-05T07:02:43.293Z","level":"LOG","message":"◇ injected env (0) from .env // tip: ⌘ enable debugging { debug: true }"}
{"timestamp":"2026-06-05T07:02:43.687Z","level":"LOG","message":"🚀 Lokum Engine Running on port 3000"}
{"timestamp":"2026-06-05T08:59:11.058Z","level":"LOG","message":"◇ injected env (0) from .env // tip: ⌘ enable debugging { debug: true }"}
{"timestamp":"2026-06-05T08:59:11.459Z","level":"LOG","message":"🚀 Lokum Engine Running on port 3000"}
{"timestamp":"2026-06-05T10:46:11.720Z","level":"LOG","message":"◇ injected env (0) from .env // tip: ⌘ multiple files { path: ['.env.local', '.env'] }"}
{"timestamp":"2026-06-05T10:46:12.195Z","level":"LOG","message":"🚀 Lokum Engine Running on port 3000"}
{"timestamp":"2026-06-05T13:36:34.987Z","level":"LOG","message":"◇ injected env (0) from .env // tip: ◈ encrypted .env [www.dotenvx.com]"}
{"timestamp":"2026-06-05T13:36:35.482Z","level":"LOG","message":"🚀 Lokum Engine Running on port 3000"}
{"timestamp":"2026-06-05T15:41:16.072Z","level":"LOG","message":"◇ injected env (0) from .env // tip: ⌘ override existing { override: true }"}
{"timestamp":"2026-06-05T15:41:16.492Z","level":"LOG","message":"🚀 Lokum Engine Running on port 3000"}
{"timestamp":"2026-06-05T18:50:23.803Z","level":"LOG","message":"◇ injected env (0) from .env // tip: ◈ secrets for agents [www.dotenvx.com]"}
{"timestamp":"2026-06-05T18:50:24.294Z","level":"LOG","message":"🚀 Lokum Engine Running on port 3000"}
{"timestamp":"2026-06-05T23:01:15.128Z","level":"LOG","message":"◇ injected env (0) from .env // tip: ◈ encrypted .env [www.dotenvx.com]"}
{"timestamp":"2026-06-05T23:01:15.586Z","level":"LOG","message":"🚀 Lokum Engine Running on port 3000"}
{"timestamp":"2026-06-06T00:38:34.568Z","level":"LOG","message":"◇ injected env (0) from .env // tip: ⌘ custom filepath { path: '/custom/path/.env' }"}
{"timestamp":"2026-06-06T00:38:34.962Z","level":"LOG","message":"🚀 Lokum Engine Running on port 3000"}
{"timestamp":"2026-06-06T04:19:36.226Z","level":"LOG","message":"◇ injected env (0) from .env // tip: ⌘ multiple files { path: ['.env.local', '.env'] }"}
{"timestamp":"2026-06-06T04:19:36.720Z","level":"LOG","message":"🚀 Lokum Engine Running on port 3000"}
{"timestamp":"2026-06-06T05:42:55.291Z","level":"LOG","message":"◇ injected env (0) from .env // tip: ⌁ auth for agents [www.vestauth.com]"}
{"timestamp":"2026-06-06T05:42:55.727Z","level":"LOG","message":"🚀 Lokum Engine Running on port 3000"}
{"timestamp":"2026-06-06T07:50:23.358Z","level":"LOG","message":"◇ injected env (0) from .env // tip: ◈ encrypted .env [www.dotenvx.com]"}
{"timestamp":"2026-06-06T07:50:23.832Z","level":"LOG","message":"🚀 Lokum Engine Running on port 3000"}
{"timestamp":"2026-06-06T10:10:38.845Z","level":"LOG","message":"◇ injected env (0) from .env // tip: ⌘ enable debugging { debug: true }"}
{"timestamp":"2026-06-06T10:10:39.246Z","level":"LOG","message":"🚀 Lokum Engine Running on port 3000"}
{"timestamp":"2026-06-06T13:01:54.165Z","level":"LOG","message":"◇ injected env (0) from .env // tip: ⌘ suppress logs { quiet: true }"}
{"timestamp":"2026-06-06T13:01:54.639Z","level":"LOG","message":"🚀 Lokum Engine Running on port 3000"}
{"timestamp":"2026-06-06T13:18:29.612Z","level":"LOG","message":"◇ injected env (0) from .env // tip: ⌘ multiple files { path: ['.env.local', '.env'] }"}
{"timestamp":"2026-06-06T13:18:30.041Z","level":"LOG","message":"🚀 Lokum Engine Running on port 3000"}
{"timestamp":"2026-06-06T15:53:00.241Z","level":"LOG","message":"◇ injected env (0) from .env // tip: ⌘ override existing { override: true }"}
{"timestamp":"2026-06-06T15:53:00.677Z","level":"LOG","message":"🚀 Lokum Engine Running on port 3000"}
{"timestamp":"2026-06-06T16:59:58.887Z","level":"LOG","message":"◇ injected env (0) from .env // tip: ◈ encrypted .env [www.dotenvx.com]"}
{"timestamp":"2026-06-06T16:59:59.301Z","level":"LOG","message":"🚀 Lokum Engine Running on port 3000"}
{"timestamp":"2026-06-06T20:32:35.015Z","level":"LOG","message":"◇ injected env (0) from .env // tip: ⌘ custom filepath { path: '/custom/path/.env' }"}
{"timestamp":"2026-06-06T20:32:35.514Z","level":"LOG","message":"🚀 Lokum Engine Running on port 3000"}
{"timestamp":"2026-06-06T21:41:38.100Z","level":"LOG","message":"◇ injected env (0) from .env // tip: ⌘ multiple files { path: ['.env.local', '.env'] }"}
{"timestamp":"2026-06-06T21:41:38.502Z","level":"LOG","message":"🚀 Lokum Engine Running on port 3000"}
{"timestamp":"2026-06-06T23:55:02.714Z","level":"LOG","message":"◇ injected env (0) from .env // tip: ⌘ override existing { override: true }"}
{"timestamp":"2026-06-06T23:55:03.297Z","level":"LOG","message":"🚀 Lokum Engine Running on port 3000"}
{"timestamp":"2026-06-07T00:58:45.147Z","level":"LOG","message":"◇ injected env (0) from .env // tip: ◈ encrypted .env [www.dotenvx.com]"}
{"timestamp":"2026-06-07T00:58:45.554Z","level":"LOG","message":"🚀 Lokum Engine Running on port 3000"}
{"timestamp":"2026-06-07T01:10:13.642Z","level":"LOG","message":"◇ injected env (0) from .env // tip: ⌘ override existing { override: true }"}
{"timestamp":"2026-06-07T01:10:13.660Z","level":"LOG","message":"◇ injected env (0) from .env // tip: ⌘ multiple files { path: ['.env.local', '.env'] }"}
{"timestamp":"2026-06-07T01:10:14.034Z","level":"LOG","message":"🚀 Lokum Engine Running on port 3000"}
{"timestamp":"2026-06-07T01:10:14.044Z","level":"LOG","message":"🚀 Lokum Engine Running on port 3000"}
{"timestamp":"2026-06-07T02:49:33.253Z","level":"LOG","message":"◇ injected env (0) from .env // tip: ⌘ custom filepath { path: '/custom/path/.env' }"}
{"timestamp":"2026-06-07T02:49:33.638Z","level":"LOG","message":"🚀 Lokum Engine Running on port 3000"}
{"timestamp":"2026-06-07T11:15:46.718Z","level":"LOG","message":"◇ injected env (0) from .env // tip: ⌁ auth for agents [www.vestauth.com]"}
{"timestamp":"2026-06-07T11:15:47.168Z","level":"LOG","message":"🚀 Lokum Engine Running on port 3000"}
{"timestamp":"2026-06-07T14:00:46.684Z","level":"LOG","message":"◇ injected env (0) from .env // tip: ⌘ multiple files { path: ['.env.local', '.env'] }"}
{"timestamp":"2026-06-07T14:00:47.074Z","level":"LOG","message":"🚀 Lokum Engine Running on port 3000"}
{"timestamp":"2026-06-07T16:02:23.460Z","level":"LOG","message":"◇ injected env (0) from .env // tip: ⌘ override existing { override: true }"}
{"timestamp":"2026-06-07T16:02:23.838Z","level":"LOG","message":"🚀 Lokum Engine Running on port 3000"}
{"timestamp":"2026-06-07T17:09:35.676Z","level":"LOG","message":"◇ injected env (0) from .env // tip: ⌁ auth for agents [www.vestauth.com]"}
{"timestamp":"2026-06-07T17:09:36.092Z","level":"LOG","message":"🚀 Lokum Engine Running on port 3000"}
{"timestamp":"2026-06-07T23:27:01.289Z","level":"LOG","message":"◇ injected env (0) from .env // tip: ⌘ suppress logs { quiet: true }"}
{"timestamp":"2026-06-07T23:27:01.723Z","level":"LOG","message":"🚀 Lokum Engine Running on port 3000"}
{"timestamp":"2026-06-08T00:35:15.245Z","level":"LOG","message":"◇ injected env (0) from .env // tip: ⌘ override existing { override: true }"}
{"timestamp":"2026-06-08T00:35:15.631Z","level":"LOG","message":"🚀 Lokum Engine Running on port 3000"}
{"timestamp":"2026-06-08T02:50:52.738Z","level":"LOG","message":"◇ injected env (0) from .env // tip: ⌘ multiple files { path: ['.env.local', '.env'] }"}
{"timestamp":"2026-06-08T02:50:53.200Z","level":"LOG","message":"🚀 Lokum Engine Running on port 3000"}
{"timestamp":"2026-06-08T04:14:31.029Z","level":"LOG","message":"◇ injected env (0) from .env // tip: ⌁ auth for agents [www.vestauth.com]"}
{"timestamp":"2026-06-08T04:14:31.444Z","level":"LOG","message":"🚀 Lokum Engine Running on port 3000"}
{"timestamp":"2026-06-08T05:28:25.040Z","level":"LOG","message":"◇ injected env (0) from .env // tip: ⌘ custom filepath { path: '/custom/path/.env' }"}
{"timestamp":"2026-06-08T05:28:25.458Z","level":"LOG","message":"🚀 Lokum Engine Running on port 3000"}
{"timestamp":"2026-06-08T08:28:19.238Z","level":"LOG","message":"◇ injected env (0) from .env // tip: ◈ encrypted .env [www.dotenvx.com]"}
{"timestamp":"2026-06-08T08:28:19.716Z","level":"LOG","message":"🚀 Lokum Engine Running on port 3000"}
{"timestamp":"2026-06-08T11:03:41.303Z","level":"LOG","message":"◇ injected env (0) from .env // tip: ⌘ custom filepath { path: '/custom/path/.env' }"}
{"timestamp":"2026-06-08T11:03:41.811Z","level":"LOG","message":"🚀 Lokum Engine Running on port 3000"}
{"timestamp":"2026-06-08T13:06:41.529Z","level":"LOG","message":"◇ injected env (0) from .env // tip: ⌘ multiple files { path: ['.env.local', '.env'] }"}
{"timestamp":"2026-06-08T13:06:42.007Z","level":"LOG","message":"🚀 Lokum Engine Running on port 3000"}
{"timestamp":"2026-06-08T14:11:20.365Z","level":"LOG","message":"◇ injected env (0) from .env // tip: ⌘ enable debugging { debug: true }"}
{"timestamp":"2026-06-08T14:11:20.944Z","level":"LOG","message":"🚀 Lokum Engine Running on port 3000"}
{"timestamp":"2026-06-08T14:57:09.506Z","level":"LOG","message":"◇ injected env (0) from .env // tip: ⌘ suppress logs { quiet: true }"}
{"timestamp":"2026-06-08T14:57:10.057Z","level":"LOG","message":"🚀 Lokum Engine Running on port 3000"}
{"timestamp":"2026-06-08T16:20:25.288Z","level":"LOG","message":"◇ injected env (0) from .env // tip: ⌘ custom filepath { path: '/custom/path/.env' }"}
{"timestamp":"2026-06-08T16:20:25.787Z","level":"LOG","message":"🚀 Lokum Engine Running on port 3000"}
{"timestamp":"2026-06-08T19:33:24.578Z","level":"LOG","message":"◇ injected env (0) from .env // tip: ⌘ multiple files { path: ['.env.local', '.env'] }"}
{"timestamp":"2026-06-08T19:33:25.126Z","level":"LOG","message":"🚀 Lokum Engine Running on port 3000"}
{"timestamp":"2026-06-08T20:19:09.192Z","level":"LOG","message":"◇ injected env (0) from .env // tip: ⌘ suppress logs { quiet: true }"}
{"timestamp":"2026-06-08T20:19:09.606Z","level":"LOG","message":"🚀 Lokum Engine Running on port 3000"}
{"timestamp":"2026-06-08T20:52:32.109Z","level":"LOG","message":"◇ injected env (0) from .env // tip: ⌘ custom filepath { path: '/custom/path/.env' }"}
{"timestamp":"2026-06-08T20:52:32.570Z","level":"LOG","message":"🚀 Lokum Engine Running on port 3000"}
{"timestamp":"2026-06-08T22:20:33.948Z","level":"LOG","message":"◇ injected env (0) from .env // tip: ⌘ multiple files { path: ['.env.local', '.env'] }"}
{"timestamp":"2026-06-08T22:20:34.708Z","level":"LOG","message":"🚀 Lokum Engine Running on port 3000"}
{"timestamp":"2026-06-08T22:58:55.576Z","level":"LOG","message":"◇ injected env (0) from .env // tip: ⌘ override existing { override: true }"}
{"timestamp":"2026-06-08T22:58:55.981Z","level":"LOG","message":"🚀 Lokum Engine Running on port 3000"}
{"timestamp":"2026-06-09T01:24:16.068Z","level":"LOG","message":"◇ injected env (0) from .env // tip: ⌁ auth for agents [www.vestauth.com]"}
{"timestamp":"2026-06-09T01:24:16.493Z","level":"LOG","message":"🚀 Lokum Engine Running on port 3000"}
{"timestamp":"2026-06-09T07:51:25.514Z","level":"LOG","message":"◇ injected env (0) from .env // tip: ◈ secrets for agents [www.dotenvx.com]"}
{"timestamp":"2026-06-09T07:51:26.028Z","level":"LOG","message":"🚀 Lokum Engine Running on port 3000"}
{"timestamp":"2026-06-09T09:52:59.920Z","level":"LOG","message":"◇ injected env (0) from .env // tip: ◈ encrypted .env [www.dotenvx.com]"}
{"timestamp":"2026-06-09T09:53:00.370Z","level":"LOG","message":"🚀 Lokum Engine Running on port 3000"}
{"timestamp":"2026-06-09T11:07:10.977Z","level":"LOG","message":"◇ injected env (0) from .env // tip: ⌘ multiple files { path: ['.env.local', '.env'] }"}
{"timestamp":"2026-06-09T11:07:11.407Z","level":"LOG","message":"🚀 Lokum Engine Running on port 3000"}
{"timestamp":"2026-06-09T12:13:39.573Z","level":"LOG","message":"◇ injected env (0) from .env // tip: ◈ secrets for agents [www.dotenvx.com]"}
{"timestamp":"2026-06-09T12:13:40.047Z","level":"LOG","message":"🚀 Lokum Engine Running on port 3000"}
{"timestamp":"2026-06-09T13:26:33.338Z","level":"LOG","message":"◇ injected env (0) from .env // tip: ⌘ override existing { override: true }"}
{"timestamp":"2026-06-09T13:26:33.792Z","level":"LOG","message":"🚀 Lokum Engine Running on port 3000"}
{"timestamp":"2026-06-09T14:43:43.699Z","level":"LOG","message":"◇ injected env (0) from .env // tip: ◈ encrypted .env [www.dotenvx.com]"}
{"timestamp":"2026-06-09T14:43:44.191Z","level":"LOG","message":"🚀 Lokum Engine Running on port 3000"}
{"timestamp":"2026-06-09T15:44:38.689Z","level":"LOG","message":"◇ injected env (0) from .env // tip: ⌘ suppress logs { quiet: true }"}
{"timestamp":"2026-06-09T15:44:39.135Z","level":"LOG","message":"🚀 Lokum Engine Running on port 3000"}
{"timestamp":"2026-06-09T16:27:36.822Z","level":"LOG","message":"◇ injected env (0) from .env // tip: ⌘ custom filepath { path: '/custom/path/.env' }"}
{"timestamp":"2026-06-09T16:27:37.207Z","level":"LOG","message":"🚀 Lokum Engine Running on port 3000"}
{"timestamp":"2026-06-09T19:30:26.642Z","level":"LOG","message":"◇ injected env (0) from .env // tip: ⌘ suppress logs { quiet: true }"}
{"timestamp":"2026-06-09T19:30:27.150Z","level":"LOG","message":"🚀 Lokum Engine Running on port 3000"}
{"timestamp":"2026-06-09T20:06:45.525Z","level":"LOG","message":"◇ injected env (0) from .env // tip: ◈ encrypted .env [www.dotenvx.com]"}
{"timestamp":"2026-06-09T20:06:45.941Z","level":"LOG","message":"🚀 Lokum Engine Running on port 3000"}
{"timestamp":"2026-06-09T21:11:50.989Z","level":"LOG","message":"◇ injected env (0) from .env // tip: ⌘ multiple files { path: ['.env.local', '.env'] }"}
{"timestamp":"2026-06-09T21:11:51.407Z","level":"LOG","message":"🚀 Lokum Engine Running on port 3000"}
{"timestamp":"2026-06-10T00:37:42.417Z","level":"LOG","message":"◇ injected env (0) from .env // tip: ⌁ auth for agents [www.vestauth.com]"}
{"timestamp":"2026-06-10T00:37:42.915Z","level":"LOG","message":"🚀 Lokum Engine Running on port 3000"}
{"timestamp":"2026-06-10T06:35:54.109Z","level":"LOG","message":"◇ injected env (0) from .env // tip: ◈ encrypted .env [www.dotenvx.com]"}
{"timestamp":"2026-06-10T06:35:54.567Z","level":"LOG","message":"🚀 Lokum Engine Running on port 3000"}
{"timestamp":"2026-06-10T08:17:28.111Z","level":"LOG","message":"◇ injected env (0) from .env // tip: ⌘ custom filepath { path: '/custom/path/.env' }"}
{"timestamp":"2026-06-10T08:17:28.648Z","level":"LOG","message":"🚀 Lokum Engine Running on port 3000"}
{"timestamp":"2026-06-10T08:25:09.915Z","level":"LOG","message":"◇ injected env (0) from .env // tip: ◈ encrypted .env [www.dotenvx.com]"}
{"timestamp":"2026-06-10T08:25:10.393Z","level":"LOG","message":"🚀 Lokum Engine Running on port 3000"}
{"timestamp":"2026-06-10T10:57:57.438Z","level":"LOG","message":"◇ injected env (0) from .env // tip: ⌘ enable debugging { debug: true }"}
{"timestamp":"2026-06-10T10:57:57.922Z","level":"LOG","message":"🚀 Lokum Engine Running on port 3000"}
{"timestamp":"2026-06-10T13:11:13.717Z","level":"LOG","message":"◇ injected env (0) from .env // tip: ⌘ override existing { override: true }"}
{"timestamp":"2026-06-10T13:11:14.117Z","level":"LOG","message":"🚀 Lokum Engine Running on port 3000"}
{"timestamp":"2026-06-10T13:12:37.080Z","level":"LOG","message":"◇ injected env (0) from .env // tip: ⌘ enable debugging { debug: true }"}
{"timestamp":"2026-06-10T13:12:37.476Z","level":"LOG","message":"🚀 Lokum Engine Running on port 3000"}
{"timestamp":"2026-06-10T15:20:38.802Z","level":"LOG","message":"◇ injected env (0) from .env // tip: ⌘ enable debugging { debug: true }"}
{"timestamp":"2026-06-10T15:20:39.320Z","level":"LOG","message":"🚀 Lokum Engine Running on port 3000"}
{"timestamp":"2026-06-10T15:34:12.706Z","level":"LOG","message":"◇ injected env (0) from .env // tip: ⌁ auth for agents [www.vestauth.com]"}
{"timestamp":"2026-06-10T15:34:13.136Z","level":"LOG","message":"🚀 Lokum Engine Running on port 3000"}
{"timestamp":"2026-06-10T17:43:13.869Z","level":"LOG","message":"◇ injected env (0) from .env // tip: ⌘ enable debugging { debug: true }"}
{"timestamp":"2026-06-10T17:43:14.273Z","level":"LOG","message":"🚀 Lokum Engine Running on port 3000"}
{"timestamp":"2026-06-10T19:37:57.669Z","level":"LOG","message":"◇ injected env (0) from .env // tip: ⌘ multiple files { path: ['.env.local', '.env'] }"}
{"timestamp":"2026-06-10T19:37:58.073Z","level":"LOG","message":"🚀 Lokum Engine Running on port 3000"}
{"timestamp":"2026-06-10T21:59:32.152Z","level":"LOG","message":"◇ injected env (0) from .env // tip: ⌘ custom filepath { path: '/custom/path/.env' }"}
{"timestamp":"2026-06-10T21:59:32.612Z","level":"LOG","message":"🚀 Lokum Engine Running on port 3000"}
{"timestamp":"2026-06-10T23:24:59.765Z","level":"LOG","message":"◇ injected env (0) from .env // tip: ◈ encrypted .env [www.dotenvx.com]"}
{"timestamp":"2026-06-10T23:25:00.150Z","level":"LOG","message":"🚀 Lokum Engine Running on port 3000"}
{"timestamp":"2026-06-11T00:39:46.802Z","level":"LOG","message":"◇ injected env (0) from .env // tip: ⌘ suppress logs { quiet: true }"}
{"timestamp":"2026-06-11T00:39:47.197Z","level":"LOG","message":"🚀 Lokum Engine Running on port 3000"}
{"timestamp":"2026-06-11T02:52:49.331Z","level":"LOG","message":"◇ injected env (0) from .env // tip: ⌘ enable debugging { debug: true }"}
{"timestamp":"2026-06-11T02:52:49.765Z","level":"LOG","message":"🚀 Lokum Engine Running on port 3000"}
{"timestamp":"2026-06-11T04:00:58.261Z","level":"LOG","message":"◇ injected env (0) from .env // tip: ⌁ auth for agents [www.vestauth.com]"}
{"timestamp":"2026-06-11T04:00:58.749Z","level":"LOG","message":"🚀 Lokum Engine Running on port 3000"}
{"timestamp":"2026-06-11T06:20:57.581Z","level":"LOG","message":"◇ injected env (0) from .env // tip: ⌘ multiple files { path: ['.env.local', '.env'] }"}
{"timestamp":"2026-06-11T06:20:58.047Z","level":"LOG","message":"🚀 Lokum Engine Running on port 3000"}
{"timestamp":"2026-06-11T06:50:47.912Z","level":"LOG","message":"◇ injected env (0) from .env // tip: ⌘ suppress logs { quiet: true }"}
{"timestamp":"2026-06-11T06:50:48.426Z","level":"LOG","message":"🚀 Lokum Engine Running on port 3000"}
{"timestamp":"2026-06-11T07:38:30.575Z","level":"LOG","message":"◇ injected env (0) from .env // tip: ⌘ suppress logs { quiet: true }"}
{"timestamp":"2026-06-11T07:38:31.035Z","level":"LOG","message":"🚀 Lokum Engine Running on port 3000"}
{"timestamp":"2026-06-11T10:46:50.623Z","level":"LOG","message":"◇ injected env (0) from .env // tip: ⌘ custom filepath { path: '/custom/path/.env' }"}
{"timestamp":"2026-06-11T10:46:51.107Z","level":"LOG","message":"🚀 Lokum Engine Running on port 3000"}
{"timestamp":"2026-06-11T12:19:05.890Z","level":"LOG","message":"◇ injected env (0) from .env // tip: ◈ secrets for agents [www.dotenvx.com]"}
{"timestamp":"2026-06-11T12:19:06.449Z","level":"LOG","message":"🚀 Lokum Engine Running on port 3000"}
{"timestamp":"2026-06-11T13:30:09.187Z","level":"LOG","message":"◇ injected env (0) from .env // tip: ⌘ multiple files { path: ['.env.local', '.env'] }"}
{"timestamp":"2026-06-11T13:30:09.653Z","level":"LOG","message":"🚀 Lokum Engine Running on port 3000"}
{"timestamp":"2026-06-11T14:26:17.904Z","level":"LOG","message":"◇ injected env (0) from .env // tip: ◈ encrypted .env [www.dotenvx.com]"}
{"timestamp":"2026-06-11T14:26:18.379Z","level":"LOG","message":"🚀 Lokum Engine Running on port 3000"}
{"timestamp":"2026-06-11T15:18:38.216Z","level":"LOG","message":"◇ injected env (0) from .env // tip: ⌘ suppress logs { quiet: true }"}
{"timestamp":"2026-06-11T15:18:38.669Z","level":"LOG","message":"🚀 Lokum Engine Running on port 3000"}
{"timestamp":"2026-06-11T17:20:12.636Z","level":"LOG","message":"◇ injected env (0) from .env // tip: ◈ encrypted .env [www.dotenvx.com]"}
{"timestamp":"2026-06-11T17:20:13.109Z","level":"LOG","message":"🚀 Lokum Engine Running on port 3000"}
{"timestamp":"2026-06-11T17:23:18.592Z","level":"LOG","message":"◇ injected env (0) from .env // tip: ◈ secrets for agents [www.dotenvx.com]"}
{"timestamp":"2026-06-11T17:23:18.927Z","level":"LOG","message":"🚀 Lokum Engine Running on port 3000"}
{"timestamp":"2026-06-11T19:04:00.786Z","level":"LOG","message":"◇ injected env (0) from .env // tip: ⌘ custom filepath { path: '/custom/path/.env' }"}
{"timestamp":"2026-06-11T19:04:01.248Z","level":"LOG","message":"🚀 Lokum Engine Running on port 3000"}
{"timestamp":"2026-06-11T21:51:34.993Z","level":"LOG","message":"◇ injected env (0) from .env // tip: ◈ secrets for agents [www.dotenvx.com]"}
{"timestamp":"2026-06-11T21:51:35.480Z","level":"LOG","message":"🚀 Lokum Engine Running on port 3000"}
{"timestamp":"2026-06-12T00:03:17.706Z","level":"LOG","message":"◇ injected env (0) from .env // tip: ◈ encrypted .env [www.dotenvx.com]"}
{"timestamp":"2026-06-12T00:03:18.162Z","level":"LOG","message":"🚀 Lokum Engine Running on port 3000"}
{"timestamp":"2026-06-12T00:52:08.346Z","level":"LOG","message":"◇ injected env (0) from .env // tip: ⌘ multiple files { path: ['.env.local', '.env'] }"}
{"timestamp":"2026-06-12T00:52:08.752Z","level":"LOG","message":"🚀 Lokum Engine Running on port 3000"}
{"timestamp":"2026-06-12T01:56:02.902Z","level":"LOG","message":"◇ injected env (0) from .env // tip: ⌘ multiple files { path: ['.env.local', '.env'] }"}
{"timestamp":"2026-06-12T01:56:03.451Z","level":"LOG","message":"🚀 Lokum Engine Running on port 3000"}
{"timestamp":"2026-06-12T02:40:35.714Z","level":"LOG","message":"◇ injected env (0) from .env // tip: ⌘ enable debugging { debug: true }"}
{"timestamp":"2026-06-12T02:40:36.151Z","level":"LOG","message":"🚀 Lokum Engine Running on port 3000"}
{"timestamp":"2026-06-12T04:21:45.009Z","level":"LOG","message":"◇ injected env (0) from .env // tip: ⌘ custom filepath { path: '/custom/path/.env' }"}
{"timestamp":"2026-06-12T04:21:45.488Z","level":"LOG","message":"🚀 Lokum Engine Running on port 3000"}
{"timestamp":"2026-06-12T09:43:02.034Z","level":"LOG","message":"◇ injected env (0) from .env // tip: ⌘ enable debugging { debug: true }"}
{"timestamp":"2026-06-12T09:43:02.620Z","level":"LOG","message":"🚀 Lokum Engine Running on port 3000"}
{"timestamp":"2026-06-12T11:16:02.661Z","level":"LOG","message":"◇ injected env (0) from .env // tip: ⌘ suppress logs { quiet: true }"}
{"timestamp":"2026-06-12T11:16:03.488Z","level":"LOG","message":"🚀 Lokum Engine Running on port 3000"}
{"timestamp":"2026-06-12T14:34:22.421Z","level":"LOG","message":"◇ injected env (0) from .env // tip: ⌘ suppress logs { quiet: true }"}
{"timestamp":"2026-06-12T14:34:22.995Z","level":"LOG","message":"🚀 Lokum Engine Running on port 3000"}
{"timestamp":"2026-06-12T15:15:31.076Z","level":"LOG","message":"◇ injected env (0) from .env // tip: ⌘ multiple files { path: ['.env.local', '.env'] }"}
{"timestamp":"2026-06-12T15:15:31.541Z","level":"LOG","message":"🚀 Lokum Engine Running on port 3000"}
{"timestamp":"2026-06-12T16:32:35.889Z","level":"LOG","message":"◇ injected env (0) from .env // tip: ◈ encrypted .env [www.dotenvx.com]"}
{"timestamp":"2026-06-12T16:32:36.366Z","level":"LOG","message":"🚀 Lokum Engine Running on port 3000"}
{"timestamp":"2026-06-12T16:57:17.387Z","level":"LOG","message":"◇ injected env (0) from .env // tip: ⌘ multiple files { path: ['.env.local', '.env'] }"}
{"timestamp":"2026-06-12T16:57:17.862Z","level":"LOG","message":"🚀 Lokum Engine Running on port 3000"}
{"timestamp":"2026-06-12T18:20:03.588Z","level":"LOG","message":"◇ injected env (0) from .env // tip: ⌘ suppress logs { quiet: true }"}
{"timestamp":"2026-06-12T18:20:04.106Z","level":"LOG","message":"🚀 Lokum Engine Running on port 3000"}
{"timestamp":"2026-06-12T20:03:26.959Z","level":"LOG","message":"◇ injected env (0) from .env // tip: ⌘ override existing { override: true }"}
{"timestamp":"2026-06-12T20:03:27.463Z","level":"LOG","message":"🚀 Lokum Engine Running on port 3000"}
{"timestamp":"2026-06-12T21:18:45.341Z","level":"LOG","message":"◇ injected env (0) from .env // tip: ⌘ suppress logs { quiet: true }"}
{"timestamp":"2026-06-12T21:18:45.849Z","level":"LOG","message":"🚀 Lokum Engine Running on port 3000"}
{"timestamp":"2026-06-13T00:23:50.678Z","level":"LOG","message":"◇ injected env (0) from .env // tip: ⌘ multiple files { path: ['.env.local', '.env'] }"}
{"timestamp":"2026-06-13T00:23:51.139Z","level":"LOG","message":"🚀 Lokum Engine Running on port 3000"}
{"timestamp":"2026-06-13T01:26:12.970Z","level":"LOG","message":"◇ injected env (0) from .env // tip: ⌘ suppress logs { quiet: true }"}
{"timestamp":"2026-06-13T01:26:13.383Z","level":"LOG","message":"🚀 Lokum Engine Running on port 3000"}
{"timestamp":"2026-06-13T04:12:12.663Z","level":"LOG","message":"◇ injected env (0) from .env // tip: ⌘ multiple files { path: ['.env.local', '.env'] }"}
{"timestamp":"2026-06-13T04:12:13.244Z","level":"LOG","message":"🚀 Lokum Engine Running on port 3000"}
{"timestamp":"2026-06-13T07:33:07.106Z","level":"LOG","message":"◇ injected env (0) from .env // tip: ⌘ enable debugging { debug: true }"}
{"timestamp":"2026-06-13T07:33:07.609Z","level":"LOG","message":"🚀 Lokum Engine Running on port 3000"}
{"timestamp":"2026-06-13T08:13:16.228Z","level":"LOG","message":"◇ injected env (0) from .env // tip: ⌘ multiple files { path: ['.env.local', '.env'] }"}
{"timestamp":"2026-06-13T08:13:16.750Z","level":"LOG","message":"🚀 Lokum Engine Running on port 3000"}
{"timestamp":"2026-06-13T09:55:40.342Z","level":"LOG","message":"◇ injected env (0) from .env // tip: ⌁ auth for agents [www.vestauth.com]"}
{"timestamp":"2026-06-13T09:55:40.773Z","level":"LOG","message":"🚀 Lokum Engine Running on port 3000"}
{"timestamp":"2026-06-13T11:28:39.930Z","level":"LOG","message":"◇ injected env (0) from .env // tip: ⌘ enable debugging { debug: true }"}
{"timestamp":"2026-06-13T11:28:40.441Z","level":"LOG","message":"🚀 Lokum Engine Running on port 3000"}
{"timestamp":"2026-06-13T14:47:50.097Z","level":"LOG","message":"◇ injected env (0) from .env // tip: ⌘ custom filepath { path: '/custom/path/.env' }"}
{"timestamp":"2026-06-13T14:47:50.514Z","level":"LOG","message":"🚀 Lokum Engine Running on port 3000"}
{"timestamp":"2026-06-13T16:52:45.308Z","level":"LOG","message":"◇ injected env (0) from .env // tip: ◈ encrypted .env [www.dotenvx.com]"}
{"timestamp":"2026-06-13T16:52:45.733Z","level":"LOG","message":"🚀 Lokum Engine Running on port 3000"}
{"timestamp":"2026-06-13T19:51:33.026Z","level":"LOG","message":"◇ injected env (0) from .env // tip: ⌘ suppress logs { quiet: true }"}
{"timestamp":"2026-06-13T19:51:33.461Z","level":"LOG","message":"🚀 Lokum Engine Running on port 3000"}
{"timestamp":"2026-06-13T21:54:12.446Z","level":"LOG","message":"◇ injected env (0) from .env // tip: ⌘ custom filepath { path: '/custom/path/.env' }"}
{"timestamp":"2026-06-13T21:54:13.001Z","level":"LOG","message":"🚀 Lokum Engine Running on port 3000"}
{"timestamp":"2026-06-13T22:34:03.277Z","level":"LOG","message":"◇ injected env (0) from .env // tip: ⌘ custom filepath { path: '/custom/path/.env' }"}
{"timestamp":"2026-06-13T22:34:03.782Z","level":"LOG","message":"🚀 Lokum Engine Running on port 3000"}
{"timestamp":"2026-06-13T23:12:33.239Z","level":"LOG","message":"◇ injected env (0) from .env // tip: ⌘ custom filepath { path: '/custom/path/.env' }"}
{"timestamp":"2026-06-13T23:12:33.639Z","level":"LOG","message":"🚀 Lokum Engine Running on port 3000"}
{"timestamp":"2026-06-14T01:47:16.386Z","level":"LOG","message":"◇ injected env (0) from .env // tip: ⌘ multiple files { path: ['.env.local', '.env'] }"}
{"timestamp":"2026-06-14T01:47:16.890Z","level":"LOG","message":"🚀 Lokum Engine Running on port 3000"}
{"timestamp":"2026-06-14T05:49:42.393Z","level":"LOG","message":"◇ injected env (0) from .env // tip: ⌘ enable debugging { debug: true }"}
{"timestamp":"2026-06-14T05:49:42.895Z","level":"LOG","message":"🚀 Lokum Engine Running on port 3000"}
{"timestamp":"2026-06-14T06:40:21.669Z","level":"LOG","message":"◇ injected env (0) from .env // tip: ◈ secrets for agents [www.dotenvx.com]"}
{"timestamp":"2026-06-14T06:40:22.119Z","level":"LOG","message":"🚀 Lokum Engine Running on port 3000"}
{"timestamp":"2026-06-14T09:21:56.685Z","level":"LOG","message":"◇ injected env (0) from .env // tip: ⌘ suppress logs { quiet: true }"}
{"timestamp":"2026-06-14T09:21:57.091Z","level":"LOG","message":"🚀 Lokum Engine Running on port 3000"}
{"timestamp":"2026-06-14T11:11:06.359Z","level":"LOG","message":"◇ injected env (0) from .env // tip: ◈ secrets for agents [www.dotenvx.com]"}
{"timestamp":"2026-06-14T11:11:06.861Z","level":"LOG","message":"🚀 Lokum Engine Running on port 3000"}
{"timestamp":"2026-06-14T12:24:22.402Z","level":"LOG","message":"◇ injected env (0) from .env // tip: ◈ encrypted .env [www.dotenvx.com]"}
{"timestamp":"2026-06-14T12:24:22.926Z","level":"LOG","message":"🚀 Lokum Engine Running on port 3000"}
{"timestamp":"2026-06-14T18:36:59.790Z","level":"LOG","message":"◇ injected env (0) from .env // tip: ⌘ multiple files { path: ['.env.local', '.env'] }"}
{"timestamp":"2026-06-14T18:37:00.194Z","level":"LOG","message":"🚀 Lokum Engine Running on port 3000"}
{"timestamp":"2026-06-14T20:23:20.568Z","level":"LOG","message":"◇ injected env (0) from .env // tip: ⌘ suppress logs { quiet: true }"}
{"timestamp":"2026-06-14T20:23:21.046Z","level":"LOG","message":"🚀 Lokum Engine Running on port 3000"}
{"timestamp":"2026-06-14T21:36:11.160Z","level":"LOG","message":"◇ injected env (0) from .env // tip: ⌁ auth for agents [www.vestauth.com]"}
{"timestamp":"2026-06-14T21:36:11.657Z","level":"LOG","message":"🚀 Lokum Engine Running on port 3000"}
{"timestamp":"2026-06-14T23:29:40.121Z","level":"LOG","message":"◇ injected env (0) from .env // tip: ⌘ enable debugging { debug: true }"}
{"timestamp":"2026-06-14T23:29:40.578Z","level":"LOG","message":"🚀 Lokum Engine Running on port 3000"}
{"timestamp":"2026-06-14T23:31:15.528Z","level":"LOG","message":"◇ injected env (0) from .env // tip: ⌘ enable debugging { debug: true }"}
{"timestamp":"2026-06-14T23:31:15.923Z","level":"LOG","message":"🚀 Lokum Engine Running on port 3000"}
{"timestamp":"2026-06-15T01:50:06.285Z","level":"LOG","message":"◇ injected env (0) from .env // tip: ◈ encrypted .env [www.dotenvx.com]"}
{"timestamp":"2026-06-15T01:50:06.709Z","level":"LOG","message":"🚀 Lokum Engine Running on port 3000"}
{"timestamp":"2026-06-15T04:12:54.351Z","level":"LOG","message":"◇ injected env (0) from .env // tip: ⌘ override existing { override: true }"}
{"timestamp":"2026-06-15T04:12:54.810Z","level":"LOG","message":"🚀 Lokum Engine Running on port 3000"}
{"timestamp":"2026-06-15T13:02:50.637Z","level":"LOG","message":"◇ injected env (0) from .env // tip: ⌘ multiple files { path: ['.env.local', '.env'] }"}
{"timestamp":"2026-06-15T13:02:51.125Z","level":"LOG","message":"🚀 Lokum Engine Running on port 3000"}
{"timestamp":"2026-06-15T14:31:47.609Z","level":"LOG","message":"◇ injected env (0) from .env // tip: ⌘ suppress logs { quiet: true }"}
{"timestamp":"2026-06-15T14:31:48.010Z","level":"LOG","message":"🚀 Lokum Engine Running on port 3000"}
{"timestamp":"2026-06-15T18:07:12.515Z","level":"LOG","message":"◇ injected env (0) from .env // tip: ◈ encrypted .env [www.dotenvx.com]"}
{"timestamp":"2026-06-15T18:07:12.975Z","level":"LOG","message":"🚀 Lokum Engine Running on port 3000"}
{"timestamp":"2026-06-15T19:37:36.321Z","level":"LOG","message":"◇ injected env (0) from .env // tip: ◈ secrets for agents [www.dotenvx.com]"}
{"timestamp":"2026-06-15T19:37:36.766Z","level":"LOG","message":"🚀 Lokum Engine Running on port 3000"}
{"timestamp":"2026-06-15T21:51:21.649Z","level":"LOG","message":"◇ injected env (0) from .env // tip: ⌘ enable debugging { debug: true }"}
{"timestamp":"2026-06-15T21:51:22.228Z","level":"LOG","message":"🚀 Lokum Engine Running on port 3000"}
{"timestamp":"2026-06-15T22:03:44.546Z","level":"LOG","message":"◇ injected env (0) from .env // tip: ◈ encrypted .env [www.dotenvx.com]"}
{"timestamp":"2026-06-15T22:03:44.970Z","level":"LOG","message":"🚀 Lokum Engine Running on port 3000"}
{"timestamp":"2026-06-15T23:33:49.953Z","level":"LOG","message":"◇ injected env (0) from .env // tip: ⌘ custom filepath { path: '/custom/path/.env' }"}
{"timestamp":"2026-06-15T23:33:50.416Z","level":"LOG","message":"🚀 Lokum Engine Running on port 3000"}
{"timestamp":"2026-06-16T00:06:30.754Z","level":"LOG","message":"◇ injected env (0) from .env // tip: ⌁ auth for agents [www.vestauth.com]"}
{"timestamp":"2026-06-16T00:06:31.187Z","level":"LOG","message":"🚀 Lokum Engine Running on port 3000"}
{"timestamp":"2026-06-16T01:03:14.683Z","level":"LOG","message":"◇ injected env (0) from .env // tip: ⌘ custom filepath { path: '/custom/path/.env' }"}
{"timestamp":"2026-06-16T01:03:15.091Z","level":"LOG","message":"🚀 Lokum Engine Running on port 3000"}
{"timestamp":"2026-06-16T05:27:38.811Z","level":"LOG","message":"◇ injected env (0) from .env // tip: ⌘ enable debugging { debug: true }"}
{"timestamp":"2026-06-16T05:27:39.286Z","level":"LOG","message":"🚀 Lokum Engine Running on port 3000"}
{"timestamp":"2026-06-16T06:52:51.040Z","level":"LOG","message":"◇ injected env (0) from .env // tip: ⌘ suppress logs { quiet: true }"}
{"timestamp":"2026-06-16T06:52:51.477Z","level":"LOG","message":"🚀 Lokum Engine Running on port 3000"}
{"timestamp":"2026-06-16T10:00:22.349Z","level":"LOG","message":"◇ injected env (0) from .env // tip: ⌘ enable debugging { debug: true }"}
{"timestamp":"2026-06-16T10:00:22.764Z","level":"LOG","message":"🚀 Lokum Engine Running on port 3000"}
{"timestamp":"2026-06-16T10:14:51.638Z","level":"LOG","message":"◇ injected env (0) from .env // tip: ◈ secrets for agents [www.dotenvx.com]"}
{"timestamp":"2026-06-16T10:14:52.065Z","level":"LOG","message":"🚀 Lokum Engine Running on port 3000"}
{"timestamp":"2026-06-16T12:06:02.632Z","level":"LOG","message":"◇ injected env (0) from .env // tip: ⌘ suppress logs { quiet: true }"}
{"timestamp":"2026-06-16T12:06:03.343Z","level":"LOG","message":"🚀 Lokum Engine Running on port 3000"}
{"timestamp":"2026-06-16T13:39:39.223Z","level":"LOG","message":"◇ injected env (0) from .env // tip: ⌘ override existing { override: true }"}
{"timestamp":"2026-06-16T13:39:39.622Z","level":"LOG","message":"🚀 Lokum Engine Running on port 3000"}
{"timestamp":"2026-06-16T16:59:58.420Z","level":"LOG","message":"◇ injected env (0) from .env // tip: ◈ secrets for agents [www.dotenvx.com]"}
{"timestamp":"2026-06-16T16:59:58.876Z","level":"LOG","message":"🚀 Lokum Engine Running on port 3000"}
{"timestamp":"2026-06-16T17:21:29.569Z","level":"LOG","message":"◇ injected env (0) from .env // tip: ⌘ custom filepath { path: '/custom/path/.env' }"}
{"timestamp":"2026-06-16T17:21:29.944Z","level":"LOG","message":"🚀 Lokum Engine Running on port 3000"}
{"timestamp":"2026-06-16T19:44:12.872Z","level":"LOG","message":"◇ injected env (0) from .env // tip: ⌘ suppress logs { quiet: true }"}
{"timestamp":"2026-06-16T19:44:13.361Z","level":"LOG","message":"🚀 Lokum Engine Running on port 3000"}
{"timestamp":"2026-06-17T00:01:31.280Z","level":"LOG","message":"◇ injected env (0) from .env // tip: ⌘ enable debugging { debug: true }"}
{"timestamp":"2026-06-17T00:01:31.678Z","level":"LOG","message":"🚀 Lokum Engine Running on port 3000"}
{"timestamp":"2026-06-17T01:01:37.534Z","level":"LOG","message":"◇ injected env (0) from .env // tip: ◈ encrypted .env [www.dotenvx.com]"}
{"timestamp":"2026-06-17T01:01:38.008Z","level":"LOG","message":"🚀 Lokum Engine Running on port 3000"}
{"timestamp":"2026-06-17T02:18:43.060Z","level":"LOG","message":"◇ injected env (0) from .env // tip: ⌘ custom filepath { path: '/custom/path/.env' }"}
{"timestamp":"2026-06-17T02:18:43.443Z","level":"LOG","message":"🚀 Lokum Engine Running on port 3000"}
{"timestamp":"2026-06-17T03:39:58.236Z","level":"LOG","message":"◇ injected env (0) from .env // tip: ⌘ multiple files { path: ['.env.local', '.env'] }"}
{"timestamp":"2026-06-17T03:39:58.691Z","level":"LOG","message":"🚀 Lokum Engine Running on port 3000"}
{"timestamp":"2026-06-17T05:29:41.215Z","level":"LOG","message":"◇ injected env (0) from .env // tip: ⌘ suppress logs { quiet: true }"}
{"timestamp":"2026-06-17T05:29:41.619Z","level":"LOG","message":"🚀 Lokum Engine Running on port 3000"}
{"timestamp":"2026-06-17T06:19:26.486Z","level":"LOG","message":"◇ injected env (0) from .env // tip: ◈ secrets for agents [www.dotenvx.com]"}
{"timestamp":"2026-06-17T06:19:26.995Z","level":"LOG","message":"🚀 Lokum Engine Running on port 3000"}
{"timestamp":"2026-06-17T07:01:57.762Z","level":"LOG","message":"◇ injected env (0) from .env // tip: ⌘ multiple files { path: ['.env.local', '.env'] }"}
{"timestamp":"2026-06-17T07:01:58.176Z","level":"LOG","message":"🚀 Lokum Engine Running on port 3000"}
{"timestamp":"2026-06-17T13:10:57.997Z","level":"LOG","message":"◇ injected env (0) from .env // tip: ◈ secrets for agents [www.dotenvx.com]"}
{"timestamp":"2026-06-17T13:10:58.519Z","level":"LOG","message":"🚀 Lokum Engine Running on port 3000"}
{"timestamp":"2026-06-17T15:44:55.985Z","level":"LOG","message":"◇ injected env (0) from .env // tip: ⌘ multiple files { path: ['.env.local', '.env'] }"}
{"timestamp":"2026-06-17T15:44:56.400Z","level":"LOG","message":"🚀 Lokum Engine Running on port 3000"}
{"timestamp":"2026-06-17T17:41:13.196Z","level":"LOG","message":"◇ injected env (0) from .env // tip: ⌘ multiple files { path: ['.env.local', '.env'] }"}
{"timestamp":"2026-06-17T17:41:13.704Z","level":"LOG","message":"🚀 Lokum Engine Running on port 3000"}
{"timestamp":"2026-06-17T20:40:52.878Z","level":"LOG","message":"◇ injected env (0) from .env // tip: ◈ secrets for agents [www.dotenvx.com]"}
{"timestamp":"2026-06-17T20:40:53.393Z","level":"LOG","message":"🚀 Lokum Engine Running on port 3000"}
{"timestamp":"2026-06-17T21:52:50.432Z","level":"LOG","message":"◇ injected env (0) from .env // tip: ⌘ custom filepath { path: '/custom/path/.env' }"}
{"timestamp":"2026-06-17T21:52:50.863Z","level":"LOG","message":"🚀 Lokum Engine Running on port 3000"}
{"timestamp":"2026-06-17T22:17:51.107Z","level":"LOG","message":"◇ injected env (0) from .env // tip: ⌘ custom filepath { path: '/custom/path/.env' }"}
{"timestamp":"2026-06-17T22:17:51.556Z","level":"LOG","message":"🚀 Lokum Engine Running on port 3000"}
{"timestamp":"2026-06-17T23:55:51.460Z","level":"LOG","message":"◇ injected env (0) from .env // tip: ◈ encrypted .env [www.dotenvx.com]"}
{"timestamp":"2026-06-17T23:55:51.897Z","level":"LOG","message":"🚀 Lokum Engine Running on port 3000"}
{"timestamp":"2026-06-18T01:25:09.896Z","level":"LOG","message":"◇ injected env (0) from .env // tip: ⌘ enable debugging { debug: true }"}
{"timestamp":"2026-06-18T01:25:10.362Z","level":"LOG","message":"🚀 Lokum Engine Running on port 3000"}
{"timestamp":"2026-06-18T03:07:44.592Z","level":"LOG","message":"◇ injected env (0) from .env // tip: ⌘ enable debugging { debug: true }"}
{"timestamp":"2026-06-18T03:07:44.976Z","level":"LOG","message":"🚀 Lokum Engine Running on port 3000"}
{"timestamp":"2026-06-18T03:27:57.687Z","level":"LOG","message":"◇ injected env (0) from .env // tip: ◈ secrets for agents [www.dotenvx.com]"}
{"timestamp":"2026-06-18T03:27:58.072Z","level":"LOG","message":"🚀 Lokum Engine Running on port 3000"}
{"timestamp":"2026-06-18T05:26:06.237Z","level":"LOG","message":"◇ injected env (0) from .env // tip: ◈ encrypted .env [www.dotenvx.com]"}
{"timestamp":"2026-06-18T05:26:06.632Z","level":"LOG","message":"🚀 Lokum Engine Running on port 3000"}
{"timestamp":"2026-06-18T06:39:51.956Z","level":"LOG","message":"◇ injected env (0) from .env // tip: ⌘ enable debugging { debug: true }"}
{"timestamp":"2026-06-18T06:39:52.366Z","level":"LOG","message":"🚀 Lokum Engine Running on port 3000"}
{"timestamp":"2026-06-18T08:57:28.948Z","level":"LOG","message":"◇ injected env (0) from .env // tip: ⌘ suppress logs { quiet: true }"}
{"timestamp":"2026-06-18T08:57:29.409Z","level":"LOG","message":"🚀 Lokum Engine Running on port 3000"}
{"timestamp":"2026-06-18T11:31:26.523Z","level":"LOG","message":"◇ injected env (0) from .env // tip: ⌁ auth for agents [www.vestauth.com]"}
{"timestamp":"2026-06-18T11:31:26.961Z","level":"LOG","message":"🚀 Lokum Engine Running on port 3000"}
{"timestamp":"2026-06-18T12:16:03.369Z","level":"LOG","message":"◇ injected env (0) from .env // tip: ◈ encrypted .env [www.dotenvx.com]"}
{"timestamp":"2026-06-18T12:16:03.890Z","level":"LOG","message":"🚀 Lokum Engine Running on port 3000"}
{"timestamp":"2026-06-18T13:53:54.711Z","level":"LOG","message":"◇ injected env (0) from .env // tip: ◈ secrets for agents [www.dotenvx.com]"}
{"timestamp":"2026-06-18T13:53:55.191Z","level":"LOG","message":"🚀 Lokum Engine Running on port 3000"}
{"timestamp":"2026-06-18T16:44:39.249Z","level":"LOG","message":"◇ injected env (0) from .env // tip: ◈ encrypted .env [www.dotenvx.com]"}
{"timestamp":"2026-06-18T16:44:39.740Z","level":"LOG","message":"🚀 Lokum Engine Running on port 3000"}
{"timestamp":"2026-06-18T17:49:40.474Z","level":"LOG","message":"◇ injected env (0) from .env // tip: ⌘ override existing { override: true }"}
{"timestamp":"2026-06-18T17:49:40.896Z","level":"LOG","message":"🚀 Lokum Engine Running on port 3000"}
{"timestamp":"2026-06-18T18:54:07.055Z","level":"LOG","message":"◇ injected env (0) from .env // tip: ⌘ custom filepath { path: '/custom/path/.env' }"}
{"timestamp":"2026-06-18T18:54:07.552Z","level":"LOG","message":"🚀 Lokum Engine Running on port 3000"}
{"timestamp":"2026-06-18T18:54:23.669Z","level":"LOG","message":"◇ injected env (0) from .env // tip: ◈ encrypted .env [www.dotenvx.com]"}
{"timestamp":"2026-06-18T18:54:24.009Z","level":"LOG","message":"🚀 Lokum Engine Running on port 3000"}
{"timestamp":"2026-06-18T20:26:10.608Z","level":"LOG","message":"◇ injected env (0) from .env // tip: ⌘ override existing { override: true }"}
{"timestamp":"2026-06-18T20:26:11.034Z","level":"LOG","message":"🚀 Lokum Engine Running on port 3000"}
{"timestamp":"2026-06-18T22:03:43.461Z","level":"LOG","message":"◇ injected env (0) from .env // tip: ⌘ override existing { override: true }"}
{"timestamp":"2026-06-18T22:03:43.963Z","level":"LOG","message":"🚀 Lokum Engine Running on port 3000"}
{"timestamp":"2026-06-18T23:31:41.003Z","level":"LOG","message":"◇ injected env (0) from .env // tip: ⌘ enable debugging { debug: true }"}
{"timestamp":"2026-06-18T23:31:41.387Z","level":"LOG","message":"🚀 Lokum Engine Running on port 3000"}
{"timestamp":"2026-06-19T01:19:47.905Z","level":"LOG","message":"◇ injected env (0) from .env // tip: ⌘ custom filepath { path: '/custom/path/.env' }"}
{"timestamp":"2026-06-19T01:19:48.335Z","level":"LOG","message":"🚀 Lokum Engine Running on port 3000"}
{"timestamp":"2026-06-19T04:21:51.560Z","level":"LOG","message":"◇ injected env (0) from .env // tip: ⌘ multiple files { path: ['.env.local', '.env'] }"}
{"timestamp":"2026-06-19T04:21:52.027Z","level":"LOG","message":"🚀 Lokum Engine Running on port 3000"}
{"timestamp":"2026-06-19T05:56:49.872Z","level":"LOG","message":"◇ injected env (0) from .env // tip: ⌘ multiple files { path: ['.env.local', '.env'] }"}
{"timestamp":"2026-06-19T05:56:50.338Z","level":"LOG","message":"🚀 Lokum Engine Running on port 3000"}
{"timestamp":"2026-06-19T07:31:06.011Z","level":"LOG","message":"◇ injected env (0) from .env // tip: ⌘ enable debugging { debug: true }"}
{"timestamp":"2026-06-19T07:31:06.534Z","level":"LOG","message":"🚀 Lokum Engine Running on port 3000"}
{"timestamp":"2026-06-19T08:18:22.973Z","level":"LOG","message":"◇ injected env (0) from .env // tip: ⌘ override existing { override: true }"}
{"timestamp":"2026-06-19T08:18:23.467Z","level":"LOG","message":"🚀 Lokum Engine Running on port 3000"}
{"timestamp":"2026-06-19T09:10:32.562Z","level":"LOG","message":"◇ injected env (0) from .env // tip: ◈ secrets for agents [www.dotenvx.com]"}
{"timestamp":"2026-06-19T09:10:33.059Z","level":"LOG","message":"🚀 Lokum Engine Running on port 3000"}
{"timestamp":"2026-06-19T09:24:33.889Z","level":"LOG","message":"◇ injected env (0) from .env // tip: ⌘ custom filepath { path: '/custom/path/.env' }"}
{"timestamp":"2026-06-19T09:24:34.491Z","level":"LOG","message":"🚀 Lokum Engine Running on port 3000"}
{"timestamp":"2026-06-19T11:07:06.208Z","level":"LOG","message":"◇ injected env (0) from .env // tip: ⌘ custom filepath { path: '/custom/path/.env' }"}
{"timestamp":"2026-06-19T11:07:06.691Z","level":"LOG","message":"🚀 Lokum Engine Running on port 3000"}
{"timestamp":"2026-06-19T13:20:03.079Z","level":"LOG","message":"◇ injected env (0) from .env // tip: ⌁ auth for agents [www.vestauth.com]"}
{"timestamp":"2026-06-19T13:20:03.701Z","level":"LOG","message":"🚀 Lokum Engine Running on port 3000"}
{"timestamp":"2026-06-19T14:40:01.319Z","level":"LOG","message":"◇ injected env (0) from .env // tip: ⌘ suppress logs { quiet: true }"}
{"timestamp":"2026-06-19T14:40:01.924Z","level":"LOG","message":"🚀 Lokum Engine Running on port 3000"}
{"timestamp":"2026-06-19T14:40:10.473Z","level":"LOG","message":"◇ injected env (0) from .env // tip: ◈ encrypted .env [www.dotenvx.com]"}
{"timestamp":"2026-06-19T14:40:11.002Z","level":"LOG","message":"🚀 Lokum Engine Running on port 3000"}
{"timestamp":"2026-06-19T17:46:24.160Z","level":"LOG","message":"◇ injected env (0) from .env // tip: ◈ encrypted .env [www.dotenvx.com]"}
{"timestamp":"2026-06-19T17:46:24.617Z","level":"LOG","message":"🚀 Lokum Engine Running on port 3000"}
{"timestamp":"2026-06-19T18:57:34.588Z","level":"LOG","message":"◇ injected env (0) from .env // tip: ⌁ auth for agents [www.vestauth.com]"}
{"timestamp":"2026-06-19T18:57:35.145Z","level":"LOG","message":"🚀 Lokum Engine Running on port 3000"}
{"timestamp":"2026-06-19T19:02:30.343Z","level":"LOG","message":"◇ injected env (0) from .env // tip: ◈ encrypted .env [www.dotenvx.com]"}
{"timestamp":"2026-06-19T19:02:30.837Z","level":"LOG","message":"🚀 Lokum Engine Running on port 3000"}
{"timestamp":"2026-06-19T20:10:14.222Z","level":"LOG","message":"◇ injected env (0) from .env // tip: ⌘ suppress logs { quiet: true }"}
{"timestamp":"2026-06-19T20:10:14.632Z","level":"LOG","message":"🚀 Lokum Engine Running on port 3000"}
{"timestamp":"2026-06-19T22:11:12.281Z","level":"LOG","message":"◇ injected env (0) from .env // tip: ⌘ suppress logs { quiet: true }"}
{"timestamp":"2026-06-19T22:11:12.795Z","level":"LOG","message":"🚀 Lokum Engine Running on port 3000"}
{"timestamp":"2026-06-20T02:31:52.821Z","level":"LOG","message":"◇ injected env (0) from .env // tip: ⌘ multiple files { path: ['.env.local', '.env'] }"}
{"timestamp":"2026-06-20T02:31:53.248Z","level":"LOG","message":"🚀 Lokum Engine Running on port 3000"}
{"timestamp":"2026-06-20T04:18:15.902Z","level":"LOG","message":"◇ injected env (0) from .env // tip: ⌘ enable debugging { debug: true }"}
{"timestamp":"2026-06-20T04:18:16.344Z","level":"LOG","message":"🚀 Lokum Engine Running on port 3000"}
{"timestamp":"2026-06-20T05:38:57.751Z","level":"LOG","message":"◇ injected env (0) from .env // tip: ⌘ enable debugging { debug: true }"}
{"timestamp":"2026-06-20T05:38:58.309Z","level":"LOG","message":"🚀 Lokum Engine Running on port 3000"}
{"timestamp":"2026-06-20T06:51:09.073Z","level":"LOG","message":"◇ injected env (0) from .env // tip: ⌘ suppress logs { quiet: true }"}
{"timestamp":"2026-06-20T06:51:09.517Z","level":"LOG","message":"🚀 Lokum Engine Running on port 3000"}
{"timestamp":"2026-06-20T07:46:50.638Z","level":"LOG","message":"◇ injected env (0) from .env // tip: ⌁ auth for agents [www.vestauth.com]"}
{"timestamp":"2026-06-20T07:46:51.041Z","level":"LOG","message":"🚀 Lokum Engine Running on port 3000"}
{"timestamp":"2026-06-20T08:16:16.828Z","level":"LOG","message":"◇ injected env (0) from .env // tip: ⌘ override existing { override: true }"}
{"timestamp":"2026-06-20T08:16:17.272Z","level":"LOG","message":"🚀 Lokum Engine Running on port 3000"}
{"timestamp":"2026-06-20T08:54:30.605Z","level":"LOG","message":"◇ injected env (0) from .env // tip: ⌘ suppress logs { quiet: true }"}
{"timestamp":"2026-06-20T08:54:31.029Z","level":"LOG","message":"🚀 Lokum Engine Running on port 3000"}
{"timestamp":"2026-06-20T10:25:02.636Z","level":"LOG","message":"◇ injected env (0) from .env // tip: ⌘ custom filepath { path: '/custom/path/.env' }"}
{"timestamp":"2026-06-20T10:25:03.196Z","level":"LOG","message":"🚀 Lokum Engine Running on port 3000"}
{"timestamp":"2026-06-20T12:32:41.417Z","level":"LOG","message":"◇ injected env (0) from .env // tip: ⌘ enable debugging { debug: true }"}
{"timestamp":"2026-06-20T12:32:41.878Z","level":"LOG","message":"🚀 Lokum Engine Running on port 3000"}
{"timestamp":"2026-06-20T16:36:25.365Z","level":"LOG","message":"◇ injected env (0) from .env // tip: ⌁ auth for agents [www.vestauth.com]"}
{"timestamp":"2026-06-20T16:36:25.829Z","level":"LOG","message":"🚀 Lokum Engine Running on port 3000"}
{"timestamp":"2026-06-20T17:45:30.211Z","level":"LOG","message":"◇ injected env (0) from .env // tip: ⌘ override existing { override: true }"}
{"timestamp":"2026-06-20T17:45:30.680Z","level":"LOG","message":"🚀 Lokum Engine Running on port 3000"}
{"timestamp":"2026-06-20T20:53:35.537Z","level":"LOG","message":"◇ injected env (0) from .env // tip: ⌘ suppress logs { quiet: true }"}
{"timestamp":"2026-06-20T20:53:36.055Z","level":"LOG","message":"🚀 Lokum Engine Running on port 3000"}
{"timestamp":"2026-06-20T21:25:12.667Z","level":"LOG","message":"◇ injected env (0) from .env // tip: ◈ encrypted .env [www.dotenvx.com]"}
{"timestamp":"2026-06-20T21:25:13.055Z","level":"LOG","message":"🚀 Lokum Engine Running on port 3000"}
{"timestamp":"2026-06-20T23:58:06.411Z","level":"LOG","message":"◇ injected env (0) from .env // tip: ⌘ override existing { override: true }"}
{"timestamp":"2026-06-20T23:58:06.806Z","level":"LOG","message":"🚀 Lokum Engine Running on port 3000"}
{"timestamp":"2026-06-21T00:35:49.187Z","level":"LOG","message":"◇ injected env (0) from .env // tip: ⌘ override existing { override: true }"}
{"timestamp":"2026-06-21T00:35:49.601Z","level":"LOG","message":"🚀 Lokum Engine Running on port 3000"}
{"timestamp":"2026-06-21T01:07:48.911Z","level":"LOG","message":"◇ injected env (0) from .env // tip: ⌘ custom filepath { path: '/custom/path/.env' }"}
{"timestamp":"2026-06-21T01:07:49.324Z","level":"LOG","message":"🚀 Lokum Engine Running on port 3000"}
{"timestamp":"2026-06-21T01:59:56.052Z","level":"LOG","message":"◇ injected env (0) from .env // tip: ⌁ auth for agents [www.vestauth.com]"}
{"timestamp":"2026-06-21T01:59:56.522Z","level":"LOG","message":"🚀 Lokum Engine Running on port 3000"}
{"timestamp":"2026-06-21T04:48:21.220Z","level":"LOG","message":"◇ injected env (0) from .env // tip: ⌘ suppress logs { quiet: true }"}
{"timestamp":"2026-06-21T04:48:21.659Z","level":"LOG","message":"🚀 Lokum Engine Running on port 3000"}
{"timestamp":"2026-06-21T07:06:45.824Z","level":"LOG","message":"◇ injected env (0) from .env // tip: ⌘ suppress logs { quiet: true }"}
{"timestamp":"2026-06-21T07:06:46.318Z","level":"LOG","message":"🚀 Lokum Engine Running on port 3000"}
{"timestamp":"2026-06-21T07:37:51.163Z","level":"LOG","message":"◇ injected env (0) from .env // tip: ◈ secrets for agents [www.dotenvx.com]"}
{"timestamp":"2026-06-21T07:37:51.602Z","level":"LOG","message":"🚀 Lokum Engine Running on port 3000"}
{"timestamp":"2026-06-21T08:40:18.780Z","level":"LOG","message":"◇ injected env (0) from .env // tip: ◈ encrypted .env [www.dotenvx.com]"}
{"timestamp":"2026-06-21T08:40:19.296Z","level":"LOG","message":"🚀 Lokum Engine Running on port 3000"}
{"timestamp":"2026-06-21T08:54:54.339Z","level":"LOG","message":"◇ injected env (0) from .env // tip: ⌘ enable debugging { debug: true }"}
{"timestamp":"2026-06-21T08:54:54.770Z","level":"LOG","message":"🚀 Lokum Engine Running on port 3000"}
{"timestamp":"2026-06-21T10:21:43.332Z","level":"LOG","message":"◇ injected env (0) from .env // tip: ⌘ custom filepath { path: '/custom/path/.env' }"}
{"timestamp":"2026-06-21T10:21:43.811Z","level":"LOG","message":"🚀 Lokum Engine Running on port 3000"}
{"timestamp":"2026-06-21T11:25:51.055Z","level":"LOG","message":"◇ injected env (0) from .env // tip: ⌘ multiple files { path: ['.env.local', '.env'] }"}
{"timestamp":"2026-06-21T11:25:51.445Z","level":"LOG","message":"🚀 Lokum Engine Running on port 3000"}
{"timestamp":"2026-06-21T12:11:15.180Z","level":"LOG","message":"◇ injected env (0) from .env // tip: ⌘ multiple files { path: ['.env.local', '.env'] }"}
{"timestamp":"2026-06-21T12:11:15.707Z","level":"LOG","message":"🚀 Lokum Engine Running on port 3000"}
{"timestamp":"2026-06-21T15:28:35.285Z","level":"LOG","message":"◇ injected env (0) from .env // tip: ⌘ custom filepath { path: '/custom/path/.env' }"}
{"timestamp":"2026-06-21T15:28:35.699Z","level":"LOG","message":"🚀 Lokum Engine Running on port 3000"}
{"timestamp":"2026-06-21T16:18:44.595Z","level":"LOG","message":"◇ injected env (0) from .env // tip: ⌘ suppress logs { quiet: true }"}
{"timestamp":"2026-06-21T16:18:45.082Z","level":"LOG","message":"🚀 Lokum Engine Running on port 3000"}
{"timestamp":"2026-06-21T19:39:22.187Z","level":"LOG","message":"◇ injected env (0) from .env // tip: ◈ secrets for agents [www.dotenvx.com]"}
{"timestamp":"2026-06-21T19:39:22.610Z","level":"LOG","message":"🚀 Lokum Engine Running on port 3000"}
{"timestamp":"2026-06-21T21:09:13.967Z","level":"LOG","message":"◇ injected env (0) from .env // tip: ⌁ auth for agents [www.vestauth.com]"}
{"timestamp":"2026-06-21T21:09:14.414Z","level":"LOG","message":"🚀 Lokum Engine Running on port 3000"}
{"timestamp":"2026-06-22T00:06:04.275Z","level":"LOG","message":"◇ injected env (0) from .env // tip: ⌁ auth for agents [www.vestauth.com]"}
{"timestamp":"2026-06-22T00:06:04.833Z","level":"LOG","message":"🚀 Lokum Engine Running on port 3000"}
{"timestamp":"2026-06-22T02:27:19.249Z","level":"LOG","message":"◇ injected env (0) from .env // tip: ⌘ suppress logs { quiet: true }"}
{"timestamp":"2026-06-22T02:27:19.780Z","level":"LOG","message":"🚀 Lokum Engine Running on port 3000"}
{"timestamp":"2026-06-22T03:49:50.228Z","level":"LOG","message":"◇ injected env (0) from .env // tip: ⌘ suppress logs { quiet: true }"}
{"timestamp":"2026-06-22T03:49:50.636Z","level":"LOG","message":"🚀 Lokum Engine Running on port 3000"}
{"timestamp":"2026-06-22T05:35:11.188Z","level":"LOG","message":"◇ injected env (0) from .env // tip: ◈ secrets for agents [www.dotenvx.com]"}
{"timestamp":"2026-06-22T05:35:11.711Z","level":"LOG","message":"🚀 Lokum Engine Running on port 3000"}
{"timestamp":"2026-06-22T09:32:37.281Z","level":"LOG","message":"◇ injected env (0) from .env // tip: ⌘ override existing { override: true }"}
{"timestamp":"2026-06-22T09:32:37.285Z","level":"LOG","message":"◇ injected env (0) from .env // tip: ◈ secrets for agents [www.dotenvx.com]"}
{"timestamp":"2026-06-22T09:32:37.824Z","level":"LOG","message":"🚀 Lokum Engine Running on port 3000"}
{"timestamp":"2026-06-22T09:32:37.833Z","level":"LOG","message":"🚀 Lokum Engine Running on port 3000"}
{"timestamp":"2026-06-22T16:12:56.529Z","level":"LOG","message":"◇ injected env (0) from .env // tip: ⌘ multiple files { path: ['.env.local', '.env'] }"}
{"timestamp":"2026-06-22T16:12:57.015Z","level":"LOG","message":"🚀 Lokum Engine Running on port 3000"}
{"timestamp":"2026-06-22T16:51:28.861Z","level":"LOG","message":"◇ injected env (0) from .env // tip: ⌁ auth for agents [www.vestauth.com]"}
{"timestamp":"2026-06-22T16:51:29.257Z","level":"LOG","message":"🚀 Lokum Engine Running on port 3000"}
{"timestamp":"2026-06-22T18:06:41.988Z","level":"LOG","message":"◇ injected env (0) from .env // tip: ⌘ custom filepath { path: '/custom/path/.env' }"}
{"timestamp":"2026-06-22T18:06:42.399Z","level":"LOG","message":"🚀 Lokum Engine Running on port 3000"}
{"timestamp":"2026-06-22T19:18:06.356Z","level":"LOG","message":"◇ injected env (0) from .env // tip: ◈ encrypted .env [www.dotenvx.com]"}
{"timestamp":"2026-06-22T19:18:06.761Z","level":"LOG","message":"🚀 Lokum Engine Running on port 3000"}
{"timestamp":"2026-06-22T23:59:40.147Z","level":"LOG","message":"◇ injected env (0) from .env // tip: ◈ secrets for agents [www.dotenvx.com]"}
{"timestamp":"2026-06-22T23:59:40.522Z","level":"LOG","message":"🚀 Lokum Engine Running on port 3000"}
{"timestamp":"2026-06-23T02:56:50.213Z","level":"LOG","message":"◇ injected env (0) from .env // tip: ⌘ suppress logs { quiet: true }"}
{"timestamp":"2026-06-23T02:56:50.683Z","level":"LOG","message":"🚀 Lokum Engine Running on port 3000"}
{"timestamp":"2026-06-23T08:38:46.224Z","level":"LOG","message":"◇ injected env (0) from .env // tip: ⌘ suppress logs { quiet: true }"}
{"timestamp":"2026-06-23T08:38:46.721Z","level":"LOG","message":"🚀 Lokum Engine Running on port 3000"}
{"timestamp":"2026-06-23T09:57:44.866Z","level":"LOG","message":"◇ injected env (0) from .env // tip: ◈ secrets for agents [www.dotenvx.com]"}
{"timestamp":"2026-06-23T09:57:45.308Z","level":"LOG","message":"🚀 Lokum Engine Running on port 3000"}
{"timestamp":"2026-06-23T14:38:38.951Z","level":"LOG","message":"◇ injected env (0) from .env // tip: ◈ secrets for agents [www.dotenvx.com]"}
{"timestamp":"2026-06-23T14:38:39.340Z","level":"LOG","message":"🚀 Lokum Engine Running on port 3000"}
{"timestamp":"2026-06-23T16:20:58.643Z","level":"LOG","message":"◇ injected env (0) from .env // tip: ⌘ enable debugging { debug: true }"}
{"timestamp":"2026-06-23T16:20:59.195Z","level":"LOG","message":"🚀 Lokum Engine Running on port 3000"}
{"timestamp":"2026-06-23T18:14:06.836Z","level":"LOG","message":"◇ injected env (0) from .env // tip: ⌘ suppress logs { quiet: true }"}
{"timestamp":"2026-06-23T18:14:07.361Z","level":"LOG","message":"🚀 Lokum Engine Running on port 3000"}
{"timestamp":"2026-06-23T20:05:48.439Z","level":"LOG","message":"◇ injected env (0) from .env // tip: ⌘ multiple files { path: ['.env.local', '.env'] }"}
{"timestamp":"2026-06-23T20:05:48.887Z","level":"LOG","message":"🚀 Lokum Engine Running on port 3000"}
{"timestamp":"2026-06-23T20:45:59.609Z","level":"LOG","message":"◇ injected env (0) from .env // tip: ⌘ multiple files { path: ['.env.local', '.env'] }"}
{"timestamp":"2026-06-23T20:46:00.085Z","level":"LOG","message":"🚀 Lokum Engine Running on port 3000"}
{"timestamp":"2026-06-23T21:43:07.574Z","level":"LOG","message":"◇ injected env (0) from .env // tip: ⌘ enable debugging { debug: true }"}
{"timestamp":"2026-06-23T21:43:08.036Z","level":"LOG","message":"🚀 Lokum Engine Running on port 3000"}
{"timestamp":"2026-06-23T21:47:21.549Z","level":"LOG","message":"◇ injected env (0) from .env // tip: ⌘ suppress logs { quiet: true }"}
{"timestamp":"2026-06-23T21:47:21.959Z","level":"LOG","message":"🚀 Lokum Engine Running on port 3000"}
{"timestamp":"2026-06-23T22:53:39.599Z","level":"LOG","message":"◇ injected env (0) from .env // tip: ⌘ enable debugging { debug: true }"}
{"timestamp":"2026-06-23T22:53:40.063Z","level":"LOG","message":"🚀 Lokum Engine Running on port 3000"}
{"timestamp":"2026-06-24T00:10:22.081Z","level":"LOG","message":"◇ injected env (0) from .env // tip: ⌘ override existing { override: true }"}
{"timestamp":"2026-06-24T00:10:22.499Z","level":"LOG","message":"🚀 Lokum Engine Running on port 3000"}
{"timestamp":"2026-06-24T06:29:09.868Z","level":"LOG","message":"◇ injected env (0) from .env // tip: ◈ encrypted .env [www.dotenvx.com]"}
{"timestamp":"2026-06-24T06:29:10.402Z","level":"LOG","message":"🚀 Lokum Engine Running on port 3000"}
{"timestamp":"2026-06-24T07:24:20.943Z","level":"LOG","message":"◇ injected env (0) from .env // tip: ⌘ multiple files { path: ['.env.local', '.env'] }"}
{"timestamp":"2026-06-24T07:24:21.327Z","level":"LOG","message":"🚀 Lokum Engine Running on port 3000"}
{"timestamp":"2026-06-24T12:18:53.022Z","level":"LOG","message":"◇ injected env (0) from .env // tip: ⌘ suppress logs { quiet: true }"}
{"timestamp":"2026-06-24T12:18:53.514Z","level":"LOG","message":"🚀 Lokum Engine Running on port 3000"}
{"timestamp":"2026-06-24T12:34:48.868Z","level":"LOG","message":"◇ injected env (0) from .env // tip: ⌘ custom filepath { path: '/custom/path/.env' }"}
{"timestamp":"2026-06-24T12:34:49.329Z","level":"LOG","message":"🚀 Lokum Engine Running on port 3000"}
{"timestamp":"2026-06-24T13:52:39.194Z","level":"LOG","message":"◇ injected env (0) from .env // tip: ⌘ override existing { override: true }"}
{"timestamp":"2026-06-24T13:52:39.604Z","level":"LOG","message":"🚀 Lokum Engine Running on port 3000"}
{"timestamp":"2026-06-24T18:07:55.720Z","level":"LOG","message":"◇ injected env (0) from .env // tip: ⌁ auth for agents [www.vestauth.com]"}
{"timestamp":"2026-06-24T18:07:56.209Z","level":"LOG","message":"🚀 Lokum Engine Running on port 3000"}
{"timestamp":"2026-06-24T19:01:22.082Z","level":"LOG","message":"◇ injected env (0) from .env // tip: ◈ encrypted .env [www.dotenvx.com]"}
{"timestamp":"2026-06-24T19:01:22.552Z","level":"LOG","message":"🚀 Lokum Engine Running on port 3000"}
{"timestamp":"2026-06-24T19:32:25.560Z","level":"LOG","message":"◇ injected env (0) from .env // tip: ◈ encrypted .env [www.dotenvx.com]"}
{"timestamp":"2026-06-24T19:32:25.970Z","level":"LOG","message":"🚀 Lokum Engine Running on port 3000"}
{"timestamp":"2026-06-24T20:08:53.568Z","level":"LOG","message":"◇ injected env (0) from .env // tip: ⌘ override existing { override: true }"}
{"timestamp":"2026-06-24T20:08:54.028Z","level":"LOG","message":"🚀 Lokum Engine Running on port 3000"}
{"timestamp":"2026-06-24T23:13:30.133Z","level":"LOG","message":"◇ injected env (0) from .env // tip: ◈ encrypted .env [www.dotenvx.com]"}
{"timestamp":"2026-06-24T23:13:30.667Z","level":"LOG","message":"🚀 Lokum Engine Running on port 3000"}
{"timestamp":"2026-06-24T23:15:47.512Z","level":"LOG","message":"◇ injected env (0) from .env // tip: ⌁ auth for agents [www.vestauth.com]"}
{"timestamp":"2026-06-24T23:15:47.920Z","level":"LOG","message":"🚀 Lokum Engine Running on port 3000"}
{"timestamp":"2026-06-25T02:11:35.957Z","level":"LOG","message":"◇ injected env (0) from .env // tip: ◈ secrets for agents [www.dotenvx.com]"}
{"timestamp":"2026-06-25T02:11:36.492Z","level":"LOG","message":"🚀 Lokum Engine Running on port 3000"}
{"timestamp":"2026-06-25T06:33:46.826Z","level":"LOG","message":"◇ injected env (0) from .env // tip: ◈ encrypted .env [www.dotenvx.com]"}
{"timestamp":"2026-06-25T06:33:47.325Z","level":"LOG","message":"🚀 Lokum Engine Running on port 3000"}
{"timestamp":"2026-06-25T07:39:30.035Z","level":"LOG","message":"◇ injected env (0) from .env // tip: ◈ encrypted .env [www.dotenvx.com]"}
{"timestamp":"2026-06-25T07:39:30.677Z","level":"LOG","message":"🚀 Lokum Engine Running on port 3000"}
{"timestamp":"2026-06-25T07:53:46.209Z","level":"LOG","message":"◇ injected env (0) from .env // tip: ⌘ suppress logs { quiet: true }"}
{"timestamp":"2026-06-25T07:53:46.660Z","level":"LOG","message":"🚀 Lokum Engine Running on port 3000"}
{"timestamp":"2026-06-25T12:45:17.959Z","level":"LOG","message":"◇ injected env (0) from .env // tip: ⌘ enable debugging { debug: true }"}
{"timestamp":"2026-06-25T12:45:18.471Z","level":"LOG","message":"🚀 Lokum Engine Running on port 3000"}
{"timestamp":"2026-06-25T14:14:52.228Z","level":"LOG","message":"◇ injected env (0) from .env // tip: ⌁ auth for agents [www.vestauth.com]"}
{"timestamp":"2026-06-25T14:14:52.672Z","level":"LOG","message":"🚀 Lokum Engine Running on port 3000"}
{"timestamp":"2026-06-25T15:09:48.588Z","level":"LOG","message":"◇ injected env (0) from .env // tip: ⌘ multiple files { path: ['.env.local', '.env'] }"}
{"timestamp":"2026-06-25T15:09:49.000Z","level":"LOG","message":"🚀 Lokum Engine Running on port 3000"}
{"timestamp":"2026-06-25T18:51:47.012Z","level":"LOG","message":"◇ injected env (0) from .env // tip: ⌘ enable debugging { debug: true }"}
{"timestamp":"2026-06-25T18:51:47.494Z","level":"LOG","message":"🚀 Lokum Engine Running on port 3000"}
{"timestamp":"2026-06-25T20:27:11.730Z","level":"LOG","message":"◇ injected env (0) from .env // tip: ⌁ auth for agents [www.vestauth.com]"}
{"timestamp":"2026-06-25T20:27:12.253Z","level":"LOG","message":"🚀 Lokum Engine Running on port 3000"}
{"timestamp":"2026-06-25T22:06:20.604Z","level":"LOG","message":"◇ injected env (0) from .env // tip: ⌘ multiple files { path: ['.env.local', '.env'] }"}
{"timestamp":"2026-06-25T22:06:21.121Z","level":"LOG","message":"🚀 Lokum Engine Running on port 3000"}
{"timestamp":"2026-06-26T00:19:45.073Z","level":"LOG","message":"◇ injected env (0) from .env // tip: ◈ encrypted .env [www.dotenvx.com]"}
{"timestamp":"2026-06-26T00:19:45.464Z","level":"LOG","message":"🚀 Lokum Engine Running on port 3000"}
{"timestamp":"2026-06-26T03:14:24.187Z","level":"LOG","message":"◇ injected env (0) from .env // tip: ⌘ multiple files { path: ['.env.local', '.env'] }"}
{"timestamp":"2026-06-26T03:14:24.689Z","level":"LOG","message":"🚀 Lokum Engine Running on port 3000"}
{"timestamp":"2026-06-26T04:06:26.066Z","level":"LOG","message":"◇ injected env (0) from .env // tip: ⌘ override existing { override: true }"}
{"timestamp":"2026-06-26T04:06:26.470Z","level":"LOG","message":"🚀 Lokum Engine Running on port 3000"}
{"timestamp":"2026-06-26T07:18:16.999Z","level":"LOG","message":"◇ injected env (0) from .env // tip: ◈ secrets for agents [www.dotenvx.com]"}
{"timestamp":"2026-06-26T07:18:17.579Z","level":"LOG","message":"🚀 Lokum Engine Running on port 3000"}
{"timestamp":"2026-06-26T08:55:00.161Z","level":"LOG","message":"◇ injected env (0) from .env // tip: ⌘ override existing { override: true }"}
{"timestamp":"2026-06-26T08:55:00.635Z","level":"LOG","message":"🚀 Lokum Engine Running on port 3000"}
{"timestamp":"2026-06-26T10:18:53.689Z","level":"LOG","message":"◇ injected env (0) from .env // tip: ⌘ enable debugging { debug: true }"}
{"timestamp":"2026-06-26T10:18:54.197Z","level":"LOG","message":"🚀 Lokum Engine Running on port 3000"}
{"timestamp":"2026-06-26T10:34:49.875Z","level":"LOG","message":"◇ injected env (0) from .env // tip: ⌁ auth for agents [www.vestauth.com]"}
{"timestamp":"2026-06-26T10:34:50.326Z","level":"LOG","message":"🚀 Lokum Engine Running on port 3000"}
{"timestamp":"2026-06-26T11:21:09.323Z","level":"LOG","message":"◇ injected env (0) from .env // tip: ◈ secrets for agents [www.dotenvx.com]"}
{"timestamp":"2026-06-26T11:21:09.788Z","level":"LOG","message":"🚀 Lokum Engine Running on port 3000"}
{"timestamp":"2026-06-26T13:36:18.269Z","level":"LOG","message":"◇ injected env (0) from .env // tip: ⌁ auth for agents [www.vestauth.com]"}
{"timestamp":"2026-06-26T13:36:18.798Z","level":"LOG","message":"🚀 Lokum Engine Running on port 3000"}
{"timestamp":"2026-06-26T14:40:29.665Z","level":"LOG","message":"◇ injected env (0) from .env // tip: ◈ secrets for agents [www.dotenvx.com]"}
{"timestamp":"2026-06-26T14:40:30.079Z","level":"LOG","message":"🚀 Lokum Engine Running on port 3000"}
{"timestamp":"2026-06-26T15:23:56.295Z","level":"LOG","message":"◇ injected env (0) from .env // tip: ⌘ override existing { override: true }"}
{"timestamp":"2026-06-26T15:23:56.737Z","level":"LOG","message":"🚀 Lokum Engine Running on port 3000"}
{"timestamp":"2026-06-26T16:40:59.576Z","level":"LOG","message":"◇ injected env (0) from .env // tip: ◈ secrets for agents [www.dotenvx.com]"}
{"timestamp":"2026-06-26T16:41:00.066Z","level":"LOG","message":"🚀 Lokum Engine Running on port 3000"}
{"timestamp":"2026-06-26T18:41:49.605Z","level":"LOG","message":"◇ injected env (0) from .env // tip: ⌘ override existing { override: true }"}
{"timestamp":"2026-06-26T18:41:50.041Z","level":"LOG","message":"🚀 Lokum Engine Running on port 3000"}
{"timestamp":"2026-06-26T21:22:39.996Z","level":"LOG","message":"◇ injected env (0) from .env // tip: ⌘ custom filepath { path: '/custom/path/.env' }"}
{"timestamp":"2026-06-26T21:22:40.505Z","level":"LOG","message":"🚀 Lokum Engine Running on port 3000"}
{"timestamp":"2026-06-27T00:31:01.568Z","level":"LOG","message":"◇ injected env (0) from .env // tip: ⌘ enable debugging { debug: true }"}
{"timestamp":"2026-06-27T00:31:02.074Z","level":"LOG","message":"🚀 Lokum Engine Running on port 3000"}
{"timestamp":"2026-06-27T01:45:16.180Z","level":"LOG","message":"◇ injected env (0) from .env // tip: ⌁ auth for agents [www.vestauth.com]"}
{"timestamp":"2026-06-27T01:45:16.577Z","level":"LOG","message":"🚀 Lokum Engine Running on port 3000"}
{"timestamp":"2026-06-27T04:16:21.240Z","level":"LOG","message":"◇ injected env (0) from .env // tip: ⌁ auth for agents [www.vestauth.com]"}
{"timestamp":"2026-06-27T04:16:21.771Z","level":"LOG","message":"🚀 Lokum Engine Running on port 3000"}
{"timestamp":"2026-06-27T07:45:50.764Z","level":"LOG","message":"◇ injected env (0) from .env // tip: ◈ secrets for agents [www.dotenvx.com]"}
{"timestamp":"2026-06-27T07:45:51.159Z","level":"LOG","message":"🚀 Lokum Engine Running on port 3000"}
{"timestamp":"2026-06-27T12:25:10.229Z","level":"LOG","message":"◇ injected env (0) from .env // tip: ⌘ enable debugging { debug: true }"}
{"timestamp":"2026-06-27T12:25:10.760Z","level":"LOG","message":"🚀 Lokum Engine Running on port 3000"}
{"timestamp":"2026-06-27T12:45:06.308Z","level":"LOG","message":"◇ injected env (0) from .env // tip: ⌘ enable debugging { debug: true }"}
{"timestamp":"2026-06-27T12:45:06.756Z","level":"LOG","message":"🚀 Lokum Engine Running on port 3000"}
{"timestamp":"2026-06-27T14:10:19.974Z","level":"LOG","message":"◇ injected env (0) from .env // tip: ⌘ suppress logs { quiet: true }"}
{"timestamp":"2026-06-27T14:10:20.381Z","level":"LOG","message":"🚀 Lokum Engine Running on port 3000"}
{"timestamp":"2026-06-27T14:26:33.039Z","level":"LOG","message":"◇ injected env (0) from .env // tip: ⌘ multiple files { path: ['.env.local', '.env'] }"}
{"timestamp":"2026-06-27T14:26:33.442Z","level":"LOG","message":"🚀 Lokum Engine Running on port 3000"}
{"timestamp":"2026-06-27T15:50:35.799Z","level":"LOG","message":"◇ injected env (0) from .env // tip: ⌘ multiple files { path: ['.env.local', '.env'] }"}
{"timestamp":"2026-06-27T15:50:36.282Z","level":"LOG","message":"🚀 Lokum Engine Running on port 3000"}
{"timestamp":"2026-06-27T17:49:03.706Z","level":"LOG","message":"◇ injected env (0) from .env // tip: ⌘ multiple files { path: ['.env.local', '.env'] }"}
{"timestamp":"2026-06-27T17:49:04.165Z","level":"LOG","message":"🚀 Lokum Engine Running on port 3000"}
{"timestamp":"2026-06-27T20:55:02.597Z","level":"LOG","message":"◇ injected env (0) from .env // tip: ⌘ suppress logs { quiet: true }"}
{"timestamp":"2026-06-27T20:55:03.165Z","level":"LOG","message":"🚀 Lokum Engine Running on port 3000"}
{"timestamp":"2026-06-27T21:07:54.635Z","level":"LOG","message":"◇ injected env (0) from .env // tip: ⌘ enable debugging { debug: true }"}
{"timestamp":"2026-06-27T21:07:55.107Z","level":"LOG","message":"🚀 Lokum Engine Running on port 3000"}
{"timestamp":"2026-06-27T22:43:51.124Z","level":"LOG","message":"◇ injected env (0) from .env // tip: ⌘ override existing { override: true }"}
{"timestamp":"2026-06-27T22:43:51.523Z","level":"LOG","message":"🚀 Lokum Engine Running on port 3000"}
{"timestamp":"2026-06-27T23:21:33.074Z","level":"LOG","message":"◇ injected env (0) from .env // tip: ⌘ suppress logs { quiet: true }"}
{"timestamp":"2026-06-27T23:21:33.463Z","level":"LOG","message":"🚀 Lokum Engine Running on port 3000"}
{"timestamp":"2026-06-28T02:41:10.582Z","level":"LOG","message":"◇ injected env (0) from .env // tip: ◈ encrypted .env [www.dotenvx.com]"}
{"timestamp":"2026-06-28T02:41:11.001Z","level":"LOG","message":"🚀 Lokum Engine Running on port 3000"}
{"timestamp":"2026-06-28T04:13:39.122Z","level":"LOG","message":"◇ injected env (0) from .env // tip: ⌘ multiple files { path: ['.env.local', '.env'] }"}
{"timestamp":"2026-06-28T04:13:39.575Z","level":"LOG","message":"🚀 Lokum Engine Running on port 3000"}
{"timestamp":"2026-06-28T09:00:31.940Z","level":"LOG","message":"◇ injected env (0) from .env // tip: ⌘ multiple files { path: ['.env.local', '.env'] }"}
{"timestamp":"2026-06-28T09:00:32.358Z","level":"LOG","message":"🚀 Lokum Engine Running on port 3000"}
{"timestamp":"2026-06-28T10:18:11.328Z","level":"LOG","message":"◇ injected env (0) from .env // tip: ⌁ auth for agents [www.vestauth.com]"}
{"timestamp":"2026-06-28T10:18:11.891Z","level":"LOG","message":"🚀 Lokum Engine Running on port 3000"}
{"timestamp":"2026-06-28T12:30:45.026Z","level":"LOG","message":"◇ injected env (0) from .env // tip: ⌘ enable debugging { debug: true }"}
{"timestamp":"2026-06-28T12:30:45.507Z","level":"LOG","message":"🚀 Lokum Engine Running on port 3000"}
{"timestamp":"2026-06-28T14:04:46.432Z","level":"LOG","message":"◇ injected env (0) from .env // tip: ◈ secrets for agents [www.dotenvx.com]"}
{"timestamp":"2026-06-28T14:04:46.841Z","level":"LOG","message":"🚀 Lokum Engine Running on port 3000"}
{"timestamp":"2026-06-28T16:12:31.650Z","level":"LOG","message":"◇ injected env (0) from .env // tip: ⌘ multiple files { path: ['.env.local', '.env'] }"}
{"timestamp":"2026-06-28T16:12:32.089Z","level":"LOG","message":"🚀 Lokum Engine Running on port 3000"}
{"timestamp":"2026-06-28T17:53:18.078Z","level":"LOG","message":"◇ injected env (0) from .env // tip: ⌘ multiple files { path: ['.env.local', '.env'] }"}
{"timestamp":"2026-06-28T17:53:18.604Z","level":"LOG","message":"🚀 Lokum Engine Running on port 3000"}
{"timestamp":"2026-06-28T21:37:06.613Z","level":"LOG","message":"◇ injected env (0) from .env // tip: ⌘ multiple files { path: ['.env.local', '.env'] }"}
{"timestamp":"2026-06-28T21:37:07.049Z","level":"LOG","message":"🚀 Lokum Engine Running on port 3000"}
{"timestamp":"2026-06-29T00:26:52.455Z","level":"LOG","message":"◇ injected env (0) from .env // tip: ⌘ custom filepath { path: '/custom/path/.env' }"}
{"timestamp":"2026-06-29T00:26:52.970Z","level":"LOG","message":"🚀 Lokum Engine Running on port 3000"}
{"timestamp":"2026-06-29T02:57:47.005Z","level":"LOG","message":"◇ injected env (0) from .env // tip: ⌘ override existing { override: true }"}
{"timestamp":"2026-06-29T02:57:47.477Z","level":"LOG","message":"🚀 Lokum Engine Running on port 3000"}
{"timestamp":"2026-06-29T04:11:12.960Z","level":"LOG","message":"◇ injected env (0) from .env // tip: ⌘ custom filepath { path: '/custom/path/.env' }"}
{"timestamp":"2026-06-29T04:11:13.500Z","level":"LOG","message":"🚀 Lokum Engine Running on port 3000"}
{"timestamp":"2026-06-29T05:07:51.130Z","level":"LOG","message":"◇ injected env (0) from .env // tip: ◈ secrets for agents [www.dotenvx.com]"}
{"timestamp":"2026-06-29T05:07:51.606Z","level":"LOG","message":"🚀 Lokum Engine Running on port 3000"}
{"timestamp":"2026-06-29T05:16:23.653Z","level":"LOG","message":"◇ injected env (0) from .env // tip: ⌘ override existing { override: true }"}
{"timestamp":"2026-06-29T05:16:24.050Z","level":"LOG","message":"🚀 Lokum Engine Running on port 3000"}
{"timestamp":"2026-06-29T06:22:02.763Z","level":"LOG","message":"◇ injected env (0) from .env // tip: ◈ encrypted .env [www.dotenvx.com]"}
{"timestamp":"2026-06-29T06:22:03.315Z","level":"LOG","message":"🚀 Lokum Engine Running on port 3000"}
{"timestamp":"2026-06-29T09:16:14.189Z","level":"LOG","message":"◇ injected env (0) from .env // tip: ⌘ override existing { override: true }"}
{"timestamp":"2026-06-29T09:16:14.868Z","level":"LOG","message":"🚀 Lokum Engine Running on port 3000"}
{"timestamp":"2026-06-29T10:32:11.713Z","level":"LOG","message":"◇ injected env (0) from .env // tip: ⌁ auth for agents [www.vestauth.com]"}
{"timestamp":"2026-06-29T10:32:12.167Z","level":"LOG","message":"🚀 Lokum Engine Running on port 3000"}
{"timestamp":"2026-06-29T11:58:27.969Z","level":"LOG","message":"◇ injected env (0) from .env // tip: ◈ encrypted .env [www.dotenvx.com]"}
{"timestamp":"2026-06-29T11:58:28.502Z","level":"LOG","message":"🚀 Lokum Engine Running on port 3000"}
{"timestamp":"2026-06-29T13:16:21.195Z","level":"LOG","message":"◇ injected env (0) from .env // tip: ⌘ suppress logs { quiet: true }"}
{"timestamp":"2026-06-29T13:16:21.620Z","level":"LOG","message":"🚀 Lokum Engine Running on port 3000"}
{"timestamp":"2026-06-29T14:54:32.829Z","level":"LOG","message":"◇ injected env (0) from .env // tip: ◈ secrets for agents [www.dotenvx.com]"}
{"timestamp":"2026-06-29T14:54:33.284Z","level":"LOG","message":"🚀 Lokum Engine Running on port 3000"}
{"timestamp":"2026-06-29T16:00:28.367Z","level":"LOG","message":"◇ injected env (0) from .env // tip: ⌘ enable debugging { debug: true }"}
{"timestamp":"2026-06-29T16:00:28.837Z","level":"LOG","message":"🚀 Lokum Engine Running on port 3000"}
{"timestamp":"2026-06-29T18:17:16.612Z","level":"LOG","message":"◇ injected env (0) from .env // tip: ⌘ multiple files { path: ['.env.local', '.env'] }"}
{"timestamp":"2026-06-29T18:17:17.155Z","level":"LOG","message":"🚀 Lokum Engine Running on port 3000"}
{"timestamp":"2026-06-29T19:56:08.306Z","level":"LOG","message":"◇ injected env (0) from .env // tip: ◈ secrets for agents [www.dotenvx.com]"}
{"timestamp":"2026-06-29T19:56:08.831Z","level":"LOG","message":"🚀 Lokum Engine Running on port 3000"}
{"timestamp":"2026-06-29T21:31:05.984Z","level":"LOG","message":"◇ injected env (0) from .env // tip: ◈ secrets for agents [www.dotenvx.com]"}
{"timestamp":"2026-06-29T21:31:06.484Z","level":"LOG","message":"🚀 Lokum Engine Running on port 3000"}
{"timestamp":"2026-06-29T23:44:21.788Z","level":"LOG","message":"◇ injected env (0) from .env // tip: ⌁ auth for agents [www.vestauth.com]"}
{"timestamp":"2026-06-29T23:44:22.269Z","level":"LOG","message":"🚀 Lokum Engine Running on port 3000"}
{"timestamp":"2026-06-30T01:54:33.059Z","level":"LOG","message":"◇ injected env (0) from .env // tip: ◈ encrypted .env [www.dotenvx.com]"}
{"timestamp":"2026-06-30T01:54:33.454Z","level":"LOG","message":"🚀 Lokum Engine Running on port 3000"}
{"timestamp":"2026-06-30T02:23:51.335Z","level":"LOG","message":"◇ injected env (0) from .env // tip: ⌘ multiple files { path: ['.env.local', '.env'] }"}
{"timestamp":"2026-06-30T02:23:51.712Z","level":"LOG","message":"🚀 Lokum Engine Running on port 3000"}
{"timestamp":"2026-06-30T04:55:18.466Z","level":"LOG","message":"◇ injected env (0) from .env // tip: ⌘ multiple files { path: ['.env.local', '.env'] }"}
{"timestamp":"2026-06-30T04:55:18.976Z","level":"LOG","message":"🚀 Lokum Engine Running on port 3000"}
{"timestamp":"2026-06-30T05:58:02.957Z","level":"LOG","message":"◇ injected env (0) from .env // tip: ◈ secrets for agents [www.dotenvx.com]"}
{"timestamp":"2026-06-30T05:58:03.456Z","level":"LOG","message":"🚀 Lokum Engine Running on port 3000"}
{"timestamp":"2026-06-30T09:05:19.420Z","level":"LOG","message":"◇ injected env (0) from .env // tip: ⌘ enable debugging { debug: true }"}
{"timestamp":"2026-06-30T09:05:19.910Z","level":"LOG","message":"🚀 Lokum Engine Running on port 3000"}
{"timestamp":"2026-06-30T14:20:39.753Z","level":"LOG","message":"◇ injected env (0) from .env // tip: ⌘ suppress logs { quiet: true }"}
{"timestamp":"2026-06-30T14:20:40.280Z","level":"LOG","message":"🚀 Lokum Engine Running on port 3000"}
{"timestamp":"2026-06-30T16:20:30.371Z","level":"LOG","message":"◇ injected env (0) from .env // tip: ⌘ custom filepath { path: '/custom/path/.env' }"}
{"timestamp":"2026-06-30T16:20:30.856Z","level":"LOG","message":"🚀 Lokum Engine Running on port 3000"}
{"timestamp":"2026-06-30T18:52:03.721Z","level":"LOG","message":"◇ injected env (0) from .env // tip: ⌘ multiple files { path: ['.env.local', '.env'] }"}
{"timestamp":"2026-06-30T18:52:04.309Z","level":"LOG","message":"🚀 Lokum Engine Running on port 3000"}
{"timestamp":"2026-06-30T19:53:16.836Z","level":"LOG","message":"◇ injected env (0) from .env // tip: ⌘ custom filepath { path: '/custom/path/.env' }"}
{"timestamp":"2026-06-30T19:53:17.281Z","level":"LOG","message":"🚀 Lokum Engine Running on port 3000"}
{"timestamp":"2026-06-30T21:18:57.804Z","level":"LOG","message":"◇ injected env (0) from .env // tip: ⌘ custom filepath { path: '/custom/path/.env' }"}
{"timestamp":"2026-06-30T21:18:58.286Z","level":"LOG","message":"🚀 Lokum Engine Running on port 3000"}
{"timestamp":"2026-06-30T22:55:20.383Z","level":"LOG","message":"◇ injected env (0) from .env // tip: ⌁ auth for agents [www.vestauth.com]"}
{"timestamp":"2026-06-30T22:55:20.827Z","level":"LOG","message":"🚀 Lokum Engine Running on port 3000"}
{"timestamp":"2026-07-01T00:40:42.173Z","level":"LOG","message":"◇ injected env (0) from .env // tip: ◈ encrypted .env [www.dotenvx.com]"}
{"timestamp":"2026-07-01T00:40:42.607Z","level":"LOG","message":"🚀 Lokum Engine Running on port 3000"}
{"timestamp":"2026-07-01T02:14:18.074Z","level":"LOG","message":"◇ injected env (0) from .env // tip: ⌁ auth for agents [www.vestauth.com]"}
{"timestamp":"2026-07-01T02:14:18.540Z","level":"LOG","message":"🚀 Lokum Engine Running on port 3000"}
{"timestamp":"2026-07-01T08:34:55.352Z","level":"LOG","message":"◇ injected env (0) from .env // tip: ⌘ custom filepath { path: '/custom/path/.env' }"}
{"timestamp":"2026-07-01T08:34:55.981Z","level":"LOG","message":"🚀 Lokum Engine Running on port 3000"}
{"timestamp":"2026-07-01T11:52:18.602Z","level":"LOG","message":"◇ injected env (0) from .env // tip: ⌘ suppress logs { quiet: true }"}
{"timestamp":"2026-07-01T11:52:19.126Z","level":"LOG","message":"🚀 Lokum Engine Running on port 3000"}
{"timestamp":"2026-07-01T14:18:06.308Z","level":"LOG","message":"◇ injected env (0) from .env // tip: ⌘ multiple files { path: ['.env.local', '.env'] }"}
{"timestamp":"2026-07-01T14:18:06.833Z","level":"LOG","message":"🚀 Lokum Engine Running on port 3000"}
{"timestamp":"2026-07-01T17:02:29.555Z","level":"LOG","message":"◇ injected env (0) from .env // tip: ⌁ auth for agents [www.vestauth.com]"}
{"timestamp":"2026-07-01T17:02:30.088Z","level":"LOG","message":"🚀 Lokum Engine Running on port 3000"}
{"timestamp":"2026-07-01T18:25:56.165Z","level":"LOG","message":"◇ injected env (0) from .env // tip: ⌘ custom filepath { path: '/custom/path/.env' }"}
{"timestamp":"2026-07-01T18:25:56.559Z","level":"LOG","message":"🚀 Lokum Engine Running on port 3000"}
{"timestamp":"2026-07-01T18:45:39.390Z","level":"LOG","message":"◇ injected env (0) from .env // tip: ⌘ suppress logs { quiet: true }"}
{"timestamp":"2026-07-01T18:45:39.861Z","level":"LOG","message":"🚀 Lokum Engine Running on port 3000"}
{"timestamp":"2026-07-01T21:00:59.940Z","level":"LOG","message":"◇ injected env (0) from .env // tip: ⌘ enable debugging { debug: true }"}
{"timestamp":"2026-07-01T21:01:00.444Z","level":"LOG","message":"🚀 Lokum Engine Running on port 3000"}
{"timestamp":"2026-07-01T21:42:21.528Z","level":"LOG","message":"◇ injected env (0) from .env // tip: ⌘ enable debugging { debug: true }"}
{"timestamp":"2026-07-01T21:42:22.006Z","level":"LOG","message":"🚀 Lokum Engine Running on port 3000"}
{"timestamp":"2026-07-01T23:22:34.782Z","level":"LOG","message":"◇ injected env (0) from .env // tip: ⌘ multiple files { path: ['.env.local', '.env'] }"}
{"timestamp":"2026-07-01T23:22:35.246Z","level":"LOG","message":"🚀 Lokum Engine Running on port 3000"}
{"timestamp":"2026-07-02T01:23:27.513Z","level":"LOG","message":"◇ injected env (0) from .env // tip: ⌘ enable debugging { debug: true }"}
{"timestamp":"2026-07-02T01:23:28.017Z","level":"LOG","message":"🚀 Lokum Engine Running on port 3000"}
{"timestamp":"2026-07-02T04:43:45.893Z","level":"LOG","message":"◇ injected env (0) from .env // tip: ⌘ enable debugging { debug: true }"}
{"timestamp":"2026-07-02T04:43:46.331Z","level":"LOG","message":"🚀 Lokum Engine Running on port 3000"}
{"timestamp":"2026-07-02T08:08:37.441Z","level":"LOG","message":"◇ injected env (0) from .env // tip: ⌘ override existing { override: true }"}
{"timestamp":"2026-07-02T08:08:37.947Z","level":"LOG","message":"🚀 Lokum Engine Running on port 3000"}
{"timestamp":"2026-07-02T08:14:34.441Z","level":"LOG","message":"◇ injected env (0) from .env // tip: ⌘ enable debugging { debug: true }"}
{"timestamp":"2026-07-02T08:14:34.903Z","level":"LOG","message":"🚀 Lokum Engine Running on port 3000"}
{"timestamp":"2026-07-02T10:05:18.823Z","level":"LOG","message":"◇ injected env (0) from .env // tip: ⌘ enable debugging { debug: true }"}
{"timestamp":"2026-07-02T10:05:19.389Z","level":"LOG","message":"🚀 Lokum Engine Running on port 3000"}
{"timestamp":"2026-07-02T12:44:23.401Z","level":"LOG","message":"◇ injected env (0) from .env // tip: ⌘ multiple files { path: ['.env.local', '.env'] }"}
{"timestamp":"2026-07-02T12:44:23.982Z","level":"LOG","message":"🚀 Lokum Engine Running on port 3000"}
{"timestamp":"2026-07-02T13:45:32.972Z","level":"LOG","message":"◇ injected env (0) from .env // tip: ⌘ multiple files { path: ['.env.local', '.env'] }"}
{"timestamp":"2026-07-02T13:45:33.496Z","level":"LOG","message":"🚀 Lokum Engine Running on port 3000"}
{"timestamp":"2026-07-02T14:37:20.329Z","level":"LOG","message":"◇ injected env (0) from .env // tip: ◈ encrypted .env [www.dotenvx.com]"}
{"timestamp":"2026-07-02T14:37:20.855Z","level":"LOG","message":"🚀 Lokum Engine Running on port 3000"}
{"timestamp":"2026-07-02T15:03:43.452Z","level":"LOG","message":"◇ injected env (0) from .env // tip: ⌘ override existing { override: true }"}
{"timestamp":"2026-07-02T15:03:43.913Z","level":"LOG","message":"🚀 Lokum Engine Running on port 3000"}
{"timestamp":"2026-07-02T15:55:43.374Z","level":"LOG","message":"◇ injected env (0) from .env // tip: ⌘ multiple files { path: ['.env.local', '.env'] }"}
{"timestamp":"2026-07-02T15:55:43.835Z","level":"LOG","message":"🚀 Lokum Engine Running on port 3000"}
{"timestamp":"2026-07-02T16:08:09.198Z","level":"LOG","message":"◇ injected env (0) from .env // tip: ◈ secrets for agents [www.dotenvx.com]"}
{"timestamp":"2026-07-02T16:08:09.666Z","level":"LOG","message":"🚀 Lokum Engine Running on port 3000"}
{"timestamp":"2026-07-02T17:11:44.214Z","level":"LOG","message":"◇ injected env (0) from .env // tip: ⌘ custom filepath { path: '/custom/path/.env' }"}
{"timestamp":"2026-07-02T17:11:44.797Z","level":"LOG","message":"🚀 Lokum Engine Running on port 3000"}
{"timestamp":"2026-07-02T18:24:33.168Z","level":"LOG","message":"◇ injected env (0) from .env // tip: ⌘ enable debugging { debug: true }"}
{"timestamp":"2026-07-02T18:24:33.612Z","level":"LOG","message":"🚀 Lokum Engine Running on port 3000"}
{"timestamp":"2026-07-02T19:14:09.692Z","level":"LOG","message":"◇ injected env (0) from .env // tip: ⌁ auth for agents [www.vestauth.com]"}
{"timestamp":"2026-07-02T19:14:10.115Z","level":"LOG","message":"🚀 Lokum Engine Running on port 3000"}
{"timestamp":"2026-07-02T19:59:43.257Z","level":"LOG","message":"◇ injected env (0) from .env // tip: ⌁ auth for agents [www.vestauth.com]"}
{"timestamp":"2026-07-02T19:59:43.662Z","level":"LOG","message":"🚀 Lokum Engine Running on port 3000"}
{"timestamp":"2026-07-02T22:42:30.073Z","level":"LOG","message":"◇ injected env (0) from .env // tip: ⌘ custom filepath { path: '/custom/path/.env' }"}
{"timestamp":"2026-07-02T22:42:30.605Z","level":"LOG","message":"🚀 Lokum Engine Running on port 3000"}
{"timestamp":"2026-07-03T03:04:36.123Z","level":"LOG","message":"◇ injected env (0) from .env // tip: ◈ encrypted .env [www.dotenvx.com]"}
{"timestamp":"2026-07-03T03:04:36.631Z","level":"LOG","message":"🚀 Lokum Engine Running on port 3000"}
{"timestamp":"2026-07-03T04:11:10.957Z","level":"LOG","message":"◇ injected env (0) from .env // tip: ⌘ enable debugging { debug: true }"}
{"timestamp":"2026-07-03T04:11:11.438Z","level":"LOG","message":"🚀 Lokum Engine Running on port 3000"}
{"timestamp":"2026-07-03T06:54:59.439Z","level":"LOG","message":"◇ injected env (0) from .env // tip: ⌘ override existing { override: true }"}
{"timestamp":"2026-07-03T06:55:00.025Z","level":"LOG","message":"🚀 Lokum Engine Running on port 3000"}
{"timestamp":"2026-07-03T07:55:45.082Z","level":"LOG","message":"◇ injected env (0) from .env // tip: ⌘ suppress logs { quiet: true }"}
{"timestamp":"2026-07-03T07:55:45.551Z","level":"LOG","message":"🚀 Lokum Engine Running on port 3000"}
{"timestamp":"2026-07-03T12:18:39.827Z","level":"LOG","message":"◇ injected env (0) from .env // tip: ⌘ custom filepath { path: '/custom/path/.env' }"}
{"timestamp":"2026-07-03T12:18:40.451Z","level":"LOG","message":"🚀 Lokum Engine Running on port 3000"}
{"timestamp":"2026-07-03T12:38:12.930Z","level":"LOG","message":"◇ injected env (0) from .env // tip: ⌘ custom filepath { path: '/custom/path/.env' }"}
{"timestamp":"2026-07-03T12:38:13.400Z","level":"LOG","message":"🚀 Lokum Engine Running on port 3000"}
{"timestamp":"2026-07-03T14:54:18.508Z","level":"LOG","message":"◇ injected env (0) from .env // tip: ⌘ suppress logs { quiet: true }"}
{"timestamp":"2026-07-03T14:54:19.139Z","level":"LOG","message":"🚀 Lokum Engine Running on port 3000"}
{"timestamp":"2026-07-03T16:36:41.770Z","level":"LOG","message":"◇ injected env (0) from .env // tip: ⌘ override existing { override: true }"}
{"timestamp":"2026-07-03T16:36:42.379Z","level":"LOG","message":"🚀 Lokum Engine Running on port 3000"}
{"timestamp":"2026-07-03T18:53:17.259Z","level":"LOG","message":"◇ injected env (0) from .env // tip: ⌘ enable debugging { debug: true }"}
{"timestamp":"2026-07-03T18:53:17.782Z","level":"LOG","message":"🚀 Lokum Engine Running on port 3000"}
{"timestamp":"2026-07-03T22:12:38.822Z","level":"LOG","message":"◇ injected env (0) from .env // tip: ⌘ suppress logs { quiet: true }"}
{"timestamp":"2026-07-03T22:12:39.351Z","level":"LOG","message":"🚀 Lokum Engine Running on port 3000"}
{"timestamp":"2026-07-04T02:23:33.777Z","level":"LOG","message":"◇ injected env (0) from .env // tip: ⌘ custom filepath { path: '/custom/path/.env' }"}
{"timestamp":"2026-07-04T02:23:34.241Z","level":"LOG","message":"🚀 Lokum Engine Running on port 3000"}
{"timestamp":"2026-07-04T03:47:35.842Z","level":"LOG","message":"◇ injected env (0) from .env // tip: ⌁ auth for agents [www.vestauth.com]"}
{"timestamp":"2026-07-04T03:47:36.373Z","level":"LOG","message":"🚀 Lokum Engine Running on port 3000"}
{"timestamp":"2026-07-04T03:51:45.270Z","level":"LOG","message":"◇ injected env (0) from .env // tip: ⌘ custom filepath { path: '/custom/path/.env' }"}
{"timestamp":"2026-07-04T03:51:45.734Z","level":"LOG","message":"🚀 Lokum Engine Running on port 3000"}
{"timestamp":"2026-07-04T07:02:04.014Z","level":"LOG","message":"◇ injected env (0) from .env // tip: ⌘ override existing { override: true }"}
{"timestamp":"2026-07-04T07:02:04.644Z","level":"LOG","message":"🚀 Lokum Engine Running on port 3000"}
{"timestamp":"2026-07-04T08:10:17.067Z","level":"LOG","message":"◇ injected env (0) from .env // tip: ⌘ enable debugging { debug: true }"}
{"timestamp":"2026-07-04T08:10:17.563Z","level":"LOG","message":"🚀 Lokum Engine Running on port 3000"}
{"timestamp":"2026-07-04T08:48:29.308Z","level":"LOG","message":"◇ injected env (0) from .env // tip: ⌘ override existing { override: true }"}
{"timestamp":"2026-07-04T08:48:29.878Z","level":"LOG","message":"🚀 Lokum Engine Running on port 3000"}
{"timestamp":"2026-07-04T11:24:01.112Z","level":"LOG","message":"◇ injected env (0) from .env // tip: ⌘ suppress logs { quiet: true }"}
{"timestamp":"2026-07-04T11:24:01.956Z","level":"LOG","message":"🚀 Lokum Engine Running on port 3000"}
{"timestamp":"2026-07-04T12:44:50.998Z","level":"LOG","message":"◇ injected env (0) from .env // tip: ⌘ suppress logs { quiet: true }"}
{"timestamp":"2026-07-04T12:44:51.460Z","level":"LOG","message":"🚀 Lokum Engine Running on port 3000"}
{"timestamp":"2026-07-04T14:07:46.645Z","level":"LOG","message":"◇ injected env (0) from .env // tip: ◈ secrets for agents [www.dotenvx.com]"}
{"timestamp":"2026-07-04T14:07:47.221Z","level":"LOG","message":"🚀 Lokum Engine Running on port 3000"}
{"timestamp":"2026-07-04T15:10:18.205Z","level":"LOG","message":"◇ injected env (0) from .env // tip: ⌘ override existing { override: true }"}
{"timestamp":"2026-07-04T15:10:18.711Z","level":"LOG","message":"🚀 Lokum Engine Running on port 3000"}
{"timestamp":"2026-07-04T15:53:07.083Z","level":"LOG","message":"◇ injected env (0) from .env // tip: ⌘ enable debugging { debug: true }"}
{"timestamp":"2026-07-04T15:53:07.591Z","level":"LOG","message":"🚀 Lokum Engine Running on port 3000"}
{"timestamp":"2026-07-04T19:52:39.992Z","level":"LOG","message":"◇ injected env (0) from .env // tip: ⌘ override existing { override: true }"}
{"timestamp":"2026-07-04T19:52:40.582Z","level":"LOG","message":"🚀 Lokum Engine Running on port 3000"}
{"timestamp":"2026-07-04T23:52:15.998Z","level":"LOG","message":"◇ injected env (0) from .env // tip: ⌘ override existing { override: true }"}
{"timestamp":"2026-07-04T23:52:16.538Z","level":"LOG","message":"🚀 Lokum Engine Running on port 3000"}
{"timestamp":"2026-07-05T04:45:13.770Z","level":"LOG","message":"◇ injected env (0) from .env // tip: ◈ encrypted .env [www.dotenvx.com]"}
{"timestamp":"2026-07-05T04:45:14.334Z","level":"LOG","message":"🚀 Lokum Engine Running on port 3000"}
{"timestamp":"2026-07-05T05:23:18.043Z","level":"LOG","message":"◇ injected env (0) from .env // tip: ⌘ custom filepath { path: '/custom/path/.env' }"}
{"timestamp":"2026-07-05T05:23:18.446Z","level":"LOG","message":"🚀 Lokum Engine Running on port 3000"}
{"timestamp":"2026-07-05T07:29:30.741Z","level":"LOG","message":"◇ injected env (0) from .env // tip: ⌘ override existing { override: true }"}
{"timestamp":"2026-07-05T07:29:31.185Z","level":"LOG","message":"🚀 Lokum Engine Running on port 3000"}
{"timestamp":"2026-07-05T07:59:26.470Z","level":"LOG","message":"◇ injected env (0) from .env // tip: ◈ encrypted .env [www.dotenvx.com]"}
{"timestamp":"2026-07-05T07:59:27.054Z","level":"LOG","message":"🚀 Lokum Engine Running on port 3000"}
{"timestamp":"2026-07-05T09:34:30.888Z","level":"LOG","message":"◇ injected env (0) from .env // tip: ⌁ auth for agents [www.vestauth.com]"}
{"timestamp":"2026-07-05T09:34:31.450Z","level":"LOG","message":"🚀 Lokum Engine Running on port 3000"}
{"timestamp":"2026-07-05T11:17:37.987Z","level":"LOG","message":"◇ injected env (0) from .env // tip: ◈ encrypted .env [www.dotenvx.com]"}
{"timestamp":"2026-07-05T11:17:38.486Z","level":"LOG","message":"🚀 Lokum Engine Running on port 3000"}
{"timestamp":"2026-07-05T11:58:23.553Z","level":"LOG","message":"◇ injected env (0) from .env // tip: ⌘ override existing { override: true }"}
{"timestamp":"2026-07-05T11:58:24.070Z","level":"LOG","message":"🚀 Lokum Engine Running on port 3000"}
{"timestamp":"2026-07-05T12:59:07.204Z","level":"LOG","message":"◇ injected env (0) from .env // tip: ⌁ auth for agents [www.vestauth.com]"}
{"timestamp":"2026-07-05T12:59:07.776Z","level":"LOG","message":"🚀 Lokum Engine Running on port 3000"}
{"timestamp":"2026-07-05T13:04:11.987Z","level":"LOG","message":"◇ injected env (0) from .env // tip: ⌘ suppress logs { quiet: true }"}
{"timestamp":"2026-07-05T13:04:12.538Z","level":"LOG","message":"🚀 Lokum Engine Running on port 3000"}
{"timestamp":"2026-07-05T15:41:35.006Z","level":"LOG","message":"◇ injected env (0) from .env // tip: ⌘ override existing { override: true }"}
{"timestamp":"2026-07-05T15:41:35.490Z","level":"LOG","message":"🚀 Lokum Engine Running on port 3000"}
{"timestamp":"2026-07-05T18:48:11.854Z","level":"LOG","message":"◇ injected env (0) from .env // tip: ⌘ enable debugging { debug: true }"}
{"timestamp":"2026-07-05T18:48:12.284Z","level":"LOG","message":"🚀 Lokum Engine Running on port 3000"}
{"timestamp":"2026-07-05T19:53:33.400Z","level":"LOG","message":"◇ injected env (0) from .env // tip: ⌘ multiple files { path: ['.env.local', '.env'] }"}
{"timestamp":"2026-07-05T19:53:33.907Z","level":"LOG","message":"🚀 Lokum Engine Running on port 3000"}
{"timestamp":"2026-07-05T20:57:49.224Z","level":"LOG","message":"◇ injected env (0) from .env // tip: ⌘ override existing { override: true }"}
{"timestamp":"2026-07-05T20:57:49.647Z","level":"LOG","message":"🚀 Lokum Engine Running on port 3000"}
{"timestamp":"2026-07-06T00:28:43.518Z","level":"LOG","message":"◇ injected env (0) from .env // tip: ◈ secrets for agents [www.dotenvx.com]"}
{"timestamp":"2026-07-06T00:28:44.014Z","level":"LOG","message":"🚀 Lokum Engine Running on port 3000"}
{"timestamp":"2026-07-06T01:16:20.604Z","level":"LOG","message":"◇ injected env (0) from .env // tip: ⌘ multiple files { path: ['.env.local', '.env'] }"}
{"timestamp":"2026-07-06T01:16:21.075Z","level":"LOG","message":"🚀 Lokum Engine Running on port 3000"}
{"timestamp":"2026-07-06T03:29:26.981Z","level":"LOG","message":"◇ injected env (0) from .env // tip: ⌘ enable debugging { debug: true }"}
{"timestamp":"2026-07-06T03:29:27.519Z","level":"LOG","message":"🚀 Lokum Engine Running on port 3000"}
{"timestamp":"2026-07-06T04:33:57.555Z","level":"LOG","message":"◇ injected env (0) from .env // tip: ⌘ custom filepath { path: '/custom/path/.env' }"}
{"timestamp":"2026-07-06T04:33:58.040Z","level":"LOG","message":"🚀 Lokum Engine Running on port 3000"}
{"timestamp":"2026-07-06T05:46:08.372Z","level":"LOG","message":"◇ injected env (0) from .env // tip: ⌁ auth for agents [www.vestauth.com]"}
{"timestamp":"2026-07-06T05:46:08.813Z","level":"LOG","message":"🚀 Lokum Engine Running on port 3000"}
{"timestamp":"2026-07-06T08:04:10.370Z","level":"LOG","message":"◇ injected env (0) from .env // tip: ⌘ override existing { override: true }"}
{"timestamp":"2026-07-06T08:04:10.848Z","level":"LOG","message":"🚀 Lokum Engine Running on port 3000"}
{"timestamp":"2026-07-06T10:37:18.073Z","level":"LOG","message":"◇ injected env (0) from .env // tip: ⌘ suppress logs { quiet: true }"}
{"timestamp":"2026-07-06T10:37:18.505Z","level":"LOG","message":"🚀 Lokum Engine Running on port 3000"}
{"timestamp":"2026-07-06T12:05:34.594Z","level":"LOG","message":"◇ injected env (0) from .env // tip: ⌘ enable debugging { debug: true }"}
{"timestamp":"2026-07-06T12:05:35.089Z","level":"LOG","message":"🚀 Lokum Engine Running on port 3000"}
{"timestamp":"2026-07-06T15:40:33.326Z","level":"LOG","message":"◇ injected env (0) from .env // tip: ⌘ suppress logs { quiet: true }"}
{"timestamp":"2026-07-06T15:40:34.044Z","level":"LOG","message":"🚀 Lokum Engine Running on port 3000"}
{"timestamp":"2026-07-06T16:13:56.486Z","level":"LOG","message":"◇ injected env (0) from .env // tip: ⌘ override existing { override: true }"}
{"timestamp":"2026-07-06T16:13:56.877Z","level":"LOG","message":"🚀 Lokum Engine Running on port 3000"}
{"timestamp":"2026-07-06T18:16:24.728Z","level":"LOG","message":"◇ injected env (0) from .env // tip: ⌘ suppress logs { quiet: true }"}
{"timestamp":"2026-07-06T18:16:25.266Z","level":"LOG","message":"🚀 Lokum Engine Running on port 3000"}
{"timestamp":"2026-07-06T18:47:59.256Z","level":"LOG","message":"◇ injected env (0) from .env // tip: ⌘ multiple files { path: ['.env.local', '.env'] }"}
{"timestamp":"2026-07-06T18:47:59.695Z","level":"LOG","message":"🚀 Lokum Engine Running on port 3000"}
{"timestamp":"2026-07-06T22:34:04.487Z","level":"LOG","message":"◇ injected env (0) from .env // tip: ◈ encrypted .env [www.dotenvx.com]"}
{"timestamp":"2026-07-06T22:34:05.116Z","level":"LOG","message":"🚀 Lokum Engine Running on port 3000"}
{"timestamp":"2026-07-07T00:17:59.254Z","level":"LOG","message":"◇ injected env (0) from .env // tip: ◈ secrets for agents [www.dotenvx.com]"}
{"timestamp":"2026-07-07T00:17:59.660Z","level":"LOG","message":"🚀 Lokum Engine Running on port 3000"}
{"timestamp":"2026-07-07T01:33:30.469Z","level":"LOG","message":"◇ injected env (0) from .env // tip: ⌘ override existing { override: true }"}
{"timestamp":"2026-07-07T01:33:31.017Z","level":"LOG","message":"🚀 Lokum Engine Running on port 3000"}
{"timestamp":"2026-07-07T03:16:07.454Z","level":"LOG","message":"◇ injected env (0) from .env // tip: ⌁ auth for agents [www.vestauth.com]"}
{"timestamp":"2026-07-07T03:16:07.931Z","level":"LOG","message":"🚀 Lokum Engine Running on port 3000"}
{"timestamp":"2026-07-07T07:14:11.038Z","level":"LOG","message":"◇ injected env (0) from .env // tip: ◈ secrets for agents [www.dotenvx.com]"}
{"timestamp":"2026-07-07T07:14:11.606Z","level":"LOG","message":"🚀 Lokum Engine Running on port 3000"}
{"timestamp":"2026-07-07T09:38:15.703Z","level":"LOG","message":"◇ injected env (0) from .env // tip: ⌘ override existing { override: true }"}
{"timestamp":"2026-07-07T09:38:16.161Z","level":"LOG","message":"🚀 Lokum Engine Running on port 3000"}
{"timestamp":"2026-07-07T10:30:10.505Z","level":"LOG","message":"◇ injected env (0) from .env // tip: ⌘ suppress logs { quiet: true }"}
{"timestamp":"2026-07-07T10:30:11.026Z","level":"LOG","message":"🚀 Lokum Engine Running on port 3000"}
{"timestamp":"2026-07-07T12:05:41.544Z","level":"LOG","message":"◇ injected env (0) from .env // tip: ⌘ suppress logs { quiet: true }"}
{"timestamp":"2026-07-07T12:05:42.054Z","level":"LOG","message":"🚀 Lokum Engine Running on port 3000"}
{"timestamp":"2026-07-07T14:14:10.687Z","level":"LOG","message":"◇ injected env (0) from .env // tip: ⌘ suppress logs { quiet: true }"}
{"timestamp":"2026-07-07T14:14:11.226Z","level":"LOG","message":"🚀 Lokum Engine Running on port 3000"}
{"timestamp":"2026-07-07T17:59:39.063Z","level":"LOG","message":"◇ injected env (0) from .env // tip: ⌘ enable debugging { debug: true }"}
{"timestamp":"2026-07-07T17:59:39.597Z","level":"LOG","message":"🚀 Lokum Engine Running on port 3000"}
{"timestamp":"2026-07-07T18:27:06.444Z","level":"LOG","message":"◇ injected env (0) from .env // tip: ⌘ override existing { override: true }"}
{"timestamp":"2026-07-07T18:27:06.966Z","level":"LOG","message":"🚀 Lokum Engine Running on port 3000"}
{"timestamp":"2026-07-07T19:38:30.728Z","level":"LOG","message":"◇ injected env (0) from .env // tip: ◈ secrets for agents [www.dotenvx.com]"}
{"timestamp":"2026-07-07T19:38:31.291Z","level":"LOG","message":"🚀 Lokum Engine Running on port 3000"}
{"timestamp":"2026-07-07T20:25:01.822Z","level":"LOG","message":"◇ injected env (0) from .env // tip: ⌘ custom filepath { path: '/custom/path/.env' }"}
{"timestamp":"2026-07-07T20:25:02.391Z","level":"LOG","message":"🚀 Lokum Engine Running on port 3000"}
{"timestamp":"2026-07-07T20:42:50.578Z","level":"LOG","message":"◇ injected env (0) from .env // tip: ⌘ override existing { override: true }"}
{"timestamp":"2026-07-07T20:42:51.160Z","level":"LOG","message":"🚀 Lokum Engine Running on port 3000"}
{"timestamp":"2026-07-07T21:28:39.087Z","level":"LOG","message":"◇ injected env (0) from .env // tip: ⌘ override existing { override: true }"}
{"timestamp":"2026-07-07T21:28:39.741Z","level":"LOG","message":"🚀 Lokum Engine Running on port 3000"}
{"timestamp":"2026-07-07T22:03:18.083Z","level":"LOG","message":"◇ injected env (0) from .env // tip: ◈ encrypted .env [www.dotenvx.com]"}
{"timestamp":"2026-07-07T22:03:18.547Z","level":"LOG","message":"🚀 Lokum Engine Running on port 3000"}
{"timestamp":"2026-07-07T23:01:33.010Z","level":"LOG","message":"◇ injected env (0) from .env // tip: ⌁ auth for agents [www.vestauth.com]"}
{"timestamp":"2026-07-07T23:01:33.462Z","level":"LOG","message":"🚀 Lokum Engine Running on port 3000"}
{"timestamp":"2026-07-08T01:22:44.255Z","level":"LOG","message":"◇ injected env (0) from .env // tip: ⌘ multiple files { path: ['.env.local', '.env'] }"}
{"timestamp":"2026-07-08T01:22:44.770Z","level":"LOG","message":"🚀 Lokum Engine Running on port 3000"}
{"timestamp":"2026-07-08T02:20:15.578Z","level":"LOG","message":"◇ injected env (0) from .env // tip: ⌘ enable debugging { debug: true }"}
{"timestamp":"2026-07-08T02:20:16.006Z","level":"LOG","message":"🚀 Lokum Engine Running on port 3000"}
{"timestamp":"2026-07-08T03:21:44.734Z","level":"LOG","message":"◇ injected env (0) from .env // tip: ⌘ suppress logs { quiet: true }"}
{"timestamp":"2026-07-08T03:21:45.152Z","level":"LOG","message":"🚀 Lokum Engine Running on port 3000"}
{"timestamp":"2026-07-08T07:31:07.415Z","level":"LOG","message":"◇ injected env (0) from .env // tip: ◈ encrypted .env [www.dotenvx.com]"}
{"timestamp":"2026-07-08T07:31:08.000Z","level":"LOG","message":"🚀 Lokum Engine Running on port 3000"}
{"timestamp":"2026-07-08T10:03:33.140Z","level":"LOG","message":"◇ injected env (0) from .env // tip: ⌘ multiple files { path: ['.env.local', '.env'] }"}
{"timestamp":"2026-07-08T10:03:33.618Z","level":"LOG","message":"🚀 Lokum Engine Running on port 3000"}
{"timestamp":"2026-07-08T12:03:08.433Z","level":"LOG","message":"◇ injected env (0) from .env // tip: ⌁ auth for agents [www.vestauth.com]"}
{"timestamp":"2026-07-08T12:03:09.001Z","level":"LOG","message":"🚀 Lokum Engine Running on port 3000"}
{"timestamp":"2026-07-08T16:16:17.039Z","level":"LOG","message":"◇ injected env (0) from .env // tip: ⌘ suppress logs { quiet: true }"}
{"timestamp":"2026-07-08T16:16:17.599Z","level":"LOG","message":"🚀 Lokum Engine Running on port 3000"}
{"timestamp":"2026-07-08T17:43:52.949Z","level":"LOG","message":"◇ injected env (0) from .env // tip: ⌘ multiple files { path: ['.env.local', '.env'] }"}
{"timestamp":"2026-07-08T17:43:53.484Z","level":"LOG","message":"🚀 Lokum Engine Running on port 3000"}
{"timestamp":"2026-07-08T18:44:51.270Z","level":"LOG","message":"◇ injected env (0) from .env // tip: ⌘ suppress logs { quiet: true }"}
{"timestamp":"2026-07-08T18:44:51.753Z","level":"LOG","message":"🚀 Lokum Engine Running on port 3000"}
{"timestamp":"2026-07-08T20:41:18.462Z","level":"LOG","message":"◇ injected env (0) from .env // tip: ◈ secrets for agents [www.dotenvx.com]"}
{"timestamp":"2026-07-08T20:41:18.939Z","level":"LOG","message":"🚀 Lokum Engine Running on port 3000"}
{"timestamp":"2026-07-08T21:24:45.370Z","level":"LOG","message":"◇ injected env (0) from .env // tip: ⌘ suppress logs { quiet: true }"}
{"timestamp":"2026-07-08T21:24:45.861Z","level":"LOG","message":"🚀 Lokum Engine Running on port 3000"}
{"timestamp":"2026-07-08T22:27:09.243Z","level":"LOG","message":"◇ injected env (0) from .env // tip: ⌘ suppress logs { quiet: true }"}
{"timestamp":"2026-07-08T22:27:09.669Z","level":"LOG","message":"🚀 Lokum Engine Running on port 3000"}
{"timestamp":"2026-07-09T00:46:54.541Z","level":"LOG","message":"◇ injected env (0) from .env // tip: ◈ secrets for agents [www.dotenvx.com]"}
{"timestamp":"2026-07-09T00:46:55.115Z","level":"LOG","message":"🚀 Lokum Engine Running on port 3000"}
{"timestamp":"2026-07-09T02:46:36.803Z","level":"LOG","message":"◇ injected env (0) from .env // tip: ⌘ custom filepath { path: '/custom/path/.env' }"}
{"timestamp":"2026-07-09T02:46:37.340Z","level":"LOG","message":"🚀 Lokum Engine Running on port 3000"}
{"timestamp":"2026-07-09T05:46:26.838Z","level":"LOG","message":"◇ injected env (0) from .env // tip: ◈ encrypted .env [www.dotenvx.com]"}
{"timestamp":"2026-07-09T05:46:27.372Z","level":"LOG","message":"🚀 Lokum Engine Running on port 3000"}
{"timestamp":"2026-07-09T07:56:48.509Z","level":"LOG","message":"◇ injected env (0) from .env // tip: ⌘ custom filepath { path: '/custom/path/.env' }"}
{"timestamp":"2026-07-09T07:56:49.111Z","level":"LOG","message":"🚀 Lokum Engine Running on port 3000"}
{"timestamp":"2026-07-09T09:18:06.069Z","level":"LOG","message":"◇ injected env (0) from .env // tip: ◈ secrets for agents [www.dotenvx.com]"}
{"timestamp":"2026-07-09T09:18:06.632Z","level":"LOG","message":"🚀 Lokum Engine Running on port 3000"}
{"timestamp":"2026-07-09T10:41:36.104Z","level":"LOG","message":"◇ injected env (0) from .env // tip: ⌘ override existing { override: true }"}
{"timestamp":"2026-07-09T10:41:36.582Z","level":"LOG","message":"🚀 Lokum Engine Running on port 3000"}
{"timestamp":"2026-07-09T11:52:11.960Z","level":"LOG","message":"◇ injected env (0) from .env // tip: ⌘ multiple files { path: ['.env.local', '.env'] }"}
{"timestamp":"2026-07-09T11:52:12.578Z","level":"LOG","message":"🚀 Lokum Engine Running on port 3000"}
{"timestamp":"2026-07-09T12:50:32.299Z","level":"LOG","message":"◇ injected env (0) from .env // tip: ⌘ override existing { override: true }"}
{"timestamp":"2026-07-09T12:50:32.732Z","level":"LOG","message":"🚀 Lokum Engine Running on port 3000"}
{"timestamp":"2026-07-09T14:16:46.361Z","level":"LOG","message":"◇ injected env (0) from .env // tip: ⌘ override existing { override: true }"}
{"timestamp":"2026-07-09T14:16:46.840Z","level":"LOG","message":"🚀 Lokum Engine Running on port 3000"}
{"timestamp":"2026-07-09T15:08:26.257Z","level":"LOG","message":"◇ injected env (0) from .env // tip: ⌘ override existing { override: true }"}
{"timestamp":"2026-07-09T15:08:26.720Z","level":"LOG","message":"🚀 Lokum Engine Running on port 3000"}
{"timestamp":"2026-07-09T15:31:39.119Z","level":"LOG","message":"◇ injected env (0) from .env // tip: ⌁ auth for agents [www.vestauth.com]"}
{"timestamp":"2026-07-09T15:31:39.633Z","level":"LOG","message":"🚀 Lokum Engine Running on port 3000"}
{"timestamp":"2026-07-09T16:18:58.781Z","level":"LOG","message":"◇ injected env (0) from .env // tip: ⌘ multiple files { path: ['.env.local', '.env'] }"}
{"timestamp":"2026-07-09T16:18:59.222Z","level":"LOG","message":"🚀 Lokum Engine Running on port 3000"}
{"timestamp":"2026-07-09T17:28:17.514Z","level":"LOG","message":"◇ injected env (0) from .env // tip: ◈ secrets for agents [www.dotenvx.com]"}
{"timestamp":"2026-07-09T17:28:17.942Z","level":"LOG","message":"🚀 Lokum Engine Running on port 3000"}
{"timestamp":"2026-07-09T18:13:20.835Z","level":"LOG","message":"◇ injected env (0) from .env // tip: ⌘ enable debugging { debug: true }"}
{"timestamp":"2026-07-09T18:13:21.338Z","level":"LOG","message":"🚀 Lokum Engine Running on port 3000"}
{"timestamp":"2026-07-09T18:44:45.189Z","level":"LOG","message":"◇ injected env (0) from .env // tip: ⌘ suppress logs { quiet: true }"}
{"timestamp":"2026-07-09T18:44:45.695Z","level":"LOG","message":"🚀 Lokum Engine Running on port 3000"}
{"timestamp":"2026-07-09T19:36:13.193Z","level":"LOG","message":"◇ injected env (0) from .env // tip: ⌁ auth for agents [www.vestauth.com]"}
{"timestamp":"2026-07-09T19:36:13.689Z","level":"LOG","message":"🚀 Lokum Engine Running on port 3000"}
{"timestamp":"2026-07-09T21:44:34.200Z","level":"LOG","message":"◇ injected env (0) from .env // tip: ◈ secrets for agents [www.dotenvx.com]"}
{"timestamp":"2026-07-09T21:44:34.757Z","level":"LOG","message":"🚀 Lokum Engine Running on port 3000"}
{"timestamp":"2026-07-10T00:37:01.046Z","level":"LOG","message":"◇ injected env (0) from .env // tip: ⌘ multiple files { path: ['.env.local', '.env'] }"}
{"timestamp":"2026-07-10T00:37:01.469Z","level":"LOG","message":"🚀 Lokum Engine Running on port 3000"}
{"timestamp":"2026-07-10T04:53:17.839Z","level":"LOG","message":"◇ injected env (0) from .env // tip: ⌘ suppress logs { quiet: true }"}
{"timestamp":"2026-07-10T04:53:18.378Z","level":"LOG","message":"🚀 Lokum Engine Running on port 3000"}
{"timestamp":"2026-07-10T06:05:22.668Z","level":"LOG","message":"◇ injected env (0) from .env // tip: ◈ secrets for agents [www.dotenvx.com]"}
{"timestamp":"2026-07-10T06:05:23.228Z","level":"LOG","message":"🚀 Lokum Engine Running on port 3000"}
{"timestamp":"2026-07-10T07:29:13.738Z","level":"LOG","message":"◇ injected env (0) from .env // tip: ◈ secrets for agents [www.dotenvx.com]"}
{"timestamp":"2026-07-10T07:29:14.276Z","level":"LOG","message":"🚀 Lokum Engine Running on port 3000"}
{"timestamp":"2026-07-10T08:05:21.035Z","level":"LOG","message":"◇ injected env (0) from .env // tip: ◈ encrypted .env [www.dotenvx.com]"}
{"timestamp":"2026-07-10T08:05:21.519Z","level":"LOG","message":"🚀 Lokum Engine Running on port 3000"}
{"timestamp":"2026-07-10T09:32:51.725Z","level":"LOG","message":"◇ injected env (0) from .env // tip: ⌘ override existing { override: true }"}
{"timestamp":"2026-07-10T09:32:52.231Z","level":"LOG","message":"🚀 Lokum Engine Running on port 3000"}
{"timestamp":"2026-07-10T12:15:55.705Z","level":"LOG","message":"◇ injected env (0) from .env // tip: ◈ encrypted .env [www.dotenvx.com]"}
{"timestamp":"2026-07-10T12:15:56.267Z","level":"LOG","message":"🚀 Lokum Engine Running on port 3000"}
{"timestamp":"2026-07-10T13:37:51.547Z","level":"LOG","message":"◇ injected env (0) from .env // tip: ⌁ auth for agents [www.vestauth.com]"}
{"timestamp":"2026-07-10T13:37:52.011Z","level":"LOG","message":"🚀 Lokum Engine Running on port 3000"}
{"timestamp":"2026-07-10T14:06:05.788Z","level":"LOG","message":"◇ injected env (0) from .env // tip: ⌘ multiple files { path: ['.env.local', '.env'] }"}
{"timestamp":"2026-07-10T14:06:06.305Z","level":"LOG","message":"🚀 Lokum Engine Running on port 3000"}
{"timestamp":"2026-07-10T17:33:32.887Z","level":"LOG","message":"◇ injected env (0) from .env // tip: ⌘ multiple files { path: ['.env.local', '.env'] }"}
{"timestamp":"2026-07-10T17:33:33.339Z","level":"LOG","message":"🚀 Lokum Engine Running on port 3000"}
{"timestamp":"2026-07-10T17:56:13.474Z","level":"LOG","message":"◇ injected env (0) from .env // tip: ⌘ enable debugging { debug: true }"}
{"timestamp":"2026-07-10T17:56:13.893Z","level":"LOG","message":"🚀 Lokum Engine Running on port 3000"}
{"timestamp":"2026-07-10T21:34:14.074Z","level":"LOG","message":"◇ injected env (0) from .env // tip: ⌘ override existing { override: true }"}
{"timestamp":"2026-07-10T21:34:14.634Z","level":"LOG","message":"🚀 Lokum Engine Running on port 3000"}
{"timestamp":"2026-07-10T21:59:58.654Z","level":"LOG","message":"◇ injected env (0) from .env // tip: ⌘ enable debugging { debug: true }"}
{"timestamp":"2026-07-10T21:59:59.152Z","level":"LOG","message":"🚀 Lokum Engine Running on port 3000"}
{"timestamp":"2026-07-10T23:03:20.375Z","level":"LOG","message":"◇ injected env (0) from .env // tip: ⌘ custom filepath { path: '/custom/path/.env' }"}
{"timestamp":"2026-07-10T23:03:20.930Z","level":"LOG","message":"🚀 Lokum Engine Running on port 3000"}
{"timestamp":"2026-07-11T00:47:37.326Z","level":"LOG","message":"◇ injected env (0) from .env // tip: ◈ encrypted .env [www.dotenvx.com]"}
{"timestamp":"2026-07-11T00:47:37.903Z","level":"LOG","message":"🚀 Lokum Engine Running on port 3000"}
{"timestamp":"2026-07-11T01:56:55.004Z","level":"LOG","message":"◇ injected env (0) from .env // tip: ◈ encrypted .env [www.dotenvx.com]"}
{"timestamp":"2026-07-11T01:56:55.447Z","level":"LOG","message":"🚀 Lokum Engine Running on port 3000"}
{"timestamp":"2026-07-11T04:32:07.031Z","level":"LOG","message":"◇ injected env (0) from .env // tip: ⌘ suppress logs { quiet: true }"}
{"timestamp":"2026-07-11T04:32:07.470Z","level":"LOG","message":"🚀 Lokum Engine Running on port 3000"}
{"timestamp":"2026-07-11T05:31:50.806Z","level":"LOG","message":"◇ injected env (0) from .env // tip: ◈ encrypted .env [www.dotenvx.com]"}
{"timestamp":"2026-07-11T05:31:51.340Z","level":"LOG","message":"🚀 Lokum Engine Running on port 3000"}
{"timestamp":"2026-07-11T06:50:09.335Z","level":"LOG","message":"◇ injected env (0) from .env // tip: ⌘ multiple files { path: ['.env.local', '.env'] }"}
{"timestamp":"2026-07-11T06:50:09.857Z","level":"LOG","message":"🚀 Lokum Engine Running on port 3000"}
{"timestamp":"2026-07-11T13:36:56.951Z","level":"LOG","message":"◇ injected env (0) from .env // tip: ◈ secrets for agents [www.dotenvx.com]"}
{"timestamp":"2026-07-11T13:36:57.439Z","level":"LOG","message":"🚀 Lokum Engine Running on port 3000"}
{"timestamp":"2026-07-11T16:34:59.654Z","level":"LOG","message":"◇ injected env (0) from .env // tip: ◈ encrypted .env [www.dotenvx.com]"}
{"timestamp":"2026-07-11T16:35:00.108Z","level":"LOG","message":"🚀 Lokum Engine Running on port 3000"}
{"timestamp":"2026-07-11T18:14:18.721Z","level":"LOG","message":"◇ injected env (0) from .env // tip: ⌘ override existing { override: true }"}
{"timestamp":"2026-07-11T18:14:19.272Z","level":"LOG","message":"🚀 Lokum Engine Running on port 3000"}
{"timestamp":"2026-07-11T19:48:51.204Z","level":"LOG","message":"◇ injected env (0) from .env // tip: ⌁ auth for agents [www.vestauth.com]"}
{"timestamp":"2026-07-11T19:48:51.735Z","level":"LOG","message":"🚀 Lokum Engine Running on port 3000"}
{"timestamp":"2026-07-11T20:33:35.542Z","level":"LOG","message":"◇ injected env (0) from .env // tip: ⌘ multiple files { path: ['.env.local', '.env'] }"}
{"timestamp":"2026-07-11T20:33:35.992Z","level":"LOG","message":"🚀 Lokum Engine Running on port 3000"}
{"timestamp":"2026-07-11T21:49:01.121Z","level":"LOG","message":"◇ injected env (0) from .env // tip: ⌘ override existing { override: true }"}
{"timestamp":"2026-07-11T21:49:01.597Z","level":"LOG","message":"🚀 Lokum Engine Running on port 3000"}
{"timestamp":"2026-07-11T22:08:40.253Z","level":"LOG","message":"◇ injected env (0) from .env // tip: ⌘ enable debugging { debug: true }"}
{"timestamp":"2026-07-11T22:08:41.017Z","level":"LOG","message":"🚀 Lokum Engine Running on port 3000"}
{"timestamp":"2026-07-11T23:44:12.361Z","level":"LOG","message":"◇ injected env (0) from .env // tip: ⌘ multiple files { path: ['.env.local', '.env'] }"}
{"timestamp":"2026-07-11T23:44:13.042Z","level":"LOG","message":"🚀 Lokum Engine Running on port 3000"}
{"timestamp":"2026-07-12T02:23:13.565Z","level":"LOG","message":"◇ injected env (0) from .env // tip: ◈ encrypted .env [www.dotenvx.com]"}
{"timestamp":"2026-07-12T02:23:13.976Z","level":"LOG","message":"🚀 Lokum Engine Running on port 3000"}
{"timestamp":"2026-07-12T03:37:45.736Z","level":"LOG","message":"◇ injected env (0) from .env // tip: ◈ secrets for agents [www.dotenvx.com]"}
{"timestamp":"2026-07-12T03:37:46.158Z","level":"LOG","message":"🚀 Lokum Engine Running on port 3000"}
{"timestamp":"2026-07-12T04:39:39.483Z","level":"LOG","message":"◇ injected env (0) from .env // tip: ⌘ override existing { override: true }"}
{"timestamp":"2026-07-12T04:39:39.888Z","level":"LOG","message":"🚀 Lokum Engine Running on port 3000"}
{"timestamp":"2026-07-12T05:37:04.487Z","level":"LOG","message":"◇ injected env (0) from .env // tip: ⌘ suppress logs { quiet: true }"}
{"timestamp":"2026-07-12T05:37:04.944Z","level":"LOG","message":"🚀 Lokum Engine Running on port 3000"}
{"timestamp":"2026-07-12T07:44:08.719Z","level":"LOG","message":"◇ injected env (0) from .env // tip: ⌘ multiple files { path: ['.env.local', '.env'] }"}
{"timestamp":"2026-07-12T07:44:09.258Z","level":"LOG","message":"🚀 Lokum Engine Running on port 3000"}
{"timestamp":"2026-07-12T07:46:11.622Z","level":"LOG","message":"◇ injected env (0) from .env // tip: ⌘ override existing { override: true }"}
{"timestamp":"2026-07-12T07:46:11.987Z","level":"LOG","message":"🚀 Lokum Engine Running on port 3000"}
{"timestamp":"2026-07-12T09:08:55.773Z","level":"LOG","message":"◇ injected env (0) from .env // tip: ⌁ auth for agents [www.vestauth.com]"}
{"timestamp":"2026-07-12T09:08:56.289Z","level":"LOG","message":"🚀 Lokum Engine Running on port 3000"}
{"timestamp":"2026-07-12T10:18:39.506Z","level":"LOG","message":"◇ injected env (0) from .env // tip: ⌘ override existing { override: true }"}
{"timestamp":"2026-07-12T10:18:39.948Z","level":"LOG","message":"🚀 Lokum Engine Running on port 3000"}
{"timestamp":"2026-07-12T11:47:41.784Z","level":"LOG","message":"◇ injected env (0) from .env // tip: ⌘ enable debugging { debug: true }"}
{"timestamp":"2026-07-12T11:47:42.273Z","level":"LOG","message":"🚀 Lokum Engine Running on port 3000"}
{"timestamp":"2026-07-12T11:58:07.355Z","level":"LOG","message":"◇ injected env (0) from .env // tip: ⌁ auth for agents [www.vestauth.com]"}
{"timestamp":"2026-07-12T11:58:07.825Z","level":"LOG","message":"🚀 Lokum Engine Running on port 3000"}
{"timestamp":"2026-07-12T12:59:49.152Z","level":"LOG","message":"◇ injected env (0) from .env // tip: ◈ encrypted .env [www.dotenvx.com]"}
{"timestamp":"2026-07-12T12:59:49.612Z","level":"LOG","message":"🚀 Lokum Engine Running on port 3000"}
{"timestamp":"2026-07-12T17:06:39.883Z","level":"LOG","message":"◇ injected env (0) from .env // tip: ◈ secrets for agents [www.dotenvx.com]"}
{"timestamp":"2026-07-12T17:06:40.435Z","level":"LOG","message":"🚀 Lokum Engine Running on port 3000"}
{"timestamp":"2026-07-12T17:26:37.213Z","level":"LOG","message":"◇ injected env (0) from .env // tip: ⌘ override existing { override: true }"}
{"timestamp":"2026-07-12T17:26:37.669Z","level":"LOG","message":"🚀 Lokum Engine Running on port 3000"}
{"timestamp":"2026-07-12T18:32:48.337Z","level":"LOG","message":"◇ injected env (0) from .env // tip: ◈ encrypted .env [www.dotenvx.com]"}
{"timestamp":"2026-07-12T18:32:48.809Z","level":"LOG","message":"🚀 Lokum Engine Running on port 3000"}
{"timestamp":"2026-07-12T18:40:28.754Z","level":"LOG","message":"◇ injected env (0) from .env // tip: ⌘ override existing { override: true }"}
{"timestamp":"2026-07-12T18:40:29.287Z","level":"LOG","message":"🚀 Lokum Engine Running on port 3000"}
{"timestamp":"2026-07-12T19:50:02.035Z","level":"LOG","message":"◇ injected env (0) from .env // tip: ⌘ suppress logs { quiet: true }"}
{"timestamp":"2026-07-12T19:50:02.571Z","level":"LOG","message":"🚀 Lokum Engine Running on port 3000"}
{"timestamp":"2026-07-12T21:45:12.174Z","level":"LOG","message":"◇ injected env (0) from .env // tip: ⌘ multiple files { path: ['.env.local', '.env'] }"}
{"timestamp":"2026-07-12T21:45:12.804Z","level":"LOG","message":"🚀 Lokum Engine Running on port 3000"}
{"timestamp":"2026-07-13T00:16:31.624Z","level":"LOG","message":"◇ injected env (0) from .env // tip: ⌘ suppress logs { quiet: true }"}
{"timestamp":"2026-07-13T00:16:32.081Z","level":"LOG","message":"🚀 Lokum Engine Running on port 3000"}
{"timestamp":"2026-07-13T01:32:09.659Z","level":"LOG","message":"◇ injected env (0) from .env // tip: ⌘ multiple files { path: ['.env.local', '.env'] }"}
{"timestamp":"2026-07-13T01:32:10.167Z","level":"LOG","message":"🚀 Lokum Engine Running on port 3000"}
{"timestamp":"2026-07-13T04:41:30.182Z","level":"LOG","message":"◇ injected env (0) from .env // tip: ⌘ override existing { override: true }"}
{"timestamp":"2026-07-13T04:41:30.583Z","level":"LOG","message":"🚀 Lokum Engine Running on port 3000"}
{"timestamp":"2026-07-13T05:47:55.374Z","level":"LOG","message":"◇ injected env (0) from .env // tip: ⌘ multiple files { path: ['.env.local', '.env'] }"}
{"timestamp":"2026-07-13T05:47:55.877Z","level":"LOG","message":"🚀 Lokum Engine Running on port 3000"}
{"timestamp":"2026-07-13T07:06:00.016Z","level":"LOG","message":"◇ injected env (0) from .env // tip: ⌘ multiple files { path: ['.env.local', '.env'] }"}
{"timestamp":"2026-07-13T07:06:00.443Z","level":"LOG","message":"🚀 Lokum Engine Running on port 3000"}
{"timestamp":"2026-07-13T13:10:14.533Z","level":"LOG","message":"◇ injected env (0) from .env // tip: ◈ secrets for agents [www.dotenvx.com]"}
{"timestamp":"2026-07-13T13:10:15.176Z","level":"LOG","message":"🚀 Lokum Engine Running on port 3000"}
{"timestamp":"2026-07-13T13:39:33.224Z","level":"LOG","message":"◇ injected env (0) from .env // tip: ⌘ multiple files { path: ['.env.local', '.env'] }"}
{"timestamp":"2026-07-13T13:39:33.678Z","level":"LOG","message":"🚀 Lokum Engine Running on port 3000"}
{"timestamp":"2026-07-13T14:17:48.075Z","level":"LOG","message":"◇ injected env (0) from .env // tip: ⌁ auth for agents [www.vestauth.com]"}
{"timestamp":"2026-07-13T14:17:48.561Z","level":"LOG","message":"🚀 Lokum Engine Running on port 3000"}
{"timestamp":"2026-07-13T15:45:18.741Z","level":"LOG","message":"◇ injected env (0) from .env // tip: ◈ encrypted .env [www.dotenvx.com]"}
{"timestamp":"2026-07-13T15:45:19.193Z","level":"LOG","message":"🚀 Lokum Engine Running on port 3000"}
{"timestamp":"2026-07-13T18:53:14.152Z","level":"LOG","message":"◇ injected env (0) from .env // tip: ◈ encrypted .env [www.dotenvx.com]"}
{"timestamp":"2026-07-13T18:53:14.561Z","level":"LOG","message":"🚀 Lokum Engine Running on port 3000"}
{"timestamp":"2026-07-13T19:21:34.789Z","level":"LOG","message":"◇ injected env (0) from .env // tip: ⌘ enable debugging { debug: true }"}
{"timestamp":"2026-07-13T19:21:35.213Z","level":"LOG","message":"🚀 Lokum Engine Running on port 3000"}
{"timestamp":"2026-07-13T21:33:46.222Z","level":"LOG","message":"◇ injected env (0) from .env // tip: ⌘ enable debugging { debug: true }"}
{"timestamp":"2026-07-13T21:33:46.697Z","level":"LOG","message":"🚀 Lokum Engine Running on port 3000"}
{"timestamp":"2026-07-13T22:42:29.662Z","level":"LOG","message":"◇ injected env (0) from .env // tip: ◈ encrypted .env [www.dotenvx.com]"}
{"timestamp":"2026-07-13T22:42:30.141Z","level":"LOG","message":"🚀 Lokum Engine Running on port 3000"}
{"timestamp":"2026-07-14T01:19:05.357Z","level":"LOG","message":"◇ injected env (0) from .env // tip: ⌘ override existing { override: true }"}
{"timestamp":"2026-07-14T01:19:05.780Z","level":"LOG","message":"🚀 Lokum Engine Running on port 3000"}
{"timestamp":"2026-07-14T02:32:57.376Z","level":"LOG","message":"◇ injected env (0) from .env // tip: ⌘ custom filepath { path: '/custom/path/.env' }"}
{"timestamp":"2026-07-14T02:32:57.912Z","level":"LOG","message":"🚀 Lokum Engine Running on port 3000"}
{"timestamp":"2026-07-14T03:25:47.607Z","level":"LOG","message":"◇ injected env (0) from .env // tip: ◈ secrets for agents [www.dotenvx.com]"}
{"timestamp":"2026-07-14T03:25:48.011Z","level":"LOG","message":"🚀 Lokum Engine Running on port 3000"}
{"timestamp":"2026-07-14T04:40:17.673Z","level":"LOG","message":"◇ injected env (0) from .env // tip: ⌘ multiple files { path: ['.env.local', '.env'] }"}
{"timestamp":"2026-07-14T04:40:18.117Z","level":"LOG","message":"🚀 Lokum Engine Running on port 3000"}
{"timestamp":"2026-07-14T05:55:45.005Z","level":"LOG","message":"◇ injected env (0) from .env // tip: ⌘ enable debugging { debug: true }"}
{"timestamp":"2026-07-14T05:55:45.489Z","level":"LOG","message":"🚀 Lokum Engine Running on port 3000"}
{"timestamp":"2026-07-14T06:04:45.283Z","level":"LOG","message":"◇ injected env (0) from .env // tip: ⌘ multiple files { path: ['.env.local', '.env'] }"}
{"timestamp":"2026-07-14T06:04:45.707Z","level":"LOG","message":"🚀 Lokum Engine Running on port 3000"}
{"timestamp":"2026-07-14T06:58:03.989Z","level":"LOG","message":"◇ injected env (0) from .env // tip: ⌘ enable debugging { debug: true }"}
{"timestamp":"2026-07-14T06:58:04.531Z","level":"LOG","message":"🚀 Lokum Engine Running on port 3000"}
{"timestamp":"2026-07-14T08:51:05.704Z","level":"LOG","message":"◇ injected env (0) from .env // tip: ⌘ enable debugging { debug: true }"}
{"timestamp":"2026-07-14T08:51:06.128Z","level":"LOG","message":"🚀 Lokum Engine Running on port 3000"}
{"timestamp":"2026-07-14T11:31:37.361Z","level":"LOG","message":"◇ injected env (0) from .env // tip: ⌘ override existing { override: true }"}
{"timestamp":"2026-07-14T11:31:37.821Z","level":"LOG","message":"🚀 Lokum Engine Running on port 3000"}
{"timestamp":"2026-07-14T12:03:04.228Z","level":"LOG","message":"◇ injected env (0) from .env // tip: ⌘ custom filepath { path: '/custom/path/.env' }"}
{"timestamp":"2026-07-14T12:03:04.829Z","level":"LOG","message":"🚀 Lokum Engine Running on port 3000"}
{"timestamp":"2026-07-14T13:09:11.153Z","level":"LOG","message":"◇ injected env (0) from .env // tip: ◈ encrypted .env [www.dotenvx.com]"}
{"timestamp":"2026-07-14T13:09:11.625Z","level":"LOG","message":"🚀 Lokum Engine Running on port 3000"}
{"timestamp":"2026-07-14T13:53:08.063Z","level":"LOG","message":"◇ injected env (0) from .env // tip: ⌘ multiple files { path: ['.env.local', '.env'] }"}
{"timestamp":"2026-07-14T13:53:08.587Z","level":"LOG","message":"🚀 Lokum Engine Running on port 3000"}
{"timestamp":"2026-07-14T15:07:26.863Z","level":"LOG","message":"◇ injected env (0) from .env // tip: ⌘ custom filepath { path: '/custom/path/.env' }"}
{"timestamp":"2026-07-14T15:07:27.335Z","level":"LOG","message":"🚀 Lokum Engine Running on port 3000"}
{"timestamp":"2026-07-14T16:03:42.956Z","level":"LOG","message":"◇ injected env (0) from .env // tip: ⌘ enable debugging { debug: true }"}
{"timestamp":"2026-07-14T16:03:43.547Z","level":"LOG","message":"🚀 Lokum Engine Running on port 3000"}
{"timestamp":"2026-07-14T17:36:30.766Z","level":"LOG","message":"◇ injected env (0) from .env // tip: ◈ encrypted .env [www.dotenvx.com]"}
{"timestamp":"2026-07-14T17:36:31.161Z","level":"LOG","message":"🚀 Lokum Engine Running on port 3000"}
{"timestamp":"2026-07-14T18:41:18.535Z","level":"LOG","message":"◇ injected env (0) from .env // tip: ⌘ custom filepath { path: '/custom/path/.env' }"}
{"timestamp":"2026-07-14T18:41:18.977Z","level":"LOG","message":"🚀 Lokum Engine Running on port 3000"}
{"timestamp":"2026-07-14T19:07:44.557Z","level":"LOG","message":"◇ injected env (0) from .env // tip: ⌁ auth for agents [www.vestauth.com]"}
{"timestamp":"2026-07-14T19:07:44.968Z","level":"LOG","message":"🚀 Lokum Engine Running on port 3000"}
{"timestamp":"2026-07-14T20:00:22.370Z","level":"LOG","message":"◇ injected env (0) from .env // tip: ⌘ override existing { override: true }"}
{"timestamp":"2026-07-14T20:00:22.907Z","level":"LOG","message":"🚀 Lokum Engine Running on port 3000"}
{"timestamp":"2026-07-15T00:22:48.999Z","level":"LOG","message":"◇ injected env (0) from .env // tip: ⌁ auth for agents [www.vestauth.com]"}
{"timestamp":"2026-07-15T00:22:49.460Z","level":"LOG","message":"🚀 Lokum Engine Running on port 3000"}
{"timestamp":"2026-07-15T04:42:05.097Z","level":"LOG","message":"◇ injected env (0) from .env // tip: ⌘ suppress logs { quiet: true }"}
{"timestamp":"2026-07-15T04:42:05.590Z","level":"LOG","message":"🚀 Lokum Engine Running on port 3000"}
{"timestamp":"2026-07-15T05:40:22.399Z","level":"LOG","message":"◇ injected env (0) from .env // tip: ⌘ override existing { override: true }"}
{"timestamp":"2026-07-15T05:40:22.844Z","level":"LOG","message":"🚀 Lokum Engine Running on port 3000"}
{"timestamp":"2026-07-15T06:22:35.194Z","level":"LOG","message":"◇ injected env (0) from .env // tip: ⌘ override existing { override: true }"}
{"timestamp":"2026-07-15T06:22:35.620Z","level":"LOG","message":"🚀 Lokum Engine Running on port 3000"}
{"timestamp":"2026-07-15T07:25:05.296Z","level":"LOG","message":"◇ injected env (0) from .env // tip: ⌘ suppress logs { quiet: true }"}
{"timestamp":"2026-07-15T07:25:05.788Z","level":"LOG","message":"🚀 Lokum Engine Running on port 3000"}
{"timestamp":"2026-07-15T09:14:54.415Z","level":"LOG","message":"◇ injected env (0) from .env // tip: ⌘ multiple files { path: ['.env.local', '.env'] }"}
{"timestamp":"2026-07-15T09:14:54.950Z","level":"LOG","message":"🚀 Lokum Engine Running on port 3000"}
{"timestamp":"2026-07-15T10:35:59.365Z","level":"LOG","message":"◇ injected env (0) from .env // tip: ⌘ suppress logs { quiet: true }"}
{"timestamp":"2026-07-15T10:35:59.794Z","level":"LOG","message":"🚀 Lokum Engine Running on port 3000"}
{"timestamp":"2026-07-15T11:42:39.672Z","level":"LOG","message":"◇ injected env (0) from .env // tip: ◈ secrets for agents [www.dotenvx.com]"}
{"timestamp":"2026-07-15T11:42:40.307Z","level":"LOG","message":"🚀 Lokum Engine Running on port 3000"}
{"timestamp":"2026-07-15T13:11:06.813Z","level":"LOG","message":"◇ injected env (0) from .env // tip: ⌘ custom filepath { path: '/custom/path/.env' }"}
{"timestamp":"2026-07-15T13:11:07.301Z","level":"LOG","message":"🚀 Lokum Engine Running on port 3000"}
{"timestamp":"2026-07-15T13:40:33.892Z","level":"LOG","message":"◇ injected env (0) from .env // tip: ⌘ override existing { override: true }"}
{"timestamp":"2026-07-15T13:40:34.453Z","level":"LOG","message":"🚀 Lokum Engine Running on port 3000"}
{"timestamp":"2026-07-15T15:20:56.625Z","level":"LOG","message":"◇ injected env (0) from .env // tip: ◈ secrets for agents [www.dotenvx.com]"}
{"timestamp":"2026-07-15T15:20:57.164Z","level":"LOG","message":"🚀 Lokum Engine Running on port 3000"}
{"timestamp":"2026-07-15T18:03:46.547Z","level":"LOG","message":"◇ injected env (0) from .env // tip: ⌘ suppress logs { quiet: true }"}
{"timestamp":"2026-07-15T18:03:47.041Z","level":"LOG","message":"🚀 Lokum Engine Running on port 3000"}
{"timestamp":"2026-07-15T19:12:46.778Z","level":"LOG","message":"◇ injected env (0) from .env // tip: ⌘ custom filepath { path: '/custom/path/.env' }"}
{"timestamp":"2026-07-15T19:12:47.218Z","level":"LOG","message":"🚀 Lokum Engine Running on port 3000"}
{"timestamp":"2026-07-15T19:20:56.285Z","level":"LOG","message":"◇ injected env (0) from .env // tip: ◈ secrets for agents [www.dotenvx.com]"}
{"timestamp":"2026-07-15T19:20:56.742Z","level":"LOG","message":"🚀 Lokum Engine Running on port 3000"}
{"timestamp":"2026-07-15T21:23:24.382Z","level":"LOG","message":"◇ injected env (0) from .env // tip: ◈ secrets for agents [www.dotenvx.com]"}
{"timestamp":"2026-07-15T21:23:24.908Z","level":"LOG","message":"🚀 Lokum Engine Running on port 3000"}
{"timestamp":"2026-07-15T22:06:57.902Z","level":"LOG","message":"◇ injected env (0) from .env // tip: ⌘ custom filepath { path: '/custom/path/.env' }"}
{"timestamp":"2026-07-15T22:06:58.356Z","level":"LOG","message":"🚀 Lokum Engine Running on port 3000"}
{"timestamp":"2026-07-16T04:48:06.329Z","level":"LOG","message":"◇ injected env (0) from .env // tip: ◈ secrets for agents [www.dotenvx.com]"}
{"timestamp":"2026-07-16T04:48:06.979Z","level":"LOG","message":"🚀 Lokum Engine Running on port 3000"}
{"timestamp":"2026-07-16T06:06:39.970Z","level":"LOG","message":"◇ injected env (0) from .env // tip: ⌘ multiple files { path: ['.env.local', '.env'] }"}
{"timestamp":"2026-07-16T06:06:40.426Z","level":"LOG","message":"🚀 Lokum Engine Running on port 3000"}
{"timestamp":"2026-07-16T07:27:05.235Z","level":"LOG","message":"◇ injected env (0) from .env // tip: ⌘ multiple files { path: ['.env.local', '.env'] }"}
{"timestamp":"2026-07-16T07:27:05.682Z","level":"LOG","message":"🚀 Lokum Engine Running on port 3000"}
{"timestamp":"2026-07-16T08:13:16.888Z","level":"LOG","message":"◇ injected env (0) from .env // tip: ⌘ suppress logs { quiet: true }"}
{"timestamp":"2026-07-16T08:13:17.394Z","level":"LOG","message":"🚀 Lokum Engine Running on port 3000"}
{"timestamp":"2026-07-16T10:52:02.501Z","level":"LOG","message":"◇ injected env (0) from .env // tip: ⌘ suppress logs { quiet: true }"}
{"timestamp":"2026-07-16T10:52:03.236Z","level":"LOG","message":"🚀 Lokum Engine Running on port 3000"}
{"timestamp":"2026-07-16T12:10:13.018Z","level":"LOG","message":"◇ injected env (0) from .env // tip: ◈ secrets for agents [www.dotenvx.com]"}
{"timestamp":"2026-07-16T12:10:13.493Z","level":"LOG","message":"🚀 Lokum Engine Running on port 3000"}
{"timestamp":"2026-07-16T14:24:25.882Z","level":"LOG","message":"◇ injected env (0) from .env // tip: ⌁ auth for agents [www.vestauth.com]"}
{"timestamp":"2026-07-16T14:24:26.459Z","level":"LOG","message":"🚀 Lokum Engine Running on port 3000"}
{"timestamp":"2026-07-16T15:56:44.960Z","level":"LOG","message":"◇ injected env (0) from .env // tip: ⌘ custom filepath { path: '/custom/path/.env' }"}
{"timestamp":"2026-07-16T15:56:45.389Z","level":"LOG","message":"🚀 Lokum Engine Running on port 3000"}
{"timestamp":"2026-07-16T17:21:17.411Z","level":"LOG","message":"◇ injected env (0) from .env // tip: ⌘ suppress logs { quiet: true }"}
{"timestamp":"2026-07-16T17:21:17.906Z","level":"LOG","message":"🚀 Lokum Engine Running on port 3000"}
{"timestamp":"2026-07-16T18:39:22.336Z","level":"LOG","message":"◇ injected env (0) from .env // tip: ◈ encrypted .env [www.dotenvx.com]"}
{"timestamp":"2026-07-16T18:39:22.779Z","level":"LOG","message":"🚀 Lokum Engine Running on port 3000"}
{"timestamp":"2026-07-16T19:13:05.288Z","level":"LOG","message":"◇ injected env (0) from .env // tip: ⌘ multiple files { path: ['.env.local', '.env'] }"}
{"timestamp":"2026-07-16T19:13:05.806Z","level":"LOG","message":"🚀 Lokum Engine Running on port 3000"}
{"timestamp":"2026-07-16T20:45:08.345Z","level":"LOG","message":"◇ injected env (0) from .env // tip: ⌘ multiple files { path: ['.env.local', '.env'] }"}
{"timestamp":"2026-07-16T20:45:08.780Z","level":"LOG","message":"🚀 Lokum Engine Running on port 3000"}
{"timestamp":"2026-07-16T21:29:32.116Z","level":"LOG","message":"◇ injected env (0) from .env // tip: ⌘ enable debugging { debug: true }"}
{"timestamp":"2026-07-16T21:29:32.517Z","level":"LOG","message":"🚀 Lokum Engine Running on port 3000"}
{"timestamp":"2026-07-17T02:23:54.054Z","level":"LOG","message":"◇ injected env (0) from .env // tip: ◈ secrets for agents [www.dotenvx.com]"}
{"timestamp":"2026-07-17T02:23:54.587Z","level":"LOG","message":"🚀 Lokum Engine Running on port 3000"}
{"timestamp":"2026-07-17T02:57:29.602Z","level":"LOG","message":"◇ injected env (0) from .env // tip: ◈ secrets for agents [www.dotenvx.com]"}
{"timestamp":"2026-07-17T02:57:30.049Z","level":"LOG","message":"🚀 Lokum Engine Running on port 3000"}
{"timestamp":"2026-07-17T03:25:27.432Z","level":"LOG","message":"◇ injected env (0) from .env // tip: ⌘ override existing { override: true }"}
{"timestamp":"2026-07-17T03:25:27.855Z","level":"LOG","message":"🚀 Lokum Engine Running on port 3000"}
{"timestamp":"2026-07-17T04:39:10.322Z","level":"LOG","message":"◇ injected env (0) from .env // tip: ⌘ suppress logs { quiet: true }"}
{"timestamp":"2026-07-17T04:39:10.766Z","level":"LOG","message":"🚀 Lokum Engine Running on port 3000"}
{"timestamp":"2026-07-17T05:58:43.766Z","level":"LOG","message":"◇ injected env (0) from .env // tip: ⌘ enable debugging { debug: true }"}
{"timestamp":"2026-07-17T05:58:44.321Z","level":"LOG","message":"🚀 Lokum Engine Running on port 3000"}
{"timestamp":"2026-07-17T07:53:59.335Z","level":"LOG","message":"◇ injected env (0) from .env // tip: ◈ secrets for agents [www.dotenvx.com]"}
{"timestamp":"2026-07-17T07:53:59.809Z","level":"LOG","message":"🚀 Lokum Engine Running on port 3000"}
{"timestamp":"2026-07-17T08:01:32.655Z","level":"LOG","message":"◇ injected env (0) from .env // tip: ⌘ multiple files { path: ['.env.local', '.env'] }"}
{"timestamp":"2026-07-17T08:01:33.148Z","level":"LOG","message":"🚀 Lokum Engine Running on port 3000"}
{"timestamp":"2026-07-17T10:31:36.515Z","level":"LOG","message":"◇ injected env (0) from .env // tip: ⌁ auth for agents [www.vestauth.com]"}
{"timestamp":"2026-07-17T10:31:36.960Z","level":"LOG","message":"🚀 Lokum Engine Running on port 3000"}
{"timestamp":"2026-07-17T12:57:59.099Z","level":"LOG","message":"◇ injected env (0) from .env // tip: ◈ secrets for agents [www.dotenvx.com]"}
{"timestamp":"2026-07-17T12:57:59.626Z","level":"LOG","message":"🚀 Lokum Engine Running on port 3000"}
{"timestamp":"2026-07-17T13:01:26.704Z","level":"LOG","message":"◇ injected env (0) from .env // tip: ⌘ multiple files { path: ['.env.local', '.env'] }"}
{"timestamp":"2026-07-17T13:01:27.291Z","level":"LOG","message":"🚀 Lokum Engine Running on port 3000"}
{"timestamp":"2026-07-17T16:55:01.542Z","level":"LOG","message":"◇ injected env (0) from .env // tip: ⌘ multiple files { path: ['.env.local', '.env'] }"}
{"timestamp":"2026-07-17T16:55:02.377Z","level":"LOG","message":"🚀 Lokum Engine Running on port 3000"}
{"timestamp":"2026-07-17T20:19:20.738Z","level":"LOG","message":"◇ injected env (0) from .env // tip: ⌘ suppress logs { quiet: true }"}
{"timestamp":"2026-07-17T20:19:21.201Z","level":"LOG","message":"🚀 Lokum Engine Running on port 3000"}
{"timestamp":"2026-07-17T21:05:37.352Z","level":"LOG","message":"◇ injected env (0) from .env // tip: ⌘ enable debugging { debug: true }"}
{"timestamp":"2026-07-17T21:05:37.856Z","level":"LOG","message":"🚀 Lokum Engine Running on port 3000"}
{"timestamp":"2026-07-18T00:21:36.599Z","level":"LOG","message":"◇ injected env (0) from .env // tip: ◈ encrypted .env [www.dotenvx.com]"}
{"timestamp":"2026-07-18T00:21:37.052Z","level":"LOG","message":"🚀 Lokum Engine Running on port 3000"}
{"timestamp":"2026-07-18T04:26:59.681Z","level":"LOG","message":"◇ injected env (0) from .env // tip: ⌘ override existing { override: true }"}
{"timestamp":"2026-07-18T04:27:00.231Z","level":"LOG","message":"🚀 Lokum Engine Running on port 3000"}
{"timestamp":"2026-07-18T06:28:15.659Z","level":"LOG","message":"◇ injected env (0) from .env // tip: ⌘ multiple files { path: ['.env.local', '.env'] }"}
{"timestamp":"2026-07-18T06:28:16.120Z","level":"LOG","message":"🚀 Lokum Engine Running on port 3000"}
{"timestamp":"2026-07-18T07:37:02.919Z","level":"LOG","message":"◇ injected env (0) from .env // tip: ⌘ multiple files { path: ['.env.local', '.env'] }"}
{"timestamp":"2026-07-18T07:37:03.552Z","level":"LOG","message":"🚀 Lokum Engine Running on port 3000"}
{"timestamp":"2026-07-18T09:07:06.702Z","level":"LOG","message":"◇ injected env (0) from .env // tip: ◈ secrets for agents [www.dotenvx.com]"}
{"timestamp":"2026-07-18T09:07:07.193Z","level":"LOG","message":"🚀 Lokum Engine Running on port 3000"}
{"timestamp":"2026-07-18T12:58:32.760Z","level":"LOG","message":"◇ injected env (0) from .env // tip: ⌘ suppress logs { quiet: true }"}
{"timestamp":"2026-07-18T12:58:33.366Z","level":"LOG","message":"🚀 Lokum Engine Running on port 3000"}
{"timestamp":"2026-07-18T13:54:35.648Z","level":"LOG","message":"◇ injected env (0) from .env // tip: ⌁ auth for agents [www.vestauth.com]"}
{"timestamp":"2026-07-18T13:54:36.053Z","level":"LOG","message":"🚀 Lokum Engine Running on port 3000"}
{"timestamp":"2026-07-18T16:24:22.794Z","level":"LOG","message":"◇ injected env (0) from .env // tip: ◈ secrets for agents [www.dotenvx.com]"}
{"timestamp":"2026-07-18T16:24:23.319Z","level":"LOG","message":"🚀 Lokum Engine Running on port 3000"}
{"timestamp":"2026-07-18T16:31:31.349Z","level":"LOG","message":"◇ injected env (0) from .env // tip: ◈ secrets for agents [www.dotenvx.com]"}
{"timestamp":"2026-07-18T16:31:31.776Z","level":"LOG","message":"🚀 Lokum Engine Running on port 3000"}
{"timestamp":"2026-07-18T18:38:10.953Z","level":"LOG","message":"◇ injected env (0) from .env // tip: ⌘ multiple files { path: ['.env.local', '.env'] }"}
{"timestamp":"2026-07-18T18:38:11.409Z","level":"LOG","message":"🚀 Lokum Engine Running on port 3000"}
{"timestamp":"2026-07-18T20:16:27.141Z","level":"LOG","message":"◇ injected env (0) from .env // tip: ⌘ enable debugging { debug: true }"}
{"timestamp":"2026-07-18T20:16:27.755Z","level":"LOG","message":"🚀 Lokum Engine Running on port 3000"}
{"timestamp":"2026-07-18T21:43:06.119Z","level":"LOG","message":"◇ injected env (0) from .env // tip: ⌁ auth for agents [www.vestauth.com]"}
{"timestamp":"2026-07-18T21:43:06.584Z","level":"LOG","message":"🚀 Lokum Engine Running on port 3000"}
{"timestamp":"2026-07-19T00:15:46.582Z","level":"LOG","message":"◇ injected env (0) from .env // tip: ⌁ auth for agents [www.vestauth.com]"}
{"timestamp":"2026-07-19T00:15:47.021Z","level":"LOG","message":"🚀 Lokum Engine Running on port 3000"}
{"timestamp":"2026-07-19T04:28:35.492Z","level":"LOG","message":"◇ injected env (0) from .env // tip: ⌘ multiple files { path: ['.env.local', '.env'] }"}
{"timestamp":"2026-07-19T04:28:36.024Z","level":"LOG","message":"🚀 Lokum Engine Running on port 3000"}
{"timestamp":"2026-07-19T06:53:35.728Z","level":"LOG","message":"◇ injected env (0) from .env // tip: ⌘ custom filepath { path: '/custom/path/.env' }"}
{"timestamp":"2026-07-19T06:53:36.197Z","level":"LOG","message":"🚀 Lokum Engine Running on port 3000"}
{"timestamp":"2026-07-19T09:10:45.054Z","level":"LOG","message":"◇ injected env (0) from .env // tip: ◈ encrypted .env [www.dotenvx.com]"}
{"timestamp":"2026-07-19T09:10:45.551Z","level":"LOG","message":"🚀 Lokum Engine Running on port 3000"}
{"timestamp":"2026-07-19T13:02:03.767Z","level":"LOG","message":"◇ injected env (0) from .env // tip: ⌁ auth for agents [www.vestauth.com]"}
{"timestamp":"2026-07-19T13:02:04.337Z","level":"LOG","message":"🚀 Lokum Engine Running on port 3000"}
{"timestamp":"2026-07-19T14:27:33.353Z","level":"LOG","message":"◇ injected env (0) from .env // tip: ◈ secrets for agents [www.dotenvx.com]"}
{"timestamp":"2026-07-19T14:27:33.810Z","level":"LOG","message":"🚀 Lokum Engine Running on port 3000"}
{"timestamp":"2026-07-19T14:44:33.712Z","level":"LOG","message":"◇ injected env (0) from .env // tip: ⌘ multiple files { path: ['.env.local', '.env'] }"}
{"timestamp":"2026-07-19T14:44:34.143Z","level":"LOG","message":"🚀 Lokum Engine Running on port 3000"}
{"timestamp":"2026-07-19T17:11:12.658Z","level":"LOG","message":"◇ injected env (0) from .env // tip: ⌘ enable debugging { debug: true }"}
{"timestamp":"2026-07-19T17:11:13.170Z","level":"LOG","message":"🚀 Lokum Engine Running on port 3000"}
{"timestamp":"2026-07-19T20:07:03.163Z","level":"LOG","message":"◇ injected env (0) from .env // tip: ⌘ override existing { override: true }"}
{"timestamp":"2026-07-19T20:07:03.732Z","level":"LOG","message":"🚀 Lokum Engine Running on port 3000"}
{"timestamp":"2026-07-19T21:09:08.287Z","level":"LOG","message":"◇ injected env (0) from .env // tip: ◈ secrets for agents [www.dotenvx.com]"}
{"timestamp":"2026-07-19T21:09:08.762Z","level":"LOG","message":"🚀 Lokum Engine Running on port 3000"}
{"timestamp":"2026-07-20T01:42:27.665Z","level":"LOG","message":"◇ injected env (0) from .env // tip: ⌁ auth for agents [www.vestauth.com]"}
{"timestamp":"2026-07-20T01:42:28.149Z","level":"LOG","message":"🚀 Lokum Engine Running on port 3000"}
{"timestamp":"2026-07-20T02:11:24.622Z","level":"LOG","message":"◇ injected env (0) from .env // tip: ◈ secrets for agents [www.dotenvx.com]"}
{"timestamp":"2026-07-20T02:11:25.046Z","level":"LOG","message":"🚀 Lokum Engine Running on port 3000"}
{"timestamp":"2026-07-20T02:43:24.846Z","level":"LOG","message":"◇ injected env (0) from .env // tip: ⌘ custom filepath { path: '/custom/path/.env' }"}
{"timestamp":"2026-07-20T02:43:25.271Z","level":"LOG","message":"🚀 Lokum Engine Running on port 3000"}
{"timestamp":"2026-07-20T03:44:36.637Z","level":"LOG","message":"◇ injected env (0) from .env // tip: ◈ encrypted .env [www.dotenvx.com]"}
{"timestamp":"2026-07-20T03:44:37.158Z","level":"LOG","message":"🚀 Lokum Engine Running on port 3000"}
{"timestamp":"2026-07-20T04:49:47.377Z","level":"LOG","message":"◇ injected env (0) from .env // tip: ⌘ override existing { override: true }"}
{"timestamp":"2026-07-20T04:49:47.806Z","level":"LOG","message":"🚀 Lokum Engine Running on port 3000"}
{"timestamp":"2026-07-20T07:50:14.665Z","level":"LOG","message":"◇ injected env (0) from .env // tip: ⌘ custom filepath { path: '/custom/path/.env' }"}
{"timestamp":"2026-07-20T07:50:15.210Z","level":"LOG","message":"🚀 Lokum Engine Running on port 3000"}
{"timestamp":"2026-07-20T09:38:42.590Z","level":"LOG","message":"◇ injected env (0) from .env // tip: ⌘ override existing { override: true }"}
{"timestamp":"2026-07-20T09:38:43.036Z","level":"LOG","message":"🚀 Lokum Engine Running on port 3000"}
{"timestamp":"2026-07-20T11:20:12.244Z","level":"LOG","message":"◇ injected env (0) from .env // tip: ⌁ auth for agents [www.vestauth.com]"}
{"timestamp":"2026-07-20T11:20:12.668Z","level":"LOG","message":"🚀 Lokum Engine Running on port 3000"}
{"timestamp":"2026-07-20T11:57:45.223Z","level":"LOG","message":"◇ injected env (0) from .env // tip: ⌘ custom filepath { path: '/custom/path/.env' }"}
{"timestamp":"2026-07-20T11:57:45.737Z","level":"LOG","message":"🚀 Lokum Engine Running on port 3000"}
{"timestamp":"2026-07-20T14:15:06.937Z","level":"LOG","message":"◇ injected env (0) from .env // tip: ⌘ suppress logs { quiet: true }"}
{"timestamp":"2026-07-20T14:15:07.401Z","level":"LOG","message":"🚀 Lokum Engine Running on port 3000"}
{"timestamp":"2026-07-20T14:58:05.691Z","level":"LOG","message":"◇ injected env (0) from .env // tip: ⌘ suppress logs { quiet: true }"}
{"timestamp":"2026-07-20T14:58:06.206Z","level":"LOG","message":"🚀 Lokum Engine Running on port 3000"}
{"timestamp":"2026-07-20T15:26:43.705Z","level":"LOG","message":"◇ injected env (0) from .env // tip: ◈ encrypted .env [www.dotenvx.com]"}
{"timestamp":"2026-07-20T15:26:44.143Z","level":"LOG","message":"🚀 Lokum Engine Running on port 3000"}
{"timestamp":"2026-07-20T19:35:43.102Z","level":"LOG","message":"◇ injected env (0) from .env // tip: ◈ encrypted .env [www.dotenvx.com]"}
{"timestamp":"2026-07-20T19:35:43.552Z","level":"LOG","message":"🚀 Lokum Engine Running on port 3000"}
{"timestamp":"2026-07-20T21:11:33.917Z","level":"LOG","message":"◇ injected env (0) from .env // tip: ⌘ enable debugging { debug: true }"}
{"timestamp":"2026-07-20T21:11:34.340Z","level":"LOG","message":"🚀 Lokum Engine Running on port 3000"}
{"timestamp":"2026-07-21T00:44:27.797Z","level":"LOG","message":"◇ injected env (0) from .env // tip: ⌘ multiple files { path: ['.env.local', '.env'] }"}
{"timestamp":"2026-07-21T00:44:28.204Z","level":"LOG","message":"🚀 Lokum Engine Running on port 3000"}
{"timestamp":"2026-07-21T03:35:07.202Z","level":"LOG","message":"◇ injected env (0) from .env // tip: ◈ secrets for agents [www.dotenvx.com]"}
{"timestamp":"2026-07-21T03:35:07.700Z","level":"LOG","message":"🚀 Lokum Engine Running on port 3000"}
{"timestamp":"2026-07-21T04:27:07.020Z","level":"LOG","message":"◇ injected env (0) from .env // tip: ⌘ custom filepath { path: '/custom/path/.env' }"}
{"timestamp":"2026-07-21T04:27:07.444Z","level":"LOG","message":"🚀 Lokum Engine Running on port 3000"}
{"timestamp":"2026-07-21T05:17:16.866Z","level":"LOG","message":"◇ injected env (0) from .env // tip: ⌁ auth for agents [www.vestauth.com]"}
{"timestamp":"2026-07-21T05:17:17.294Z","level":"LOG","message":"🚀 Lokum Engine Running on port 3000"}
{"timestamp":"2026-07-21T06:21:12.500Z","level":"LOG","message":"◇ injected env (0) from .env // tip: ⌁ auth for agents [www.vestauth.com]"}
{"timestamp":"2026-07-21T06:21:13.062Z","level":"LOG","message":"🚀 Lokum Engine Running on port 3000"}
{"timestamp":"2026-07-21T13:35:50.486Z","level":"LOG","message":"◇ injected env (0) from .env // tip: ◈ encrypted .env [www.dotenvx.com]"}
{"timestamp":"2026-07-21T13:35:50.956Z","level":"LOG","message":"🚀 Lokum Engine Running on port 3000"}
{"timestamp":"2026-07-22T04:53:33.902Z","level":"LOG","message":"◇ injected env (0) from .env // tip: ◈ encrypted .env [www.dotenvx.com]"}
{"timestamp":"2026-07-22T04:53:34.373Z","level":"LOG","message":"🚀 Lokum Engine Running on port 3000"}
{"timestamp":"2026-07-22T05:13:58.127Z","level":"LOG","message":"◇ injected env (0) from .env // tip: ◈ secrets for agents [www.dotenvx.com]"}
{"timestamp":"2026-07-22T05:13:58.512Z","level":"LOG","message":"🚀 Lokum Engine Running on port 3000"}
{"timestamp":"2026-07-22T22:22:26.618Z","level":"LOG","message":"◇ injected env (0) from .env // tip: ◈ encrypted .env [www.dotenvx.com]"}
{"timestamp":"2026-07-22T22:22:27.091Z","level":"LOG","message":"🚀 Lokum Engine Running on port 3000"}
{"timestamp":"2026-07-23T00:53:31.807Z","level":"LOG","message":"◇ injected env (0) from .env // tip: ⌘ override existing { override: true }"}
{"timestamp":"2026-07-23T00:53:32.190Z","level":"LOG","message":"🚀 Lokum Engine Running on port 3000"}
{"timestamp":"2026-07-23T18:14:01.490Z","level":"LOG","message":"◇ injected env (0) from .env // tip: ⌘ suppress logs { quiet: true }"}
{"timestamp":"2026-07-23T18:14:02.154Z","level":"LOG","message":"🚀 Lokum Engine Running on port 3000"}
{"timestamp":"2026-07-23T19:55:56.345Z","level":"LOG","message":"◇ injected env (0) from .env // tip: ⌘ enable debugging { debug: true }"}
{"timestamp":"2026-07-23T19:55:56.771Z","level":"LOG","message":"🚀 Lokum Engine Running on port 3000"}
{"timestamp":"2026-07-27T23:59:32.515Z","level":"LOG","message":"◇ injected env (0) from .env // tip: ⌁ auth for agents [www.vestauth.com]"}
{"timestamp":"2026-07-27T23:59:33.008Z","level":"LOG","message":"🚀 Lokum Engine Running on port 3000"}
{"timestamp":"2026-07-28T08:25:32.621Z","level":"LOG","message":"◇ injected env (0) from .env // tip: ⌘ enable debugging { debug: true }"}
{"timestamp":"2026-07-28T08:25:33.053Z","level":"LOG","message":"🚀 Lokum Engine Running on port 3000"}
{"timestamp":"2026-07-28T11:31:50.612Z","level":"LOG","message":"◇ injected env (0) from .env // tip: ⌘ override existing { override: true }"}
{"timestamp":"2026-07-28T11:31:50.976Z","level":"LOG","message":"🚀 Lokum Engine Running on port 3000"}
{"timestamp":"2026-07-28T12:16:31.442Z","level":"LOG","message":"◇ injected env (0) from .env // tip: ⌘ enable debugging { debug: true }"}
{"timestamp":"2026-07-28T12:16:31.834Z","level":"LOG","message":"🚀 Lokum Engine Running on port 3000"}
{"timestamp":"2026-07-28T17:59:21.840Z","level":"LOG","message":"◇ injected env (0) from .env // tip: ⌁ auth for agents [www.vestauth.com]"}
{"timestamp":"2026-07-28T17:59:22.180Z","level":"LOG","message":"🚀 Lokum Engine Running on port 3000"}
{"timestamp":"2026-07-28T18:27:56.014Z","level":"LOG","message":"◇ injected env (0) from .env // tip: ⌘ override existing { override: true }"}
{"timestamp":"2026-07-28T18:27:56.374Z","level":"LOG","message":"🚀 Lokum Engine Running on port 3000"}
{"timestamp":"2026-07-29T11:15:20.745Z","level":"LOG","message":"◇ injected env (0) from .env // tip: ⌘ enable debugging { debug: true }"}
{"timestamp":"2026-07-29T11:15:21.192Z","level":"LOG","message":"🚀 Lokum Engine Running on port 3000"}
{"timestamp":"2026-07-29T15:50:43.419Z","level":"LOG","message":"◇ injected env (0) from .env // tip: ⌘ custom filepath { path: '/custom/path/.env' }"}
{"timestamp":"2026-07-29T15:50:43.767Z","level":"LOG","message":"🚀 Lokum Engine Running on port 3000"}
{"timestamp":"2026-07-29T17:09:11.335Z","level":"LOG","message":"◇ injected env (0) from .env // tip: ⌘ custom filepath { path: '/custom/path/.env' }"}
{"timestamp":"2026-07-29T17:09:11.751Z","level":"LOG","message":"🚀 Lokum Engine Running on port 3000"}
{"timestamp":"2026-07-30T22:42:07.573Z","level":"LOG","message":"◇ injected env (0) from .env // tip: ◈ encrypted .env [www.dotenvx.com]"}
{"timestamp":"2026-07-30T22:42:08.013Z","level":"LOG","message":"🚀 Lokum Engine Running on port 3000"}
{"timestamp":"2026-07-31T01:04:15.419Z","level":"LOG","message":"◇ injected env (0) from .env // tip: ⌁ auth for agents [www.vestauth.com]"}
{"timestamp":"2026-07-31T01:04:15.829Z","level":"LOG","message":"🚀 Lokum Engine Running on port 3000"}
{"timestamp":"2026-08-03T07:38:57.872Z","level":"LOG","message":"◇ injected env (0) from .env // tip: ⌘ multiple files { path: ['.env.local', '.env'] }"}
{"timestamp":"2026-08-03T07:38:58.333Z","level":"LOG","message":"🚀 Lokum Engine Running on port 3000"}
{"timestamp":"2026-08-03T10:28:51.725Z","level":"LOG","message":"◇ injected env (0) from .env // tip: ⌘ override existing { override: true }"}
{"timestamp":"2026-08-03T10:28:52.073Z","level":"LOG","message":"🚀 Lokum Engine Running on port 3000"}
{"timestamp":"2026-08-03T16:27:10.421Z","level":"LOG","message":"◇ injected env (0) from .env // tip: ⌁ auth for agents [www.vestauth.com]"}
{"timestamp":"2026-08-03T16:27:10.894Z","level":"LOG","message":"🚀 Lokum Engine Running on port 3000"}
{"timestamp":"2026-08-03T20:22:50.286Z","level":"LOG","message":"◇ injected env (0) from .env // tip: ⌘ override existing { override: true }"}
{"timestamp":"2026-08-03T20:22:50.698Z","level":"LOG","message":"🚀 Lokum Engine Running on port 3000"}
{"timestamp":"2026-08-04T20:10:26.339Z","level":"LOG","message":"◇ injected env (0) from .env // tip: ⌁ auth for agents [www.vestauth.com]"}
{"timestamp":"2026-08-04T20:10:26.772Z","level":"LOG","message":"🚀 Lokum Engine Running on port 3000"}
{"timestamp":"2026-08-04T22:46:25.625Z","level":"LOG","message":"◇ injected env (0) from .env // tip: ⌘ enable debugging { debug: true }"}
{"timestamp":"2026-08-04T22:46:26.075Z","level":"LOG","message":"🚀 Lokum Engine Running on port 3000"}
{"timestamp":"2026-08-10T08:17:07.556Z","level":"LOG","message":"◇ injected env (0) from .env // tip: ◈ encrypted .env [www.dotenvx.com]"}
{"timestamp":"2026-08-10T08:17:08.120Z","level":"LOG","message":"🚀 Lokum Engine Running on port 3000"}
{"timestamp":"2026-08-10T12:32:51.953Z","level":"LOG","message":"◇ injected env (0) from .env // tip: ⌁ auth for agents [www.vestauth.com]"}
{"timestamp":"2026-08-10T12:32:52.346Z","level":"LOG","message":"🚀 Lokum Engine Running on port 3000"}
{"timestamp":"2026-08-10T13:48:57.623Z","level":"LOG","message":"◇ injected env (0) from .env // tip: ⌘ multiple files { path: ['.env.local', '.env'] }"}
{"timestamp":"2026-08-10T13:48:58.065Z","level":"LOG","message":"🚀 Lokum Engine Running on port 3000"}
{"timestamp":"2026-08-11T10:51:56.027Z","level":"LOG","message":"◇ injected env (0) from .env // tip: ⌁ auth for agents [www.vestauth.com]"}
{"timestamp":"2026-08-11T10:51:56.495Z","level":"LOG","message":"🚀 Lokum Engine Running on port 3000"}
{"timestamp":"2026-08-11T12:24:31.682Z","level":"LOG","message":"◇ injected env (0) from .env // tip: ⌘ override existing { override: true }"}
{"timestamp":"2026-08-11T12:24:32.020Z","level":"LOG","message":"🚀 Lokum Engine Running on port 3000"}
{"timestamp":"2026-08-11T13:51:57.539Z","level":"LOG","message":"◇ injected env (0) from .env // tip: ⌘ multiple files { path: ['.env.local', '.env'] }"}
{"timestamp":"2026-08-11T13:51:57.909Z","level":"LOG","message":"🚀 Lokum Engine Running on port 3000"}
{"timestamp":"2026-08-12T08:46:26.830Z","level":"LOG","message":"◇ injected env (0) from .env // tip: ⌘ custom filepath { path: '/custom/path/.env' }"}
{"timestamp":"2026-08-12T08:46:27.241Z","level":"LOG","message":"🚀 Lokum Engine Running on port 3000"}
{"timestamp":"2026-08-12T09:14:57.358Z","level":"LOG","message":"◇ injected env (0) from .env // tip: ⌘ custom filepath { path: '/custom/path/.env' }"}
{"timestamp":"2026-08-12T09:14:57.750Z","level":"LOG","message":"🚀 Lokum Engine Running on port 3000"}
{"timestamp":"2026-08-12T11:48:54.384Z","level":"LOG","message":"◇ injected env (0) from .env // tip: ⌘ custom filepath { path: '/custom/path/.env' }"}
{"timestamp":"2026-08-12T11:48:54.751Z","level":"LOG","message":"🚀 Lokum Engine Running on port 3000"}
{"timestamp":"2026-08-12T16:30:40.908Z","level":"LOG","message":"◇ injected env (0) from .env // tip: ◈ secrets for agents [www.dotenvx.com]"}
{"timestamp":"2026-08-12T16:30:41.374Z","level":"LOG","message":"🚀 Lokum Engine Running on port 3000"}
{"timestamp":"2026-08-16T18:18:28.232Z","level":"LOG","message":"◇ injected env (0) from .env // tip: ⌘ override existing { override: true }"}
{"timestamp":"2026-08-16T18:18:28.610Z","level":"LOG","message":"🚀 Lokum Engine Running on port 3000"}
{"timestamp":"2026-08-16T18:23:59.973Z","level":"LOG","message":"◇ injected env (0) from .env // tip: ◈ secrets for agents [www.dotenvx.com]"}
{"timestamp":"2026-08-16T18:24:00.262Z","level":"LOG","message":"🚀 Lokum Engine Running on port 3000"}
{"timestamp":"2026-08-16T21:10:47.648Z","level":"LOG","message":"◇ injected env (0) from .env // tip: ◈ encrypted .env [www.dotenvx.com]"}
{"timestamp":"2026-08-16T21:10:48.055Z","level":"LOG","message":"🚀 Lokum Engine Running on port 3000"}
{"timestamp":"2026-08-16T22:30:11.429Z","level":"LOG","message":"◇ injected env (0) from .env // tip: ⌘ override existing { override: true }"}
{"timestamp":"2026-08-16T22:30:11.844Z","level":"LOG","message":"🚀 Lokum Engine Running on port 3000"}
{"timestamp":"2026-08-18T01:51:07.101Z","level":"LOG","message":"◇ injected env (0) from .env // tip: ⌘ multiple files { path: ['.env.local', '.env'] }"}
{"timestamp":"2026-08-18T01:51:07.504Z","level":"LOG","message":"🚀 Lokum Engine Running on port 3000"}
{"timestamp":"2026-08-18T02:29:28.535Z","level":"LOG","message":"◇ injected env (0) from .env // tip: ⌘ multiple files { path: ['.env.local', '.env'] }"}
{"timestamp":"2026-08-18T02:29:28.860Z","level":"LOG","message":"🚀 Lokum Engine Running on port 3000"}
{"timestamp":"2026-08-19T12:19:47.846Z","level":"LOG","message":"◇ injected env (0) from .env // tip: ◈ secrets for agents [www.dotenvx.com]"}
{"timestamp":"2026-08-19T12:19:48.289Z","level":"LOG","message":"🚀 Lokum Engine Running on port 3000"}
{"timestamp":"2026-08-19T16:52:55.954Z","level":"LOG","message":"◇ injected env (0) from .env // tip: ⌘ enable debugging { debug: true }"}
{"timestamp":"2026-08-19T16:52:56.411Z","level":"LOG","message":"🚀 Lokum Engine Running on port 3000"}
{"timestamp":"2026-08-19T22:20:10.125Z","level":"LOG","message":"◇ injected env (0) from .env // tip: ⌘ override existing { override: true }"}
{"timestamp":"2026-08-19T22:20:10.538Z","level":"LOG","message":"🚀 Lokum Engine Running on port 3000"}
{"timestamp":"2026-08-20T00:03:17.865Z","level":"LOG","message":"◇ injected env (0) from .env // tip: ⌘ override existing { override: true }"}
{"timestamp":"2026-08-20T00:03:18.229Z","level":"LOG","message":"🚀 Lokum Engine Running on port 3000"}
{"timestamp":"2026-08-24T02:58:18.499Z","level":"LOG","message":"◇ injected env (0) from .env // tip: ⌘ multiple files { path: ['.env.local', '.env'] }"}
{"timestamp":"2026-08-24T02:58:18.917Z","level":"LOG","message":"🚀 Lokum Engine Running on port 3000"}
{"timestamp":"2026-08-24T06:36:43.167Z","level":"LOG","message":"◇ injected env (0) from .env // tip: ⌘ override existing { override: true }"}
{"timestamp":"2026-08-24T06:36:43.626Z","level":"LOG","message":"🚀 Lokum Engine Running on port 3000"}
{"timestamp":"2026-08-25T17:06:11.693Z","level":"LOG","message":"◇ injected env (0) from .env // tip: ⌘ enable debugging { debug: true }"}
{"timestamp":"2026-08-25T17:06:12.179Z","level":"LOG","message":"🚀 Lokum Engine Running on port 3000"}
{"timestamp":"2026-08-25T18:05:34.805Z","level":"LOG","message":"◇ injected env (0) from .env // tip: ⌁ auth for agents [www.vestauth.com]"}
{"timestamp":"2026-08-25T18:05:35.176Z","level":"LOG","message":"🚀 Lokum Engine Running on port 3000"}
{"timestamp":"2026-08-26T18:08:42.843Z","level":"LOG","message":"◇ injected env (0) from .env // tip: ◈ secrets for agents [www.dotenvx.com]"}
{"timestamp":"2026-08-26T18:08:43.207Z","level":"LOG","message":"🚀 Lokum Engine Running on port 3000"}
{"timestamp":"2026-08-26T19:17:00.108Z","level":"LOG","message":"◇ injected env (0) from .env // tip: ⌁ auth for agents [www.vestauth.com]"}
{"timestamp":"2026-08-26T19:17:00.584Z","level":"LOG","message":"🚀 Lokum Engine Running on port 3000"}
{"timestamp":"2026-08-27T16:10:33.113Z","level":"LOG","message":"◇ injected env (0) from .env // tip: ⌘ override existing { override: true }"}
{"timestamp":"2026-08-27T16:10:33.622Z","level":"LOG","message":"🚀 Lokum Engine Running on port 3000"}
{"timestamp":"2026-08-27T19:59:49.911Z","level":"LOG","message":"◇ injected env (0) from .env // tip: ◈ secrets for agents [www.dotenvx.com]"}
{"timestamp":"2026-08-27T19:59:50.436Z","level":"LOG","message":"🚀 Lokum Engine Running on port 3000"}
{"timestamp":"2026-08-28T21:15:01.849Z","level":"LOG","message":"◇ injected env (0) from .env // tip: ⌘ enable debugging { debug: true }"}
{"timestamp":"2026-08-28T21:15:02.335Z","level":"LOG","message":"🚀 Lokum Engine Running on port 3000"}
{"timestamp":"2026-08-28T21:25:53.184Z","level":"LOG","message":"◇ injected env (0) from .env // tip: ⌘ custom filepath { path: '/custom/path/.env' }"}
{"timestamp":"2026-08-28T21:25:53.479Z","level":"LOG","message":"🚀 Lokum Engine Running on port 3000"}
{"timestamp":"2026-09-01T13:53:38.328Z","level":"LOG","message":"◇ injected env (0) from .env // tip: ⌘ enable debugging { debug: true }"}
{"timestamp":"2026-09-01T13:53:38.782Z","level":"LOG","message":"🚀 Lokum Engine Running on port 3000"}
{"timestamp":"2026-09-01T18:41:05.430Z","level":"LOG","message":"◇ injected env (0) from .env // tip: ⌘ enable debugging { debug: true }"}
{"timestamp":"2026-09-01T18:41:05.842Z","level":"LOG","message":"🚀 Lokum Engine Running on port 3000"}
{"timestamp":"2026-09-02T04:22:58.493Z","level":"LOG","message":"◇ injected env (0) from .env // tip: ⌘ enable debugging { debug: true }"}
{"timestamp":"2026-09-02T04:22:58.911Z","level":"LOG","message":"🚀 Lokum Engine Running on port 3000"}
{"timestamp":"2026-09-02T04:43:29.606Z","level":"LOG","message":"◇ injected env (0) from .env // tip: ◈ secrets for agents [www.dotenvx.com]"}
{"timestamp":"2026-09-02T04:43:29.873Z","level":"LOG","message":"🚀 Lokum Engine Running on port 3000"}
{"timestamp":"2026-09-02T14:25:13.229Z","level":"LOG","message":"◇ injected env (0) from .env // tip: ⌁ auth for agents [www.vestauth.com]"}
{"timestamp":"2026-09-02T14:25:13.747Z","level":"LOG","message":"🚀 Lokum Engine Running on port 3000"}
{"timestamp":"2026-09-02T14:52:12.880Z","level":"LOG","message":"◇ injected env (0) from .env // tip: ⌘ custom filepath { path: '/custom/path/.env' }"}
{"timestamp":"2026-09-02T14:52:13.190Z","level":"LOG","message":"🚀 Lokum Engine Running on port 3000"}
{"timestamp":"2026-09-06T13:10:28.457Z","level":"LOG","message":"◇ injected env (0) from .env // tip: ◈ secrets for agents [www.dotenvx.com]"}
{"timestamp":"2026-09-06T13:10:28.905Z","level":"LOG","message":"🚀 Lokum Engine Running on port 3000"}
{"timestamp":"2026-09-06T13:22:59.181Z","level":"LOG","message":"◇ injected env (0) from .env // tip: ◈ encrypted .env [www.dotenvx.com]"}
{"timestamp":"2026-09-06T13:22:59.475Z","level":"LOG","message":"🚀 Lokum Engine Running on port 3000"}
{"timestamp":"2026-09-08T04:32:20.187Z","level":"LOG","message":"◇ injected env (0) from .env // tip: ◈ secrets for agents [www.dotenvx.com]"}
{"timestamp":"2026-09-08T04:32:20.626Z","level":"LOG","message":"🚀 Lokum Engine Running on port 3000"}
{"timestamp":"2026-09-08T07:00:08.316Z","level":"LOG","message":"◇ injected env (0) from .env // tip: ⌘ override existing { override: true }"}
{"timestamp":"2026-09-08T07:00:08.818Z","level":"LOG","message":"🚀 Lokum Engine Running on port 3000"}
{"timestamp":"2026-09-08T10:30:02.907Z","level":"LOG","message":"◇ injected env (0) from .env // tip: ⌘ suppress logs { quiet: true }"}
{"timestamp":"2026-09-08T10:30:03.338Z","level":"LOG","message":"🚀 Lokum Engine Running on port 3000"}
{"timestamp":"2026-09-08T12:37:50.996Z","level":"LOG","message":"◇ injected env (0) from .env // tip: ⌘ multiple files { path: ['.env.local', '.env'] }"}
{"timestamp":"2026-09-08T12:37:51.349Z","level":"LOG","message":"🚀 Lokum Engine Running on port 3000"}
{"timestamp":"2026-09-08T16:50:31.890Z","level":"LOG","message":"◇ injected env (0) from .env // tip: ⌘ override existing { override: true }"}
{"timestamp":"2026-09-08T16:50:32.294Z","level":"LOG","message":"🚀 Lokum Engine Running on port 3000"}
{"timestamp":"2026-09-09T04:53:16.113Z","level":"LOG","message":"◇ injected env (0) from .env // tip: ⌘ override existing { override: true }"}
{"timestamp":"2026-09-09T04:53:16.620Z","level":"LOG","message":"🚀 Lokum Engine Running on port 3000"}
{"timestamp":"2026-09-10T14:27:52.443Z","level":"LOG","message":"◇ injected env (0) from .env // tip: ⌘ suppress logs { quiet: true }"}
{"timestamp":"2026-09-10T14:27:52.890Z","level":"LOG","message":"🚀 Lokum Engine Running on port 3000"}
{"timestamp":"2026-09-10T15:54:08.227Z","level":"LOG","message":"◇ injected env (0) from .env // tip: ◈ secrets for agents [www.dotenvx.com]"}
{"timestamp":"2026-09-10T15:54:08.519Z","level":"LOG","message":"🚀 Lokum Engine Running on port 3000"}
{"timestamp":"2026-09-10T16:24:26.733Z","level":"LOG","message":"◇ injected env (0) from .env // tip: ◈ encrypted .env [www.dotenvx.com]"}
{"timestamp":"2026-09-10T16:24:27.025Z","level":"LOG","message":"🚀 Lokum Engine Running on port 3000"}
{"timestamp":"2026-09-11T12:18:02.941Z","level":"LOG","message":"◇ injected env (0) from .env // tip: ◈ secrets for agents [www.dotenvx.com]"}
{"timestamp":"2026-09-11T12:18:03.520Z","level":"LOG","message":"🚀 Lokum Engine Running on port 3000"}
{"timestamp":"2026-09-11T12:26:24.452Z","level":"LOG","message":"◇ injected env (0) from .env // tip: ⌁ auth for agents [www.vestauth.com]"}
{"timestamp":"2026-09-11T12:26:24.738Z","level":"LOG","message":"🚀 Lokum Engine Running on port 3000"}
{"timestamp":"2026-09-11T17:42:05.255Z","level":"LOG","message":"◇ injected env (0) from .env // tip: ◈ encrypted .env [www.dotenvx.com]"}
{"timestamp":"2026-09-11T17:42:05.764Z","level":"LOG","message":"🚀 Lokum Engine Running on port 3000"}
{"timestamp":"2026-09-11T21:06:18.195Z","level":"LOG","message":"◇ injected env (0) from .env // tip: ⌘ custom filepath { path: '/custom/path/.env' }"}
{"timestamp":"2026-09-11T21:06:18.560Z","level":"LOG","message":"🚀 Lokum Engine Running on port 3000"}
{"timestamp":"2026-09-11T22:44:09.703Z","level":"LOG","message":"◇ injected env (0) from .env // tip: ⌘ multiple files { path: ['.env.local', '.env'] }"}
{"timestamp":"2026-09-11T22:44:10.161Z","level":"LOG","message":"🚀 Lokum Engine Running on port 3000"}
{"timestamp":"2026-09-14T18:59:51.779Z","level":"LOG","message":"◇ injected env (0) from .env // tip: ⌘ custom filepath { path: '/custom/path/.env' }"}
{"timestamp":"2026-09-14T18:59:52.146Z","level":"LOG","message":"🚀 Lokum Engine Running on port 3000"}
{"timestamp":"2026-09-14T19:08:03.808Z","level":"LOG","message":"◇ injected env (0) from .env // tip: ⌘ suppress logs { quiet: true }"}
{"timestamp":"2026-09-14T19:08:04.141Z","level":"LOG","message":"🚀 Lokum Engine Running on port 3000"}
{"timestamp":"2026-09-14T22:58:55.088Z","level":"LOG","message":"◇ injected env (0) from .env // tip: ⌘ multiple files { path: ['.env.local', '.env'] }"}
{"timestamp":"2026-09-14T22:58:55.541Z","level":"LOG","message":"🚀 Lokum Engine Running on port 3000"}
{"timestamp":"2026-09-15T00:46:28.860Z","level":"LOG","message":"◇ injected env (0) from .env // tip: ◈ secrets for agents [www.dotenvx.com]"}
{"timestamp":"2026-09-15T00:46:29.154Z","level":"LOG","message":"🚀 Lokum Engine Running on port 3000"}
{"timestamp":"2026-09-15T06:33:05.962Z","level":"LOG","message":"◇ injected env (0) from .env // tip: ◈ secrets for agents [www.dotenvx.com]"}
{"timestamp":"2026-09-15T06:33:06.408Z","level":"LOG","message":"🚀 Lokum Engine Running on port 3000"}
{"timestamp":"2026-09-15T11:16:17.487Z","level":"LOG","message":"◇ injected env (0) from .env // tip: ⌘ custom filepath { path: '/custom/path/.env' }"}
{"timestamp":"2026-09-15T11:16:17.927Z","level":"LOG","message":"🚀 Lokum Engine Running on port 3000"}
{"timestamp":"2026-09-15T17:18:28.781Z","level":"LOG","message":"◇ injected env (0) from .env // tip: ⌘ override existing { override: true }"}
{"timestamp":"2026-09-15T17:18:29.288Z","level":"LOG","message":"🚀 Lokum Engine Running on port 3000"}
{"timestamp":"2026-09-15T18:39:39.924Z","level":"LOG","message":"◇ injected env (0) from .env // tip: ◈ secrets for agents [www.dotenvx.com]"}
{"timestamp":"2026-09-15T18:39:40.241Z","level":"LOG","message":"🚀 Lokum Engine Running on port 3000"}
{"timestamp":"2026-09-16T19:44:15.073Z","level":"LOG","message":"◇ injected env (0) from .env // tip: ◈ encrypted .env [www.dotenvx.com]"}
{"timestamp":"2026-09-16T19:44:15.543Z","level":"LOG","message":"🚀 Lokum Engine Running on port 3000"}
{"timestamp":"2026-09-16T20:37:53.830Z","level":"LOG","message":"◇ injected env (0) from .env // tip: ⌘ custom filepath { path: '/custom/path/.env' }"}
{"timestamp":"2026-09-16T20:37:54.169Z","level":"LOG","message":"🚀 Lokum Engine Running on port 3000"}
{"timestamp":"2026-09-16T22:07:18.120Z","level":"LOG","message":"◇ injected env (0) from .env // tip: ⌘ override existing { override: true }"}
{"timestamp":"2026-09-16T22:07:18.513Z","level":"LOG","message":"🚀 Lokum Engine Running on port 3000"}
{"timestamp":"2026-09-16T23:32:40.901Z","level":"LOG","message":"◇ injected env (0) from .env // tip: ⌘ override existing { override: true }"}
{"timestamp":"2026-09-16T23:32:41.309Z","level":"LOG","message":"🚀 Lokum Engine Running on port 3000"}
{"timestamp":"2026-09-17T20:51:44.336Z","level":"LOG","message":"◇ injected env (0) from .env // tip: ⌘ custom filepath { path: '/custom/path/.env' }"}
{"timestamp":"2026-09-17T20:51:44.766Z","level":"LOG","message":"🚀 Lokum Engine Running on port 3000"}
{"timestamp":"2026-09-17T23:51:17.708Z","level":"LOG","message":"◇ injected env (0) from .env // tip: ⌘ custom filepath { path: '/custom/path/.env' }"}
{"timestamp":"2026-09-17T23:51:18.096Z","level":"LOG","message":"🚀 Lokum Engine Running on port 3000"}
{"timestamp":"2026-09-18T03:33:15.559Z","level":"LOG","message":"◇ injected env (0) from .env // tip: ⌘ override existing { override: true }"}
{"timestamp":"2026-09-18T03:33:15.947Z","level":"LOG","message":"🚀 Lokum Engine Running on port 3000"}
